date,ts_code,open,high,low,close,pre_close,change,p_change,volume,amount,date,date.1
2019-12-16,000016.SZ,4.36,4.51,4.26,4.39,4.3,0.08999999999999986,2.09,693906.36,305665.334,20191216,
2019-12-17,000016.SZ,4.37,4.49,4.34,4.42,4.39,0.03000000000000025,0.68,547378.49,242767.302,20191217,
2019-12-18,000016.SZ,4.4,4.62,4.39,4.6,4.42,0.17999999999999972,4.07,708835.97,322134.475,20191218,
2019-12-19,000016.SZ,4.57,4.7,4.52,4.54,4.6,-0.05999999999999961,-1.3,468910.39,216792.378,20191219,
2019-12-20,000016.SZ,4.49,4.56,4.43,4.45,4.54,-0.08999999999999986,-1.98,304796.9,137798.806,20191220,
2019-12-23,000016.SZ,4.44,4.54,4.36,4.39,4.45,-0.0600000000000005,-1.35,285654.2,127935.721,20191223,
2019-12-24,000016.SZ,4.39,4.45,4.36,4.44,4.39,0.05000000000000071,1.14,159458.07,70805.988,20191224,
2019-12-25,000016.SZ,4.43,4.45,4.37,4.41,4.44,-0.03000000000000025,-0.68,151138.85,67138.479,20191225,
2019-12-26,000016.SZ,4.41,4.52,4.39,4.45,4.41,0.040000000000000036,0.91,204094.66,91536.215,20191226,
2019-12-27,000016.SZ,4.46,4.47,4.33,4.34,4.45,-0.11000000000000032,-2.47,251358.72,111573.131,20191227,
2019-12-30,000016.SZ,4.32,4.38,4.26,4.36,4.34,0.020000000000000462,0.46,214099.07,93468.187,20191230,
2019-12-31,000016.SZ,4.36,4.39,4.27,4.34,4.36,-0.020000000000000462,-0.46,238034.71,103970.494,20191231,
2020-01-02,000016.SZ,4.37,4.5,4.36,4.43,4.34,0.08999999999999986,2.07,275211.92,122819.66,20200102,
2020-01-03,000016.SZ,4.44,4.49,4.4,4.43,4.43,0.0,0.0,273771.59,122290.316,20200103,
2020-01-06,000016.SZ,4.41,4.43,4.32,4.38,4.43,-0.04999999999999982,-1.13,346418.17,152399.777,20200106,
2020-01-07,000016.SZ,4.39,4.48,4.38,4.47,4.38,0.08999999999999986,2.05,358611.29,160050.553,20200107,
2020-01-08,000016.SZ,4.43,4.6,4.41,4.45,4.47,-0.019999999999999574,-0.45,483017.31,218255.967,20200108,
2020-01-09,000016.SZ,4.46,4.55,4.44,4.48,4.45,0.03000000000000025,0.67,333418.57,150750.076,20200109,
2020-01-10,000016.SZ,4.48,4.5,4.42,4.45,4.48,-0.03000000000000025,-0.67,187605.0,84016.353,20200110,
2020-01-13,000016.SZ,4.41,4.45,4.34,4.42,4.45,-0.03000000000000025,-0.67,239276.33,105605.197,20200113,
2020-01-14,000016.SZ,4.42,4.52,4.39,4.5,4.42,0.08000000000000007,1.81,426168.08,191467.727,20200114,
2020-01-15,000016.SZ,4.48,4.83,4.48,4.67,4.5,0.16999999999999993,3.78,830597.41,390350.12,20200115,
2020-01-16,000016.SZ,4.71,4.73,4.62,4.66,4.67,-0.009999999999999787,-0.21,368960.03,173165.003,20200116,
2020-01-17,000016.SZ,4.68,4.7,4.52,4.55,4.66,-0.11000000000000032,-2.36,281453.36,130340.016,20200117,
2020-01-20,000016.SZ,4.55,4.65,4.45,4.62,4.55,0.07000000000000028,1.54,296576.87,136071.482,20200120,
2020-01-21,000016.SZ,4.57,4.63,4.51,4.57,4.62,-0.04999999999999982,-1.08,224774.04,103409.666,20200121,
2020-01-22,000016.SZ,4.51,4.75,4.49,4.71,4.57,0.13999999999999968,3.06,376935.82,176548.854,20200122,
2020-01-23,000016.SZ,4.77,5.18,4.71,5.18,4.71,0.46999999999999975,9.98,1373991.53,706140.53,20200123,
2020-02-03,000016.SZ,4.66,5.06,4.66,4.66,5.18,-0.5199999999999996,-10.04,1400519.65,681661.316,20200203,
2020-02-04,000016.SZ,4.87,5.13,4.77,5.13,4.66,0.46999999999999975,10.09,714898.37,360163.807,20200204,
2020-02-05,000016.SZ,5.64,5.64,5.64,5.64,5.13,0.5099999999999998,9.94,44843.13,25470.897,20200205,
2020-02-06,000016.SZ,6.21,6.21,6.21,6.21,5.64,0.5700000000000003,10.11,90286.7,56429.187,20200206,
2020-02-07,000016.SZ,6.84,6.84,6.84,6.84,6.21,0.6299999999999999,10.14,107075.56,73667.985,20200207,
2020-02-10,000016.SZ,7.52,7.52,7.07,7.52,6.84,0.6799999999999997,9.94,4140560.1,3106120.173,20200210,
2020-02-11,000016.SZ,7.28,8.28,7.15,7.96,7.52,0.4400000000000004,5.85,4389177.84,3384072.113,20200211,
2020-02-12,000016.SZ,7.7,8.75,7.55,8.75,7.96,0.79,9.92,2041383.38,1683132.35,20200212,
2020-02-13,000016.SZ,9.34,9.63,8.18,8.2,8.75,-0.5500000000000007,-6.29,4728225.41,4308677.035,20200213,
2020-02-14,000016.SZ,8.55,8.64,7.86,8.4,8.2,0.20000000000000107,2.44,3133297.64,2628578.295,20200214,
2020-02-17,000016.SZ,8.2,8.41,7.96,8.26,8.4,-0.14000000000000057,-1.67,2262083.59,1867632.87,20200217,
2020-02-18,000016.SZ,8.2,9.08,8.16,9.08,8.26,0.8200000000000003,9.93,2740423.86,2370180.369,20200218,
2020-02-19,000016.SZ,9.07,9.99,8.94,9.53,9.08,0.4499999999999993,4.96,3838551.91,3732788.913,20200219,
2020-02-20,000016.SZ,9.91,10.48,9.74,10.48,9.53,0.9500000000000011,9.97,2220016.75,2259186.486,20200220,
2020-02-21,000016.SZ,11.23,11.54,10.82,11.54,10.48,1.0599999999999987,10.11,3523031.45,4028088.266,20200221,
2020-02-24,000016.SZ,11.14,11.49,10.38,10.9,11.54,-0.6399999999999988,-5.55,2995155.69,3264687.489,20200224,
2020-02-25,000016.SZ,10.24,10.42,9.81,10.03,10.9,-0.870000000000001,-7.98,3205576.67,3241089.729,20200225,
2020-02-26,000016.SZ,9.93,10.47,9.79,9.95,10.03,-0.08000000000000007,-0.8,2319728.26,2366439.506,20200226,
2020-02-27,000016.SZ,9.64,9.64,8.95,8.96,9.95,-0.9899999999999984,-9.95,2332861.1,2133574.515,20200227,
2020-02-28,000016.SZ,8.55,9.86,8.29,9.6,8.96,0.6399999999999988,7.14,3416318.7,3140829.904,20200228,
2020-03-02,000016.SZ,9.78,10.48,9.54,10.03,9.6,0.4299999999999997,4.48,3187751.05,3190665.489,20200302,
2020-03-03,000016.SZ,10.04,11.03,9.74,10.77,10.03,0.7400000000000002,7.38,3503334.2,3628493.953,20200303,
2020-03-04,000016.SZ,10.43,10.71,9.83,9.95,10.77,-0.8200000000000003,-7.61,2423401.01,2491544.403,20200304,
2020-03-05,000016.SZ,9.94,10.94,9.57,10.94,9.95,0.9900000000000002,9.95,3247750.86,3393616.517,20200305,
2020-03-06,000016.SZ,10.83,12.03,10.68,11.41,10.94,0.47000000000000064,4.3,3577055.65,4131807.719,20200306,
2020-03-09,000016.SZ,11.18,12.16,10.53,11.18,11.41,-0.23000000000000043,-2.02,2976088.92,3460806.906,20200309,
2020-03-10,000016.SZ,11.34,12.3,11.12,12.3,11.18,1.120000000000001,10.02,3768673.1,4521269.184,20200310,
2020-03-11,000016.SZ,12.52,13.52,12.23,12.5,12.3,0.1999999999999993,1.63,3771520.55,4875212.47,20200311,
2020-03-12,000016.SZ,11.66,12.47,11.25,11.36,12.5,-1.1400000000000006,-9.12,3075127.27,3614133.381,20200312,
2020-03-13,000016.SZ,10.72,11.19,10.22,10.27,11.36,-1.0899999999999999,-9.6,3210690.95,3436706.74,20200313,
2020-03-16,000016.SZ,10.43,10.72,9.64,9.98,10.27,-0.28999999999999915,-2.82,2652269.46,2715992.601,20200316,
2020-03-17,000016.SZ,10.23,10.61,9.96,10.31,9.98,0.33000000000000007,3.31,2314279.31,2390402.735,20200317,
2020-03-18,000016.SZ,10.23,10.62,9.89,9.94,10.31,-0.370000000000001,-3.59,2193180.4,2261704.88,20200318,
2020-03-19,000016.SZ,9.83,10.0,9.05,9.52,9.94,-0.41999999999999993,-4.23,2371876.36,2274894.649,20200319,
2020-03-20,000016.SZ,9.64,9.73,8.87,9.11,9.52,-0.41000000000000014,-4.31,1911629.62,1776740.548,20200320,
2020-03-23,000016.SZ,8.75,9.43,8.58,9.0,9.11,-0.10999999999999943,-1.21,1816334.46,1634192.631,20200323,
2020-03-24,000016.SZ,9.18,9.18,8.16,8.72,9.0,-0.27999999999999936,-3.11,1781700.75,1566543.394,20200324,
2020-03-25,000016.SZ,8.93,9.16,8.75,8.86,8.72,0.1399999999999988,1.61,1435724.85,1292201.077,20200325,
2020-03-26,000016.SZ,8.65,9.03,8.54,8.59,8.86,-0.2699999999999996,-3.05,1301312.5,1142894.8,20200326,
2020-03-27,000016.SZ,8.73,8.89,8.46,8.46,8.59,-0.129999999999999,-1.51,1298791.8,1130166.853,20200327,
2020-03-30,000016.SZ,8.28,8.5,7.91,8.24,8.46,-0.22000000000000064,-2.6,1449607.46,1194128.512,20200330,
2020-03-31,000016.SZ,8.38,8.56,8.15,8.3,8.24,0.0600000000000005,0.73,1522667.09,1283262.304,20200331,
2020-04-01,000016.SZ,8.23,9.04,8.13,8.62,8.3,0.3199999999999985,3.86,1953139.99,1696934.387,20200401,
2020-04-02,000016.SZ,8.53,9.23,8.51,9.04,8.62,0.41999999999999993,4.87,1792624.29,1584630.266,20200402,
2020-04-03,000016.SZ,8.84,8.92,8.41,8.54,9.04,-0.5,-5.53,1503974.28,1312226.867,20200403,
2020-04-07,000016.SZ,8.74,8.88,8.6,8.69,8.54,0.15000000000000036,1.76,1384998.14,1215525.553,20200407,
2020-04-08,000016.SZ,8.61,8.88,8.48,8.77,8.69,0.08000000000000007,0.92,1423193.48,1246077.215,20200408,
2020-04-09,000016.SZ,8.81,8.83,8.6,8.62,8.77,-0.15000000000000036,-1.71,1133517.63,993012.812,20200409,
2020-04-10,000016.SZ,8.56,8.56,7.8,7.87,8.62,-0.7499999999999991,-8.7,1491024.69,1221205.504,20200410,
2020-04-13,000016.SZ,7.67,7.91,7.42,7.8,7.87,-0.07000000000000028,-0.89,1265915.48,973241.589,20200413,
2020-04-14,000016.SZ,7.77,8.0,7.71,7.94,7.8,0.14000000000000057,1.79,984247.28,776033.584,20200414,
2020-04-15,000016.SZ,7.69,8.02,7.58,7.74,7.94,-0.20000000000000018,-2.52,1278305.8,1002354.962,20200415,
2020-04-16,000016.SZ,7.7,7.78,7.53,7.65,7.74,-0.08999999999999986,-1.16,889028.25,684314.95,20200416,
2020-04-17,000016.SZ,7.79,7.95,7.32,7.35,7.65,-0.3000000000000007,-3.92,1987951.94,1527072.218,20200417,
2020-04-20,000016.SZ,7.27,7.7,7.21,7.57,7.35,0.22000000000000064,2.99,1434476.34,1080237.106,20200420,
2020-04-21,000016.SZ,7.58,7.77,7.45,7.53,7.57,-0.040000000000000036,-0.53,1175752.36,898523.461,20200421,
2020-04-22,000016.SZ,7.42,7.65,7.39,7.61,7.53,0.08000000000000007,1.06,904818.01,685217.822,20200422,
2020-04-23,000016.SZ,7.58,7.59,7.21,7.25,7.61,-0.3600000000000003,-4.73,1082994.33,802958.618,20200423,
2020-04-24,000016.SZ,7.25,7.31,6.95,7.04,7.25,-0.20999999999999996,-2.9,870923.91,623101.897,20200424,
2020-04-27,000016.SZ,7.08,7.12,6.92,7.02,7.04,-0.020000000000000462,-0.28,490921.65,346657.687,20200427,
2020-04-28,000016.SZ,7.0,7.16,6.68,7.02,7.02,0.0,0.0,957807.25,670744.117,20200428,
2020-04-29,000016.SZ,7.06,7.07,6.79,6.79,7.02,-0.22999999999999954,-3.28,645703.13,448271.642,20200429,
2020-04-30,000016.SZ,6.85,7.46,6.79,7.46,6.79,0.6699999999999999,9.87,1169115.22,857305.916,20200430,
2020-05-06,000016.SZ,7.53,7.72,7.31,7.69,7.46,0.23000000000000043,3.08,2034156.87,1541713.303,20200506,
2020-05-07,000016.SZ,7.63,7.64,7.33,7.35,7.69,-0.34000000000000075,-4.42,1249408.76,936856.782,20200507,
2020-05-08,000016.SZ,7.34,7.63,7.31,7.53,7.35,0.1800000000000006,2.45,1293176.82,973338.86,20200508,
2020-05-11,000016.SZ,7.48,7.66,7.43,7.48,7.53,-0.04999999999999982,-0.66,990046.03,751736.402,20200511,
2020-05-12,000016.SZ,7.42,7.85,7.33,7.75,7.48,0.2699999999999996,3.61,1390479.77,1066830.591,20200512,
2020-05-13,000016.SZ,7.65,7.65,7.5,7.55,7.75,-0.20000000000000018,-2.58,844755.88,643508.355,20200513,
2020-05-14,000016.SZ,7.45,7.67,7.42,7.5,7.55,-0.04999999999999982,-0.66,704249.53,535413.862,20200514,
2020-05-15,000016.SZ,7.55,8.26,7.51,8.07,7.5,0.5700000000000003,7.6,2391200.49,1925761.068,20200515,
2020-05-18,000016.SZ,8.07,8.1,7.46,7.5,8.07,-0.5700000000000003,-7.06,1862387.15,1464772.009,20200518,
2020-05-19,000016.SZ,7.6,7.73,7.44,7.7,7.5,0.20000000000000018,2.67,999464.49,766125.152,20200519,
2020-05-20,000016.SZ,7.64,8.07,7.54,7.85,7.7,0.14999999999999947,1.95,1389840.83,1091480.931,20200520,
2020-05-21,000016.SZ,7.81,7.86,7.33,7.39,7.85,-0.45999999999999996,-5.86,1115958.82,851246.282,20200521,
2020-05-22,000016.SZ,7.34,7.4,6.99,7.0,7.39,-0.3899999999999997,-5.28,818760.62,589555.612,20200522,
2020-05-25,000016.SZ,6.97,6.97,6.54,6.6,7.0,-0.40000000000000036,-5.71,792386.48,536049.482,20200525,
2020-05-26,000016.SZ,6.67,6.81,6.59,6.81,6.6,0.20999999999999996,3.18,600186.8,406054.485,20200526,
2020-05-27,000016.SZ,6.8,6.84,6.52,6.58,6.81,-0.22999999999999954,-3.38,608044.55,406295.565,20200527,
2020-05-28,000016.SZ,6.56,6.61,6.3,6.45,6.58,-0.1299999999999999,-1.98,593866.66,385025.593,20200528,
2020-05-29,000016.SZ,6.4,6.71,6.4,6.53,6.45,0.08000000000000007,1.24,528419.64,349717.203,20200529,
2020-06-01,000016.SZ,6.57,6.91,6.57,6.86,6.53,0.33000000000000007,5.05,768133.45,524741.982,20200601,
2020-06-02,000016.SZ,6.86,7.2,6.79,7.02,6.86,0.15999999999999925,2.33,988194.59,696973.807,20200602,
2020-06-03,000016.SZ,7.01,7.2,6.86,6.98,7.02,-0.03999999999999915,-0.57,839133.21,591752.233,20200603,
2020-06-04,000016.SZ,7.02,7.13,6.89,6.9,6.98,-0.08000000000000007,-1.15,508941.41,357556.468,20200604,
2020-06-05,000016.SZ,6.95,7.13,6.88,7.06,6.9,0.15999999999999925,2.32,699949.07,494471.216,20200605,
2020-06-08,000016.SZ,7.14,7.39,7.06,7.28,7.06,0.22000000000000064,3.12,941979.51,687914.598,20200608,
2020-06-09,000016.SZ,7.22,7.32,7.01,7.16,7.28,-0.1200000000000001,-1.65,721852.72,519812.502,20200609,
2020-06-10,000016.SZ,7.13,7.23,6.97,7.08,7.16,-0.08000000000000007,-1.12,505177.24,358873.18,20200610,
2020-06-11,000016.SZ,7.06,7.17,6.93,6.96,7.08,-0.1200000000000001,-1.69,524732.15,372309.732,20200611,
2020-06-12,000016.SZ,6.71,6.95,6.66,6.92,6.96,-0.040000000000000036,-0.57,549375.82,376995.339,20200612,
2020-06-15,000016.SZ,6.84,6.97,6.66,6.68,6.92,-0.2400000000000002,-3.47,497844.17,340598.887,20200615,
2020-06-16,000016.SZ,6.74,6.89,6.72,6.82,6.68,0.14000000000000057,2.1,432329.17,295872.251,20200616,
2020-06-17,000016.SZ,6.89,6.89,6.65,6.75,6.82,-0.07000000000000028,-1.03,438214.0,297674.557,20200617,
2020-06-18,000016.SZ,6.72,6.99,6.66,6.85,6.75,0.09999999999999964,1.48,640365.14,442280.385,20200618,
2020-06-19,000016.SZ,6.91,6.95,6.76,6.84,6.85,-0.009999999999999787,-0.15,425899.08,293758.425,20200619,
2020-06-22,000016.SZ,6.93,7.19,6.89,7.01,6.84,0.16999999999999993,2.49,803020.65,567234.682,20200622,
2020-06-23,000016.SZ,6.97,6.97,6.78,6.79,7.01,-0.21999999999999975,-3.14,543114.53,374400.902,20200623,
2020-06-24,000016.SZ,6.81,7.01,6.74,6.89,6.79,0.09999999999999964,1.47,556204.43,384506.095,20200624,
2020-06-29,000016.SZ,6.83,6.84,6.6,6.68,6.89,-0.20999999999999996,-3.05,486889.8,328126.378,20200629,
2020-06-30,000016.SZ,6.73,6.77,6.65,6.72,6.68,0.040000000000000036,0.6,362820.0,245049.538,20200630,
2020-07-01,000016.SZ,6.72,6.94,6.7,6.88,6.72,0.16000000000000014,2.38,717181.0,493666.073,20200701,
2020-07-02,000016.SZ,6.91,7.56,6.87,7.29,6.88,0.41000000000000014,5.96,1588566.09,1166010.133,20200702,
2020-07-03,000016.SZ,7.18,7.48,7.17,7.32,7.29,0.03000000000000025,0.41,1228022.96,904087.486,20200703,
2020-07-06,000016.SZ,7.35,7.87,7.33,7.71,7.32,0.3899999999999997,5.33,1202771.29,922746.853,20200706,
2020-07-07,000016.SZ,7.8,8.03,7.65,7.71,7.71,0.0,0.0,1466303.74,1159971.785,20200707,
2020-07-08,000016.SZ,7.66,7.88,7.58,7.84,7.71,0.1299999999999999,1.69,1095092.12,852392.902,20200708,
2020-07-09,000016.SZ,7.85,8.38,7.82,8.27,7.84,0.4299999999999997,5.48,1522948.18,1238174.28,20200709,
2020-07-10,000016.SZ,8.23,8.66,8.03,8.42,8.27,0.15000000000000036,1.81,1561224.85,1316379.462,20200710,
2020-07-13,000016.SZ,8.42,8.88,8.2,8.88,8.42,0.46000000000000085,5.46,1490994.32,1277462.753,20200713,
2020-07-14,000016.SZ,9.08,9.19,8.4,8.65,8.88,-0.23000000000000043,-2.59,1423616.76,1244125.659,20200714,
2020-07-15,000016.SZ,8.48,8.59,7.79,7.8,8.65,-0.8500000000000005,-9.83,1551627.74,1256396.647,20200715,
2020-07-16,000016.SZ,7.72,7.98,7.31,7.4,7.8,-0.39999999999999947,-5.13,881935.71,676559.528,20200716,
2020-07-17,000016.SZ,7.4,7.52,7.16,7.29,7.4,-0.11000000000000032,-1.49,630698.18,463039.809,20200717,
2020-07-20,000016.SZ,7.36,7.75,7.31,7.73,7.29,0.4400000000000004,6.04,682628.12,515151.864,20200720,
2020-07-21,000016.SZ,7.69,8.06,7.64,7.89,7.73,0.15999999999999925,2.07,783782.96,614381.019,20200721,
2020-07-22,000016.SZ,7.78,7.95,7.7,7.77,7.89,-0.1200000000000001,-1.52,600209.3,467813.547,20200722,
2020-07-23,000016.SZ,7.67,7.72,7.32,7.6,7.77,-0.16999999999999993,-2.19,644330.07,484054.969,20200723,
2020-07-24,000016.SZ,7.53,7.62,6.95,7.04,7.6,-0.5599999999999996,-7.37,663694.09,481749.588,20200724,
2020-07-27,000016.SZ,7.1,7.13,6.84,6.91,7.04,-0.1299999999999999,-1.85,394239.0,274369.364,20200727,
2020-07-28,000016.SZ,6.95,7.07,6.95,7.04,6.91,0.1299999999999999,1.88,303727.29,213358.844,20200728,
2020-07-29,000016.SZ,7.02,7.33,6.98,7.28,7.04,0.2400000000000002,3.41,409871.3,294640.709,20200729,
2020-07-30,000016.SZ,7.28,7.32,7.11,7.12,7.28,-0.16000000000000014,-2.2,393371.97,282284.716,20200730,
2020-07-31,000016.SZ,7.18,7.36,7.13,7.22,7.12,0.09999999999999964,1.4,434024.93,314252.917,20200731,
2020-08-03,000016.SZ,7.27,7.54,7.26,7.53,7.22,0.3100000000000005,4.29,589086.94,439862.733,20200803,
2020-08-04,000016.SZ,7.53,7.86,7.44,7.67,7.53,0.13999999999999968,1.86,743957.25,570471.473,20200804,
2020-08-05,000016.SZ,7.95,8.0,7.63,7.68,7.67,0.009999999999999787,0.13,656552.0,510755.949,20200805,
2020-08-06,000016.SZ,7.66,7.7,7.42,7.49,7.68,-0.1899999999999995,-2.47,644128.38,484144.595,20200806,
2020-08-07,000016.SZ,7.51,7.62,7.15,7.22,7.49,-0.27000000000000046,-3.6,546690.21,400485.748,20200807,
2020-08-10,000016.SZ,7.19,7.43,7.12,7.36,7.22,0.14000000000000057,1.94,407421.75,297361.225,20200810,
2020-08-11,000016.SZ,7.29,7.36,7.08,7.11,7.36,-0.25,-3.4,399577.29,289066.709,20200811,
2020-08-12,000016.SZ,7.13,7.19,6.9,7.08,7.11,-0.03000000000000025,-0.42,429864.71,301240.672,20200812,
2020-08-13,000016.SZ,7.07,7.13,7.02,7.03,7.08,-0.04999999999999982,-0.71,269387.2,190570.432,20200813,
2020-08-14,000016.SZ,7.0,7.09,6.98,7.08,7.03,0.04999999999999982,0.71,234740.01,165564.528,20200814,
2020-08-17,000016.SZ,7.11,7.34,7.06,7.24,7.08,0.16000000000000014,2.26,402360.43,290232.135,20200817,
2020-08-18,000016.SZ,7.79,7.96,7.79,7.96,7.24,0.7199999999999998,9.94,531562.03,420874.729,20200818,
2020-08-19,000016.SZ,8.0,8.24,7.5,7.54,7.96,-0.41999999999999993,-5.28,1531104.74,1205970.012,20200819,
2020-08-20,000016.SZ,7.5,7.79,7.43,7.56,7.54,0.019999999999999574,0.27,680685.71,517926.404,20200820,
2020-08-21,000016.SZ,7.56,7.66,7.38,7.43,7.56,-0.1299999999999999,-1.72,511920.65,383346.191,20200821,
2020-08-24,000016.SZ,7.45,7.49,7.24,7.4,7.43,-0.02999999999999936,-0.4,384624.15,283377.953,20200824,
2020-08-25,000016.SZ,7.36,7.42,7.18,7.24,7.4,-0.16000000000000014,-2.16,434015.22,316448.479,20200825,
2020-08-26,000016.SZ,7.21,7.24,7.01,7.04,7.24,-0.20000000000000018,-2.76,382477.72,271409.626,20200826,
2020-08-27,000016.SZ,7.05,7.17,7.0,7.12,7.04,0.08000000000000007,1.14,297628.76,211134.209,20200827,
2020-08-28,000016.SZ,7.08,7.2,7.06,7.18,7.12,0.05999999999999961,0.84,293645.3,209302.704,20200828,
2020-08-31,000016.SZ,7.2,7.29,7.14,7.15,7.18,-0.02999999999999936,-0.42,327189.02,236079.102,20200831,
2020-09-01,000016.SZ,7.15,7.17,7.0,7.11,7.15,-0.040000000000000036,-0.56,282610.6,199815.747,20200901,
2020-09-02,000016.SZ,7.11,7.2,7.07,7.15,7.11,0.040000000000000036,0.56,318576.65,226791.152,20200902,
2020-09-03,000016.SZ,7.14,7.14,7.05,7.08,7.15,-0.07000000000000028,-0.98,235481.67,166662.071,20200903,
2020-09-04,000016.SZ,7.0,7.43,6.91,7.35,7.08,0.2699999999999996,3.81,742101.27,539482.967,20200904,
2020-09-07,000016.SZ,7.37,7.55,7.14,7.17,7.35,-0.17999999999999972,-2.45,665705.61,491074.546,20200907,
2020-09-08,000016.SZ,7.17,7.2,7.01,7.11,7.17,-0.05999999999999961,-0.84,379008.06,268635.845,20200908,
2020-09-09,000016.SZ,7.05,7.09,6.95,6.96,7.11,-0.15000000000000036,-2.11,359690.0,251859.899,20200909,
2020-09-10,000016.SZ,7.02,7.06,6.58,6.64,6.96,-0.3200000000000003,-4.6,424656.74,289395.107,20200910,
2020-09-11,000016.SZ,6.57,6.78,6.55,6.72,6.64,0.08000000000000007,1.2,200230.22,133699.268,20200911,
2020-09-14,000016.SZ,6.73,6.83,6.7,6.77,6.72,0.04999999999999982,0.74,169357.15,114580.008,20200914,
2020-09-15,000016.SZ,6.77,6.96,6.6,6.82,6.77,0.05000000000000071,0.74,226892.22,154219.228,20200915,
2020-09-16,000016.SZ,6.79,6.85,6.7,6.71,6.82,-0.11000000000000032,-1.61,161919.24,109413.268,20200916,
2020-09-17,000016.SZ,6.63,6.8,6.63,6.71,6.71,0.0,0.0,167778.0,112491.49,20200917,
2020-09-18,000016.SZ,6.71,6.88,6.67,6.88,6.71,0.16999999999999993,2.53,245058.95,166354.646,20200918,
2020-09-21,000016.SZ,6.87,6.92,6.78,6.79,6.88,-0.08999999999999986,-1.31,202347.0,138553.533,20200921,
2020-09-22,000016.SZ,6.74,6.75,6.61,6.66,6.79,-0.1299999999999999,-1.91,185037.72,123555.521,20200922,
2020-09-23,000016.SZ,6.68,6.73,6.65,6.68,6.66,0.019999999999999574,0.3,123229.72,82333.416,20200923,
2020-09-24,000016.SZ,6.64,6.64,6.38,6.38,6.68,-0.2999999999999998,-4.49,262477.21,170059.964,20200924,
2020-09-25,000016.SZ,6.42,6.45,6.1,6.16,6.38,-0.21999999999999975,-3.45,267193.41,166646.643,20200925,
2020-09-28,000016.SZ,6.24,6.24,5.98,6.01,6.16,-0.15000000000000036,-2.44,180965.54,109886.573,20200928,
2020-09-29,000016.SZ,6.05,6.14,6.0,6.04,6.01,0.03000000000000025,0.5,116084.34,70425.431,20200929,
2020-09-30,000016.SZ,6.05,6.1,6.02,6.06,6.04,0.019999999999999574,0.33,98349.07,59567.811,20200930,
2020-10-09,000016.SZ,6.16,6.27,6.16,6.23,6.06,0.17000000000000082,2.81,160084.52,99538.574,20201009,
2020-10-12,000016.SZ,6.35,6.7,6.34,6.62,6.23,0.3899999999999997,6.26,364969.71,239422.091,20201012,
2020-10-13,000016.SZ,6.61,6.61,6.49,6.56,6.62,-0.0600000000000005,-0.91,194648.07,127274.563,20201013,
2020-10-14,000016.SZ,6.58,6.59,6.34,6.35,6.56,-0.20999999999999996,-3.2,223764.4,143781.325,20201014,
2020-10-15,000016.SZ,6.4,6.46,6.29,6.31,6.35,-0.040000000000000036,-0.63,174510.07,111048.129,20201015,
2020-10-16,000016.SZ,6.37,6.37,6.21,6.23,6.31,-0.07999999999999918,-1.27,127548.63,79761.348,20201016,
2020-10-19,000016.SZ,6.29,6.35,6.14,6.19,6.23,-0.040000000000000036,-0.64,155952.46,97436.706,20201019,
2020-10-20,000016.SZ,6.15,6.28,6.1,6.25,6.19,0.05999999999999961,0.97,134933.34,83658.616,20201020,
2020-10-21,000016.SZ,6.22,6.24,6.11,6.15,6.25,-0.09999999999999964,-1.6,108716.4,66892.774,20201021,
2020-10-22,000016.SZ,6.15,6.15,6.04,6.11,6.15,-0.040000000000000036,-0.65,113754.43,69328.998,20201022,
2020-10-23,000016.SZ,6.11,6.18,6.03,6.04,6.11,-0.07000000000000028,-1.15,128238.01,77993.623,20201023,
2020-10-26,000016.SZ,6.05,6.05,5.9,5.97,6.04,-0.07000000000000028,-1.16,106866.75,63863.678,20201026,
2020-10-27,000016.SZ,5.95,5.99,5.78,5.9,5.97,-0.0699999999999994,-1.17,139775.87,82266.287,20201027,
2020-10-28,000016.SZ,5.9,5.9,5.73,5.83,5.9,-0.07000000000000028,-1.19,139788.97,81093.584,20201028,
2020-10-29,000016.SZ,5.73,5.8,5.7,5.73,5.83,-0.09999999999999964,-1.72,154053.11,88579.172,20201029,
2020-10-30,000016.SZ,5.83,6.12,5.83,5.84,5.73,0.10999999999999943,1.92,395909.16,235148.697,20201030,
2020-11-02,000016.SZ,5.9,6.42,5.9,6.42,5.84,0.5800000000000001,9.93,707193.1,441679.434,20201102,
2020-11-03,000016.SZ,6.45,6.9,6.31,6.66,6.42,0.2400000000000002,3.74,962634.59,627322.425,20201103,
2020-11-04,000016.SZ,6.51,6.85,6.42,6.59,6.66,-0.07000000000000028,-1.05,682874.56,452810.004,20201104,
2020-11-05,000016.SZ,6.65,6.72,6.54,6.62,6.59,0.03000000000000025,0.46,452978.0,300199.634,20201105,
2020-11-06,000016.SZ,6.62,6.94,6.52,6.82,6.62,0.20000000000000018,3.02,688654.83,468291.621,20201106,
2020-11-09,000016.SZ,6.89,7.03,6.76,6.93,6.82,0.10999999999999943,1.61,702747.98,485087.408,20201109,
2020-11-10,000016.SZ,6.88,6.92,6.7,6.81,6.93,-0.1200000000000001,-1.73,479377.7,326566.917,20201110,
2020-11-11,000016.SZ,6.82,6.84,6.57,6.65,6.81,-0.15999999999999925,-2.35,393906.74,262623.682,20201111,
2020-11-12,000016.SZ,6.9,7.32,6.83,7.04,6.65,0.3899999999999997,5.86,1256604.3,889279.556,20201112,
2020-11-13,000016.SZ,6.89,6.94,6.7,6.75,7.04,-0.29000000000000004,-4.12,672809.53,456445.179,20201113,
2020-11-16,000016.SZ,6.78,6.86,6.68,6.82,6.75,0.07000000000000028,1.04,394733.75,266883.119,20201116,
2020-11-17,000016.SZ,6.73,6.75,6.52,6.71,6.82,-0.11000000000000032,-1.61,437405.18,289140.233,20201117,
2020-11-18,000016.SZ,6.66,6.74,6.6,6.65,6.71,-0.05999999999999961,-0.89,273143.78,181968.655,20201118,
2020-11-19,000016.SZ,6.64,6.86,6.59,6.74,6.65,0.08999999999999986,1.35,408137.88,275812.537,20201119,
2020-11-20,000016.SZ,6.68,6.76,6.63,6.73,6.74,-0.009999999999999787,-0.15,271478.19,181447.234,20201120,
2020-11-23,000016.SZ,6.74,6.78,6.64,6.71,6.73,-0.020000000000000462,-0.3,317989.72,213021.991,20201123,
2020-11-24,000016.SZ,6.71,6.89,6.65,6.76,6.71,0.04999999999999982,0.75,419736.42,285197.208,20201124,
2020-11-25,000016.SZ,6.76,6.84,6.73,6.76,6.76,0.0,0.0,326097.91,221295.141,20201125,
2020-11-26,000016.SZ,6.75,6.95,6.73,6.94,6.76,0.1800000000000006,2.66,518919.4,355705.137,20201126,
2020-11-27,000016.SZ,6.93,7.0,6.79,6.86,6.94,-0.08000000000000007,-1.15,376833.81,258170.692,20201127,
2020-11-30,000016.SZ,6.83,6.86,6.68,6.77,6.86,-0.09000000000000075,-1.31,332539.02,224787.61,20201130,
2020-12-01,000016.SZ,6.75,6.95,6.73,6.89,6.77,0.1200000000000001,1.77,408369.98,279377.258,20201201,
2020-12-02,000016.SZ,6.87,7.47,6.85,7.28,6.89,0.39000000000000057,5.66,1084730.11,779315.291,20201202,
2020-12-03,000016.SZ,7.27,7.35,6.97,7.01,7.28,-0.27000000000000046,-3.71,754189.51,535850.761,20201203,
2020-12-04,000016.SZ,7.05,7.07,6.82,6.86,7.01,-0.14999999999999947,-2.14,464568.0,320837.877,20201204,
2020-12-07,000016.SZ,6.86,7.13,6.84,7.06,6.86,0.1999999999999993,2.92,565981.09,398206.917,20201207,
2020-12-08,000016.SZ,7.07,7.13,6.95,7.1,7.06,0.040000000000000036,0.57,370587.96,261481.87,20201208,
2020-12-09,000016.SZ,7.07,7.08,6.81,6.83,7.1,-0.2699999999999996,-3.8,340978.55,237102.172,20201209,
2020-12-10,000016.SZ,6.81,6.86,6.6,6.65,6.83,-0.17999999999999972,-2.64,340801.75,229285.284,20201210,
2020-12-11,000016.SZ,6.63,6.79,6.33,6.44,6.65,-0.20999999999999996,-3.16,326436.96,213578.188,20201211,
2020-12-14,000016.SZ,6.4,6.46,6.26,6.45,6.44,0.009999999999999787,0.16,208728.02,132858.219,20201214,
2020-12-15,000016.SZ,6.23,6.35,6.22,6.31,6.29,0.0199999999999995,0.32,147855.84,95423.723,20201215,20201215.0
2020-12-16,000016.SZ,6.43,6.68,6.38,6.48,6.31,0.1700000000000008,2.69,365012.62,244511.902,20201216,20201216.0
2020-12-17,000016.SZ,6.39,6.55,6.25,6.5,6.48,0.0199999999999995,0.31,286617.09,187869.393,20201217,20201217.0
2020-12-18,000016.SZ,6.6,6.65,6.47,6.49,6.5,-0.0099999999999997,-0.15,219310.87,147021.239,20201218,20201218.0
2020-12-21,000016.SZ,6.44,6.69,6.38,6.65,6.49,0.1600000000000001,2.47,306265.51,206801.044,20201221,20201221.0
2020-12-22,000016.SZ,6.58,6.71,6.45,6.49,6.65,-0.1600000000000001,-2.41,289481.76,195339.658,20201222,20201222.0
2020-12-23,000016.SZ,6.44,6.58,6.42,6.54,6.49,0.0499999999999998,0.77,268217.91,179139.904,20201223,20201223.0
2020-12-24,000016.SZ,6.53,6.57,6.3,6.36,6.54,-0.1799999999999997,-2.75,252175.22,165920.248,20201224,20201224.0
2020-12-25,000016.SZ,6.34,6.38,6.21,6.28,6.36,-0.08,-1.26,182863.94,118001.312,20201225,20201225.0
2020-12-28,000016.SZ,6.28,6.29,6.06,6.06,6.28,-0.2200000000000006,-3.5,228087.24,143682.114,20201228,20201228.0
2020-12-29,000016.SZ,6.07,6.49,6.05,6.3,6.06,0.2400000000000002,3.96,301586.01,193920.756,20201229,20201229.0
2020-12-30,000016.SZ,6.29,6.38,6.18,6.32,6.3,0.0200000000000004,0.32,193645.63,125021.868,20201230,20201230.0
2020-12-31,000016.SZ,6.31,6.52,6.29,6.45,6.32,0.1299999999999999,2.06,288246.21,190027.035,20201231,20201231.0
2021-01-04,000016.SZ,6.54,6.59,6.4,6.53,6.45,0.08,1.24,317406.66,212209.151,20210104,20210104.0
2021-01-05,000016.SZ,6.52,6.77,6.48,6.76,6.53,0.2299999999999995,3.52,508031.48,348197.953,20210105,20210105.0
2021-01-06,000016.SZ,6.82,6.84,6.53,6.62,6.76,-0.1399999999999996,-2.07,352879.09,240024.773,20210106,20210106.0
2021-01-07,000016.SZ,6.58,6.66,6.24,6.34,6.62,-0.2800000000000002,-4.23,360995.24,237738.659,20210107,20210107.0
2021-01-08,000016.SZ,6.33,6.78,6.28,6.52,6.34,0.1799999999999997,2.84,450564.61,302316.038,20210108,20210108.0
2021-01-11,000016.SZ,6.52,6.69,6.45,6.57,6.52,0.0500000000000007,0.77,377003.84,254194.134,20210111,20210111.0
2021-01-12,000016.SZ,6.57,6.89,6.41,6.84,6.57,0.2699999999999996,4.11,709698.8,489014.604,20210112,20210112.0
2021-01-13,000016.SZ,6.73,7.06,6.67,7.02,6.84,0.1799999999999997,2.63,820717.23,578776.581,20210113,20210113.0
2021-01-14,000016.SZ,6.96,7.04,6.81,6.89,7.02,-0.1299999999999999,-1.85,546598.22,387390.727,20210114,20210114.0
2021-01-15,000016.SZ,6.83,7.2,6.75,7.01,6.89,0.1200000000000001,1.74,783442.85,563989.116,20210115,20210115.0
2021-01-18,000016.SZ,6.92,7.1,6.87,7.04,7.01,0.0300000000000002,0.43,519860.69,371612.25,20210118,20210118.0
2021-01-19,000016.SZ,7.0,7.0,6.66,6.71,7.04,-0.33,-4.69,497407.5,348369.776,20210119,20210119.0
2021-01-20,000016.SZ,6.71,6.81,6.66,6.74,6.71,0.0300000000000002,0.45,280964.49,193728.25,20210120,20210120.0
2021-01-21,000016.SZ,6.71,6.81,6.63,6.67,6.74,-0.0700000000000002,-1.04,388143.96,267270.552,20210121,20210121.0
2021-01-22,000016.SZ,6.66,6.92,6.56,6.91,6.67,0.2400000000000002,3.6,651215.24,451957.417,20210122,20210122.0
2021-01-25,000016.SZ,6.85,7.13,6.77,7.03,6.91,0.1200000000000001,1.74,630716.89,450296.119,20210125,20210125.0
2021-01-26,000016.SZ,6.97,7.19,6.89,7.02,7.03,-0.0100000000000006,-0.14,654538.3,475020.96,20210126,20210126.0
2021-01-27,000016.SZ,6.96,7.04,6.75,6.88,7.02,-0.1399999999999996,-1.99,409341.08,288043.978,20210127,20210127.0
2021-01-28,000016.SZ,6.76,6.82,6.45,6.47,6.88,-0.4100000000000001,-5.96,389325.89,265360.8,20210128,20210128.0
2021-01-29,000016.SZ,6.49,6.55,6.13,6.3,6.47,-0.1699999999999999,-2.63,371124.08,240298.796,20210129,20210129.0
2021-02-01,000016.SZ,6.18,6.31,6.0,6.23,6.3,-0.0699999999999994,-1.11,333944.94,210538.654,20210201,20210201.0
2021-02-02,000016.SZ,6.23,6.27,6.12,6.16,6.23,-0.0700000000000002,-1.12,187133.52,118852.239,20210202,20210202.0
2021-02-03,000016.SZ,6.17,6.19,5.88,5.89,6.16,-0.2700000000000004,-4.38,286840.24,176083.568,20210203,20210203.0
2021-02-04,000016.SZ,5.9,6.0,5.74,5.96,5.89,0.0700000000000002,1.19,215127.65,129275.229,20210204,20210204.0
2021-02-05,000016.SZ,5.94,6.01,5.77,5.77,5.96,-0.1900000000000004,-3.19,158132.38,95209.944,20210205,20210205.0
2021-02-08,000016.SZ,5.79,5.9,5.78,5.78,5.77,0.0100000000000006,0.17,130039.48,77829.785,20210208,20210208.0
2021-02-09,000016.SZ,5.78,5.96,5.75,5.93,5.78,0.1499999999999994,2.6,119492.15,72322.835,20210209,20210209.0
2021-02-10,000016.SZ,6.1,6.13,5.99,6.02,5.93,0.0899999999999998,1.52,141912.0,88012.443,20210210,20210210.0
2021-02-18,000016.SZ,6.06,6.21,6.06,6.12,6.02,0.1000000000000005,1.66,176513.18,110968.277,20210218,20210218.0
2021-02-19,000016.SZ,6.13,6.25,6.07,6.22,6.12,0.0999999999999996,1.63,182023.27,115130.304,20210219,20210219.0
2021-02-22,000016.SZ,6.19,6.31,6.14,6.18,6.22,-0.04,-0.64,255848.57,163617.062,20210222,20210222.0
2021-02-23,000016.SZ,6.21,6.21,5.98,6.02,6.18,-0.1600000000000001,-2.59,205748.28,128052.271,20210223,20210223.0
2021-02-24,000016.SZ,6.04,6.13,6.0,6.05,6.02,0.0300000000000002,0.5,150534.82,93374.183,20210224,20210224.0
2021-02-25,000016.SZ,6.05,6.09,5.99,6.02,6.05,-0.0300000000000002,-0.5,137579.68,85036.887,20210225,20210225.0
2021-02-26,000016.SZ,5.95,5.99,5.88,5.9,6.02,-0.1199999999999992,-1.99,154317.45,93772.767,20210226,20210226.0
2021-03-01,000016.SZ,5.93,6.04,5.92,6.04,5.9,0.1399999999999996,2.37,126101.26,77505.814,20210301,20210301.0
2021-03-02,000016.SZ,6.07,6.08,5.96,6.01,6.04,-0.0300000000000002,-0.5,114769.93,70820.854,20210302,20210302.0
2021-03-03,000016.SZ,6.02,6.06,5.97,6.06,6.01,0.0499999999999998,0.83,127423.6,78652.848,20210303,20210303.0
2021-03-04,000016.SZ,6.04,6.06,5.95,5.99,6.06,-0.0699999999999994,-1.16,120192.72,73948.219,20210304,20210304.0
2021-03-05,000016.SZ,5.97,6.03,5.91,6.0,5.99,0.0099999999999997,0.17,107292.02,65795.915,20210305,20210305.0
2021-03-08,000016.SZ,6.08,6.1,5.95,5.97,6.0,-0.0300000000000002,-0.5,131567.77,81330.062,20210308,20210308.0
2021-03-09,000016.SZ,5.93,6.0,5.75,5.85,5.97,-0.1200000000000001,-2.01,164303.82,98797.733,20210309,20210309.0
2021-03-10,000016.SZ,5.9,5.91,5.76,5.76,5.85,-0.0899999999999998,-1.54,92546.6,55282.22,20210310,20210310.0
2021-03-11,000016.SZ,5.79,5.92,5.75,5.88,5.76,0.1200000000000001,2.08,106706.0,63982.666,20210311,20210311.0
2021-03-12,000016.SZ,5.95,5.95,5.85,5.87,5.88,-0.0099999999999997,-0.17,93398.39,56278.131,20210312,20210312.0
2021-03-15,000016.SZ,5.84,5.9,5.82,5.9,5.87,0.0300000000000002,0.51,105138.58,63265.176,20210315,20210315.0
2021-03-16,000016.SZ,5.91,5.97,5.83,5.88,5.9,-0.0200000000000004,-0.34,111513.44,67354.053,20210316,20210316.0
2021-03-17,000016.SZ,5.86,5.93,5.82,5.93,5.88,0.0499999999999998,0.85,110858.92,67063.864,20210317,20210317.0
2021-03-18,000016.SZ,5.93,5.94,5.87,5.89,5.93,-0.04,-0.67,101461.42,61349.54,20210318,20210318.0
2021-03-19,000016.SZ,5.85,5.9,5.82,5.84,5.89,-0.0499999999999998,-0.85,109441.72,65758.301,20210319,20210319.0
2021-03-22,000016.SZ,5.84,6.03,5.84,6.01,5.84,0.1699999999999999,2.91,211952.46,130127.521,20210322,20210322.0
2021-03-23,000016.SZ,6.0,6.1,6.0,6.04,6.01,0.0300000000000002,0.5,158427.33,98027.136,20210323,20210323.0
2021-03-24,000016.SZ,6.03,6.03,5.9,5.92,6.04,-0.1200000000000001,-1.99,137565.04,83782.913,20210324,20210324.0
2021-03-25,000016.SZ,5.92,5.96,5.88,5.89,5.92,-0.0300000000000002,-0.51,83066.11,50335.983,20210325,20210325.0
2021-03-26,000016.SZ,5.9,5.94,5.87,5.93,5.89,0.04,0.68,89587.11,54315.257,20210326,20210326.0
2021-03-29,000016.SZ,5.93,5.94,5.87,5.88,5.93,-0.0499999999999998,-0.84,94706.7,57317.558,20210329,20210329.0
2021-03-30,000016.SZ,5.87,6.03,5.85,5.98,5.88,0.1000000000000005,1.7,158225.84,96209.324,20210330,20210330.0
2021-03-31,000016.SZ,5.94,6.02,5.93,5.98,5.98,0.0,0.0,102391.5,62789.392,20210331,20210331.0
2021-04-01,000016.SZ,5.98,6.23,5.97,6.12,5.98,0.1399999999999996,2.34,306439.9,192692.433,20210401,20210401.0
2021-04-02,000016.SZ,6.11,6.25,6.07,6.16,6.12,0.04,0.65,200343.03,127052.692,20210402,20210402.0
2021-04-06,000016.SZ,6.16,6.21,6.08,6.13,6.16,-0.0300000000000002,-0.49,121372.0,76250.445,20210406,20210406.0
2021-04-07,000016.SZ,6.13,6.13,6.03,6.08,6.13,-0.0499999999999998,-0.82,128340.02,79851.621,20210407,20210407.0
2021-04-08,000016.SZ,6.08,6.11,5.98,5.99,6.08,-0.0899999999999998,-1.48,140679.01,87065.184,20210408,20210408.0
2021-04-09,000016.SZ,6.01,6.02,5.96,6.0,5.99,0.0099999999999997,0.17,92729.94,56945.923,20210409,20210409.0
2021-04-12,000016.SZ,5.97,5.97,5.88,5.9,6.0,-0.0999999999999996,-1.67,116354.26,70581.608,20210412,20210412.0
2021-04-13,000016.SZ,5.91,5.92,5.86,5.92,5.9,0.0199999999999995,0.34,80729.5,48788.319,20210413,20210413.0
2021-04-14,000016.SZ,5.93,5.95,5.89,5.94,5.92,0.0200000000000004,0.34,74797.69,45497.555,20210414,20210414.0
2021-04-15,000016.SZ,5.93,5.96,5.87,5.95,5.94,0.0099999999999997,0.17,87746.53,53190.338,20210415,20210415.0
2021-04-16,000016.SZ,5.96,6.06,5.94,6.02,5.95,0.0699999999999994,1.18,116190.71,71402.691,20210416,20210416.0
2021-04-19,000016.SZ,6.09,6.09,6.0,6.03,6.02,0.0100000000000006,0.17,158707.66,98069.82,20210419,20210419.0
2021-04-20,000016.SZ,6.05,6.06,5.99,6.02,6.03,-0.0100000000000006,-0.17,126330.25,78093.205,20210420,20210420.0
2021-04-21,000016.SZ,5.98,6.02,5.94,5.95,6.02,-0.0699999999999994,-1.16,94186.17,57623.648,20210421,20210421.0
2021-04-22,000016.SZ,5.96,6.13,5.96,6.11,5.95,0.1600000000000001,2.69,214837.26,133494.182,20210422,20210422.0
2021-04-23,000016.SZ,6.11,6.17,6.04,6.13,6.11,0.0199999999999995,0.33,212964.93,133544.189,20210423,20210423.0
2021-04-26,000016.SZ,6.13,6.19,6.05,6.05,6.13,-0.08,-1.31,145556.62,91313.054,20210426,20210426.0
2021-04-27,000016.SZ,6.03,6.13,5.99,6.11,6.05,0.0600000000000005,0.99,123056.27,76515.568,20210427,20210427.0
2021-04-28,000016.SZ,6.08,6.15,6.06,6.13,6.11,0.0199999999999995,0.33,103121.85,64495.315,20210428,20210428.0
2021-04-29,000016.SZ,6.14,6.17,6.09,6.09,6.13,-0.04,-0.65,97538.73,61199.071,20210429,20210429.0
2021-04-30,000016.SZ,6.08,6.41,6.05,6.28,6.09,0.1900000000000004,3.12,353238.94,226684.42,20210430,20210430.0
2021-05-06,000016.SZ,6.32,6.37,6.24,6.26,6.28,-0.0200000000000004,-0.32,178150.59,114944.245,20210506,20210506.0
2021-05-07,000016.SZ,6.29,6.32,6.14,6.16,6.26,-0.0999999999999996,-1.6,149512.58,95444.947,20210507,20210507.0
2021-05-10,000016.SZ,6.16,6.56,6.11,6.48,6.16,0.3200000000000003,5.19,341996.88,224678.561,20210510,20210510.0
2021-05-11,000016.SZ,6.52,6.64,6.41,6.54,6.48,0.0599999999999996,0.93,310496.27,207794.06,20210511,20210511.0
2021-05-12,000016.SZ,6.45,6.51,6.44,6.5,6.54,-0.04,-0.61,168601.69,111977.024,20210512,20210512.0
2021-05-13,000016.SZ,6.45,6.56,6.44,6.49,6.5,-0.0099999999999997,-0.15,166103.54,110395.917,20210513,20210513.0
2021-05-14,000016.SZ,6.47,6.5,6.36,6.5,6.49,0.0099999999999997,0.15,169137.67,111622.552,20210514,20210514.0
2021-05-17,000016.SZ,6.48,6.57,6.43,6.46,6.5,-0.04,-0.62,158804.16,105473.996,20210517,20210517.0
2021-05-18,000016.SZ,6.44,6.48,6.37,6.4,6.46,-0.0599999999999996,-0.93,113735.75,74637.444,20210518,20210518.0
2021-05-19,000016.SZ,6.4,6.41,6.26,6.27,6.4,-0.1300000000000007,-2.03,114344.76,73932.633,20210519,20210519.0
2021-05-20,000016.SZ,6.29,6.36,6.26,6.27,6.27,0.0,0.0,97229.35,62658.067,20210520,20210520.0
2021-05-21,000016.SZ,6.26,6.3,6.24,6.25,6.27,-0.0199999999999995,-0.32,69729.02,44796.626,20210521,20210521.0
2021-05-24,000016.SZ,6.26,6.35,6.2,6.27,6.25,0.0199999999999995,0.32,104772.17,67489.484,20210524,20210524.0
2021-05-25,000016.SZ,6.26,6.33,6.21,6.32,6.27,0.0500000000000007,0.8,116597.88,74915.352,20210525,20210525.0
2021-05-26,000016.SZ,6.32,6.36,6.24,6.26,6.32,-0.0600000000000005,-0.95,106918.92,69025.743,20210526,20210526.0
2021-05-27,000016.SZ,6.26,6.43,6.23,6.43,6.26,0.1699999999999999,2.72,156049.84,101924.624,20210527,20210527.0
2021-05-28,000016.SZ,6.42,6.47,6.34,6.37,6.43,-0.0599999999999996,-0.93,125646.79,82312.989,20210528,20210528.0
2021-05-31,000016.SZ,6.36,6.44,6.34,6.37,6.37,0.0,0.0,84655.23,55387.825,20210531,20210531.0
2021-06-01,000016.SZ,6.33,6.4,6.26,6.32,6.37,-0.0499999999999998,-0.78,95574.15,62044.059,20210601,20210601.0
2021-06-02,000016.SZ,6.3,6.36,6.14,6.18,6.32,-0.1400000000000005,-2.22,140731.72,90014.31,20210602,20210602.0
2021-06-03,000016.SZ,6.19,6.24,6.14,6.19,6.18,0.0100000000000006,0.16,83662.2,53146.651,20210603,20210603.0
2021-06-04,000016.SZ,6.23,6.23,6.1,6.15,6.19,-0.04,-0.65,115993.5,71941.943,20210604,20210604.0
2021-06-07,000016.SZ,6.15,6.25,6.13,6.25,6.15,0.0999999999999996,1.63,101059.79,63272.438,20210607,20210607.0
2021-06-08,000016.SZ,6.24,6.24,6.15,6.17,6.25,-0.08,-1.28,95618.25,59750.353,20210608,20210608.0
2021-06-09,000016.SZ,6.14,6.2,6.09,6.14,6.17,-0.0300000000000002,-0.49,90063.58,55783.889,20210609,20210609.0
2021-06-10,000016.SZ,6.12,6.18,6.08,6.15,6.14,0.0100000000000006,0.16,104472.84,64563.989,20210610,20210610.0
2021-06-11,000016.SZ,6.16,6.16,6.03,6.03,6.15,-0.1200000000000001,-1.95,119398.91,73216.303,20210611,20210611.0
2021-06-15,000016.SZ,6.09,6.09,6.01,6.02,6.03,-0.0100000000000006,-0.17,71334.34,43538.919,20210615,20210615.0
2021-06-16,000016.SZ,6.01,6.08,6.0,6.01,6.02,-0.0099999999999997,-0.17,63195.37,38443.42,20210616,20210616.0
2021-06-17,000016.SZ,6.01,6.55,6.0,6.4,6.01,0.3900000000000005,6.49,412649.41,263227.378,20210617,20210617.0
2021-06-18,000016.SZ,6.34,6.46,6.29,6.39,6.4,-0.0100000000000006,-0.16,246402.4,158420.584,20210618,20210618.0
2021-06-21,000016.SZ,6.33,6.57,6.24,6.4,6.39,0.0100000000000006,0.16,207333.42,134511.782,20210621,20210621.0
2021-06-22,000016.SZ,6.42,6.57,6.36,6.39,6.4,-0.0100000000000006,-0.16,195922.2,127382.799,20210622,20210622.0
2021-06-23,000016.SZ,6.42,6.66,6.35,6.51,6.39,0.1200000000000001,1.88,379272.09,250344.586,20210623,20210623.0
2021-06-24,000016.SZ,6.52,6.57,6.46,6.47,6.51,-0.04,-0.61,211052.93,138704.254,20210624,20210624.0
2021-06-25,000016.SZ,6.47,6.56,6.34,6.52,6.47,0.0499999999999998,0.77,246262.55,160759.292,20210625,20210625.0
2021-06-28,000016.SZ,6.54,6.63,6.49,6.5,6.52,-0.0199999999999995,-0.31,148958.12,98576.826,20210628,20210628.0
2021-06-29,000016.SZ,6.52,6.55,6.37,6.42,6.5,-0.08,-1.23,167467.16,108764.895,20210629,20210629.0
2021-06-30,000016.SZ,6.41,6.69,6.36,6.6,6.42,0.1799999999999997,2.8,273743.68,180870.868,20210630,20210630.0
2021-07-01,000016.SZ,6.62,6.62,6.41,6.44,6.6,-0.1599999999999992,-2.42,208296.71,136281.232,20210701,20210701.0
2021-07-02,000016.SZ,6.49,6.65,6.39,6.52,6.44,0.0799999999999991,1.24,259283.23,170516.48,20210702,20210702.0
2021-07-05,000016.SZ,6.54,6.61,6.38,6.46,6.52,-0.0599999999999996,-0.92,207014.33,134842.814,20210705,20210705.0
2021-07-06,000016.SZ,6.48,6.57,6.39,6.5,6.46,0.04,0.62,189681.73,123853.233,20210706,20210706.0
2021-07-07,000016.SZ,6.44,6.45,6.24,6.31,6.5,-0.1900000000000004,-2.92,226698.05,144943.168,20210707,20210707.0
2021-07-08,000016.SZ,6.31,6.41,6.21,6.22,6.31,-0.0899999999999998,-1.43,172971.21,109868.871,20210708,20210708.0
2021-07-09,000016.SZ,6.21,6.22,6.09,6.17,6.22,-0.0499999999999998,-0.8,168398.22,104545.633,20210709,20210709.0
2021-07-12,000016.SZ,6.23,6.29,6.18,6.22,6.17,0.0499999999999998,0.81,179664.91,113024.815,20210712,20210712.0
2021-07-13,000016.SZ,6.22,6.23,6.13,6.21,6.22,-0.0099999999999997,-0.16,146226.33,91208.645,20210713,20210713.0
2021-07-14,000016.SZ,6.21,6.32,6.09,6.1,6.21,-0.1100000000000003,-1.77,205330.58,127590.527,20210714,20210714.0
2021-07-15,000016.SZ,6.09,6.19,6.05,6.13,6.1,0.0300000000000002,0.49,124920.59,77012.259,20210715,20210715.0
2021-07-16,000016.SZ,6.12,6.16,6.07,6.09,6.13,-0.04,-0.65,136741.59,84346.823,20210716,20210716.0
2021-07-19,000016.SZ,6.07,6.1,6.01,6.06,6.09,-0.0300000000000002,-0.49,110709.17,67623.464,20210719,20210719.0
2021-07-20,000016.SZ,6.04,6.12,6.02,6.1,6.06,0.04,0.66,92438.94,56673.516,20210720,20210720.0
2021-07-21,000016.SZ,6.1,6.18,6.09,6.13,6.1,0.0300000000000002,0.49,147368.07,91339.562,20210721,20210721.0
2021-07-22,000016.SZ,6.13,6.13,6.08,6.12,6.13,-0.0099999999999997,-0.16,116980.85,72062.364,20210722,20210722.0
2021-07-23,000016.SZ,6.13,6.25,6.12,6.17,6.12,0.0499999999999998,0.82,200663.88,125342.805,20210723,20210723.0
2021-07-26,000016.SZ,6.17,6.17,5.96,6.04,6.17,-0.1299999999999999,-2.11,181631.49,110775.625,20210726,20210726.0
2021-07-27,000016.SZ,6.08,6.32,5.99,6.12,6.04,0.08,1.32,261102.74,161858.099,20210727,20210727.0
2021-07-28,000016.SZ,6.04,6.12,5.79,5.84,6.12,-0.2800000000000002,-4.58,235642.42,140215.151,20210728,20210728.0
2021-07-29,000016.SZ,5.9,5.96,5.86,5.95,5.84,0.1100000000000003,1.88,106387.95,63503.833,20210729,20210729.0
2021-07-30,000016.SZ,5.92,5.97,5.85,5.91,5.95,-0.04,-0.67,104855.87,62449.274,20210730,20210730.0
2021-08-02,000016.SZ,5.88,5.97,5.82,5.96,5.91,0.0499999999999998,0.85,120206.91,71616.112,20210802,20210802.0
2021-08-03,000016.SZ,5.96,6.32,5.93,6.2,5.96,0.2400000000000002,4.03,474875.82,297326.184,20210803,20210803.0
2021-08-04,000016.SZ,6.21,6.26,6.14,6.23,6.2,0.0300000000000002,0.48,179467.92,112443.229,20210804,20210804.0
2021-08-05,000016.SZ,6.24,6.42,6.21,6.36,6.23,0.1299999999999999,2.09,276084.99,177072.205,20210805,20210805.0
2021-08-06,000016.SZ,6.37,6.41,6.27,6.4,6.36,0.04,0.63,190607.51,122199.744,20210806,20210806.0
2021-08-09,000016.SZ,6.38,6.99,6.38,6.86,6.4,0.4599999999999999,7.19,784752.02,536360.181,20210809,20210809.0
2021-08-10,000016.SZ,6.86,7.54,6.86,7.43,6.86,0.5699999999999994,8.31,1438828.42,1061671.67,20210810,20210810.0
2021-08-11,000016.SZ,7.33,7.5,7.25,7.39,7.43,-0.04,-0.54,862794.89,641185.6,20210811,20210811.0
2021-08-12,000016.SZ,7.47,7.77,7.39,7.66,7.39,0.2700000000000004,3.65,777433.4,597698.223,20210812,20210812.0
2021-08-13,000016.SZ,7.66,7.98,7.59,7.88,7.66,0.2199999999999997,2.87,621282.15,491697.073,20210813,20210813.0
2021-08-16,000016.SZ,7.94,8.11,7.63,7.73,7.88,-0.1499999999999994,-1.9,552743.08,435732.568,20210816,20210816.0
2021-08-17,000016.SZ,7.71,7.77,7.39,7.42,7.73,-0.3100000000000005,-4.01,617337.92,472220.984,20210817,20210817.0
2021-08-18,000016.SZ,7.51,7.76,7.33,7.68,7.42,0.2599999999999998,3.5,544879.83,415597.415,20210818,20210818.0
2021-08-19,000016.SZ,7.58,7.73,7.41,7.48,7.68,-0.1999999999999993,-2.6,440418.6,334762.595,20210819,20210819.0
2021-08-20,000016.SZ,7.46,7.56,7.34,7.53,7.48,0.0499999999999998,0.67,350883.38,264666.576,20210820,20210820.0
2021-08-23,000016.SZ,7.44,7.58,7.36,7.41,7.53,-0.1200000000000001,-1.59,440195.81,331547.608,20210823,20210823.0
2021-08-24,000016.SZ,7.39,7.57,7.34,7.46,7.41,0.0499999999999998,0.67,309051.17,232737.769,20210824,20210824.0
2021-08-25,000016.SZ,7.53,7.75,7.4,7.68,7.46,0.2199999999999997,2.95,469294.78,358615.03,20210825,20210825.0
2021-08-26,000016.SZ,7.63,7.82,7.48,7.63,7.68,-0.0499999999999998,-0.65,420742.99,324856.162,20210826,20210826.0
2021-08-27,000016.SZ,7.66,8.09,7.23,7.35,7.63,-0.2800000000000002,-3.67,948600.0,727015.327,20210827,20210827.0
2021-08-30,000016.SZ,7.32,7.67,7.19,7.52,7.35,0.1699999999999999,2.31,575606.63,437913.943,20210830,20210830.0
2021-09-13,000016.SZ,8.27,8.27,6.93,7.62,7.52,0.1000000000000005,1.33,1564542.1,1207606.797,20210913,20210913.0
2021-09-14,000016.SZ,7.38,7.42,6.96,6.96,7.62,-0.6600000000000001,-8.66,668350.47,482993.046,20210914,20210914.0
2021-09-15,000016.SZ,7.01,7.4,7.01,7.35,6.96,0.3899999999999997,5.6,571606.87,420026.446,20210915,20210915.0
2021-09-16,000016.SZ,7.35,7.82,7.28,7.38,7.35,0.0300000000000002,0.41,452265.73,343374.256,20210916,20210916.0
2021-09-17,000016.SZ,7.35,7.38,7.09,7.15,7.38,-0.2299999999999995,-3.12,269893.2,195993.496,20210917,20210917.0
2021-09-22,000016.SZ,7.09,7.26,6.85,7.18,7.15,0.0299999999999993,0.42,219308.24,156526.679,20210922,20210922.0
2021-09-23,000016.SZ,7.18,7.18,6.99,7.0,7.18,-0.1799999999999997,-2.51,235866.75,168018.748,20210923,20210923.0
2021-09-24,000016.SZ,7.0,7.17,6.73,6.73,7.0,-0.2699999999999996,-3.86,311252.85,216256.013,20210924,20210924.0
2021-09-27,000016.SZ,6.7,6.8,6.15,6.25,6.73,-0.4800000000000004,-7.13,456856.66,293660.742,20210927,20210927.0
2021-09-28,000016.SZ,6.22,6.4,6.16,6.2,6.25,-0.0499999999999998,-0.8,249861.74,157810.284,20210928,20210928.0
2021-09-29,000016.SZ,6.16,6.24,6.01,6.01,6.2,-0.1900000000000004,-3.06,195403.28,120073.043,20210929,20210929.0
2021-09-30,000016.SZ,6.08,6.23,6.04,6.2,6.01,0.1900000000000004,3.16,117208.79,72840.371,20210930,20210930.0
2021-10-08,000016.SZ,6.22,6.36,6.22,6.34,6.2,0.1399999999999996,2.26,124925.05,79460.223,20211008,20211008.0
2021-10-11,000016.SZ,6.34,6.39,6.25,6.34,6.34,0.0,0.0,110496.67,70379.694,20211011,20211011.0
2021-10-12,000016.SZ,6.3,6.3,6.06,6.16,6.34,-0.1799999999999997,-2.84,130074.59,80984.421,20211012,20211012.0
2021-10-13,000016.SZ,6.2,6.21,6.09,6.13,6.16,-0.0300000000000002,-0.49,73107.61,45328.312,20211013,20211013.0
2021-10-14,000016.SZ,6.13,6.19,6.07,6.11,6.13,-0.0199999999999995,-0.33,91870.0,57009.812,20211014,20211014.0
2021-10-15,000016.SZ,5.95,6.09,5.9,6.01,6.11,-0.1000000000000005,-1.64,168561.43,102153.233,20211015,20211015.0
2021-10-18,000016.SZ,6.02,6.07,5.95,5.97,6.01,-0.04,-0.67,121083.02,73178.186,20211018,20211018.0
2021-10-19,000016.SZ,6.01,6.07,5.96,6.01,5.97,0.04,0.67,106499.91,64581.08,20211019,20211019.0
2021-10-20,000016.SZ,6.0,6.04,5.97,5.98,6.01,-0.0299999999999993,-0.5,94706.05,57212.829,20211020,20211020.0
2021-10-21,000016.SZ,5.95,6.0,5.9,5.91,5.98,-0.0700000000000002,-1.17,114717.0,68703.107,20211021,20211021.0
2021-10-22,000016.SZ,5.93,5.98,5.85,5.92,5.91,0.0099999999999997,0.17,71756.46,42926.932,20211022,20211022.0
2021-10-25,000016.SZ,5.91,5.98,5.84,5.95,5.92,0.0300000000000002,0.51,95427.75,56923.648,20211025,20211025.0
2021-10-26,000016.SZ,5.93,5.94,5.84,5.87,5.95,-0.08,-1.34,101001.0,59967.281,20211026,20211026.0
2021-10-27,000016.SZ,5.75,5.83,5.55,5.62,5.87,-0.25,-4.26,188463.04,107490.168,20211027,20211027.0
2021-10-28,000016.SZ,5.55,5.66,5.47,5.48,5.62,-0.1399999999999996,-2.49,127208.18,71056.131,20211028,20211028.0
2021-10-29,000016.SZ,5.55,5.6,5.41,5.57,5.48,0.0899999999999998,1.64,99122.79,55238.743,20211029,20211029.0
2021-11-01,000016.SZ,5.54,5.7,5.53,5.69,5.57,0.1200000000000001,2.15,86865.96,49412.99,20211101,20211101.0
2021-11-02,000016.SZ,5.69,5.73,5.51,5.59,5.69,-0.1000000000000005,-1.76,86908.04,49313.104,20211102,20211102.0
2021-11-03,000016.SZ,5.59,5.66,5.57,5.64,5.59,0.0499999999999998,0.89,59697.59,33867.395,20211103,20211103.0
2021-11-04,000016.SZ,5.61,5.69,5.56,5.66,5.64,0.0200000000000004,0.35,61886.79,35155.867,20211104,20211104.0
2021-11-05,000016.SZ,5.66,5.85,5.61,5.79,5.66,0.1299999999999999,2.3,133772.73,77690.076,20211105,20211105.0
2021-11-08,000016.SZ,5.95,5.95,5.73,5.88,5.79,0.0899999999999998,1.55,131751.68,77635.834,20211108,20211108.0
2021-11-09,000016.SZ,5.86,6.32,5.83,6.19,5.88,0.3100000000000005,5.27,292869.79,181485.864,20211109,20211109.0
2021-11-10,000016.SZ,6.26,6.34,6.14,6.29,6.19,0.0999999999999996,1.62,186568.02,118019.707,20211110,20211110.0
2021-11-11,000016.SZ,6.27,6.32,6.2,6.22,6.29,-0.0700000000000002,-1.11,127765.48,80538.94,20211111,20211111.0
2021-11-12,000016.SZ,6.24,6.45,6.22,6.33,6.22,0.1100000000000003,1.77,151299.13,96904.796,20211112,20211112.0
2021-11-15,000016.SZ,6.33,6.44,6.27,6.32,6.33,-0.0099999999999997,-0.16,128164.25,82437.135,20211115,20211115.0
2021-11-16,000016.SZ,6.32,6.37,6.19,6.2,6.32,-0.1200000000000001,-1.9,120672.91,76393.174,20211116,20211116.0
2021-11-17,000016.SZ,6.21,6.23,6.11,6.12,6.2,-0.08,-1.29,119287.75,74042.828,20211117,20211117.0
2021-11-18,000016.SZ,6.2,6.29,6.09,6.1,6.12,-0.0200000000000004,-0.33,130866.5,81217.585,20211118,20211118.0
2021-11-19,000016.SZ,6.1,6.17,6.07,6.14,6.1,0.04,0.66,110638.1,68448.165,20211119,20211119.0
2021-11-22,000016.SZ,6.14,6.2,6.1,6.19,6.14,0.0500000000000007,0.81,99732.02,62103.883,20211122,20211122.0
2021-11-23,000016.SZ,6.2,6.3,6.17,6.22,6.19,0.0299999999999993,0.48,112548.37,70833.798,20211123,20211123.0
2021-11-24,000016.SZ,6.22,6.25,6.14,6.22,6.22,0.0,0.0,92376.86,57813.15,20211124,20211124.0
2021-11-25,000016.SZ,6.19,6.24,6.15,6.17,6.22,-0.0499999999999998,-0.8,91423.83,57091.494,20211125,20211125.0
2021-11-26,000016.SZ,6.18,6.18,6.03,6.06,6.17,-0.1100000000000003,-1.78,110010.99,67518.611,20211126,20211126.0
2021-11-29,000016.SZ,5.98,6.09,5.89,6.01,6.06,-0.0499999999999998,-0.83,115060.59,69488.82,20211129,20211129.0
2021-11-30,000016.SZ,6.04,6.61,5.99,6.48,6.01,0.4700000000000006,7.82,444649.62,286608.952,20211130,20211130.0
2021-12-01,000016.SZ,6.4,6.6,6.36,6.5,6.48,0.0199999999999995,0.31,282395.87,185358.508,20211201,20211201.0
2021-12-02,000016.SZ,6.51,6.54,6.39,6.41,6.5,-0.0899999999999998,-1.38,164321.59,106903.363,20211202,20211202.0
2021-12-03,000016.SZ,6.42,6.56,6.38,6.45,6.41,0.04,0.62,174476.49,113591.1,20211203,20211203.0
2021-12-06,000016.SZ,6.44,6.67,6.41,6.54,6.45,0.0899999999999998,1.4,246735.01,163305.912,20211206,20211206.0
2021-12-07,000016.SZ,6.56,6.58,6.31,6.42,6.54,-0.1200000000000001,-1.83,209341.21,135556.457,20211207,20211207.0
2021-12-08,000016.SZ,6.46,6.5,6.3,6.33,6.42,-0.0899999999999998,-1.4,143814.37,92212.698,20211208,20211208.0
2021-12-09,000016.SZ,6.39,6.59,6.35,6.5,6.33,0.1699999999999999,2.69,230367.85,151155.501,20211209,20211209.0
2021-12-10,000016.SZ,6.4,6.55,6.37,6.47,6.5,-0.0300000000000002,-0.46,139456.6,91092.482,20211210,20211210.0
2021-12-13,000016.SZ,6.49,6.53,6.41,6.43,6.47,-0.04,-0.62,131752.11,85859.291,20211213,20211213.0
2021-12-14,000016.SZ,6.37,6.46,6.37,6.4,6.43,-0.0299999999999993,-0.47,90493.05,58595.359,20211214,20211214.0
2021-12-15,000016.SZ,6.43,6.46,6.29,6.3,6.4,-0.1000000000000005,-1.56,126222.25,80919.477,20211215,20211215.0
2021-12-16,000016.SZ,6.3,6.35,6.26,6.31,6.3,0.0099999999999997,0.16,93978.04,59796.323,20211216,20211216.0
2021-12-17,000016.SZ,6.34,6.37,6.29,6.3,6.31,-0.0099999999999997,-0.16,83299.83,53148.483,20211217,20211217.0
2021-12-20,000016.SZ,6.35,6.48,6.34,6.35,6.3,0.0499999999999998,0.79,141757.0,91505.852,20211220,20211220.0
2021-12-21,000016.SZ,6.35,6.43,6.27,6.36,6.35,0.0100000000000006,0.16,123846.0,79079.208,20211221,20211221.0
2021-12-22,000016.SZ,6.38,6.53,6.36,6.45,6.36,0.0899999999999998,1.42,149093.23,97095.235,20211222,20211222.0
2021-12-23,000016.SZ,6.47,6.49,6.42,6.42,6.45,-0.0300000000000002,-0.47,110811.99,72114.229,20211223,20211223.0
2021-12-24,000016.SZ,6.42,6.49,6.38,6.39,6.42,-0.0300000000000002,-0.47,129820.28,84236.928,20211224,20211224.0
2021-12-27,000016.SZ,6.42,6.47,6.39,6.43,6.39,0.04,0.63,110194.12,71595.297,20211227,20211227.0
2021-12-28,000016.SZ,6.47,6.49,6.42,6.45,6.43,0.0200000000000004,0.31,111906.56,72826.056,20211228,20211228.0
2021-12-29,000016.SZ,6.47,6.66,6.44,6.58,6.45,0.1299999999999999,2.02,227803.98,150891.033,20211229,20211229.0
2021-12-30,000016.SZ,6.61,6.63,6.5,6.51,6.58,-0.0700000000000002,-1.06,134922.0,88920.551,20211230,20211230.0
2021-12-31,000016.SZ,6.55,6.57,6.47,6.49,6.51,-0.0199999999999995,-0.31,111864.6,73491.081,20211231,20211231.0
2022-01-04,000016.SZ,6.53,6.77,6.48,6.69,6.49,0.2000000000000001,3.08,256136.0,171034.688,20220104,20220104.0
2022-01-05,000016.SZ,6.71,6.91,6.69,6.74,6.69,0.0499999999999998,0.75,258970.05,177154.433,20220105,20220105.0
2022-01-06,000016.SZ,6.69,6.8,6.63,6.64,6.74,-0.1000000000000005,-1.48,158488.44,106953.153,20220106,20220106.0
2022-01-07,000016.SZ,6.66,6.78,6.63,6.67,6.64,0.0300000000000002,0.45,127817.06,86192.804,20220107,20220107.0
2022-01-10,000016.SZ,6.64,6.66,6.56,6.57,6.67,-0.0999999999999996,-1.5,163752.04,109282.334,20220110,20220110.0
2022-01-11,000016.SZ,6.57,6.65,6.54,6.58,6.57,0.0099999999999997,0.15,94522.79,62842.85,20220111,20220111.0
2022-01-12,000016.SZ,6.6,6.6,6.53,6.55,6.58,-0.0300000000000002,-0.46,81204.09,53659.912,20220112,20220112.0
2022-01-13,000016.SZ,6.54,6.62,6.5,6.5,6.55,-0.0499999999999998,-0.76,81045.21,53589.621,20220113,20220113.0
2022-01-14,000016.SZ,6.51,6.54,6.29,6.3,6.5,-0.2000000000000001,-3.08,119908.0,77165.333,20220114,20220114.0
2022-01-17,000016.SZ,6.33,6.48,6.27,6.46,6.3,0.1600000000000001,2.54,99617.36,64247.893,20220117,20220117.0
2022-01-18,000016.SZ,6.47,6.51,6.28,6.34,6.46,-0.1200000000000001,-1.86,105572.04,67865.875,20220118,20220118.0
2022-01-19,000016.SZ,6.32,6.35,6.14,6.19,6.34,-0.1499999999999994,-2.37,107291.71,67650.429,20220119,20220119.0
2022-01-20,000016.SZ,6.21,6.24,6.05,6.07,6.19,-0.1200000000000001,-1.94,102117.0,63150.619,20220120,20220120.0
2022-01-21,000016.SZ,6.07,6.09,5.98,6.01,6.07,-0.0600000000000005,-0.99,73487.0,44706.51,20220121,20220121.0
2022-01-24,000016.SZ,6.01,6.03,5.94,6.01,6.01,0.0,0.0,60546.0,36610.295,20220124,20220124.0
2022-01-25,000016.SZ,6.02,6.02,5.68,5.74,6.01,-0.2699999999999996,-4.49,243544.17,142477.612,20220125,20220125.0
2022-01-26,000016.SZ,5.69,5.88,5.69,5.81,5.74,0.0699999999999994,1.22,81280.0,47585.311,20220126,20220126.0
2022-01-27,000016.SZ,5.81,5.88,5.7,5.71,5.81,-0.0999999999999996,-1.72,85328.24,49712.524,20220127,20220127.0
2022-01-28,000016.SZ,5.72,5.84,5.68,5.78,5.71,0.0700000000000002,1.23,65440.83,38140.183,20220128,20220128.0
2022-02-07,000016.SZ,5.88,5.95,5.85,5.93,5.78,0.1499999999999994,2.6,65646.0,39129.439,20220207,20220207.0
2022-02-08,000016.SZ,5.95,6.02,5.91,6.02,5.93,0.0899999999999998,1.52,78910.8,47601.501,20220208,20220208.0
2022-02-09,000016.SZ,6.01,6.06,5.98,6.03,6.02,0.0100000000000006,0.17,63714.94,38782.542,20220209,20220209.0
2022-02-10,000016.SZ,6.02,6.04,5.98,6.01,6.03,-0.0200000000000004,-0.33,50132.6,30377.764,20220210,20220210.0
2022-02-11,000016.SZ,5.99,6.01,5.91,5.94,6.01,-0.0699999999999994,-1.16,70106.07,42068.153,20220211,20220211.0
2022-02-14,000016.SZ,5.9,5.97,5.85,5.91,5.94,-0.0300000000000002,-0.51,73831.45,44024.439,20220214,20220214.0
2022-02-15,000016.SZ,5.96,5.97,5.88,5.91,5.91,0.0,0.0,43599.49,26035.607,20220215,20220215.0
2022-02-16,000016.SZ,5.93,5.99,5.86,5.89,5.91,-0.0200000000000004,-0.34,76805.09,45696.004,20220216,20220216.0
2022-02-17,000016.SZ,5.88,5.9,5.8,5.82,5.89,-0.0699999999999994,-1.19,65312.64,38402.769,20220217,20220217.0
2022-02-18,000016.SZ,5.77,5.89,5.77,5.88,5.82,0.0599999999999996,1.03,48970.91,28894.217,20220218,20220218.0
2022-02-21,000016.SZ,5.85,5.92,5.83,5.92,5.88,0.04,0.68,60130.37,35713.319,20220221,20220221.0
2022-02-22,000016.SZ,5.89,5.89,5.79,5.8,5.92,-0.1200000000000001,-2.03,68262.44,40136.006,20220222,20220222.0
2022-02-23,000016.SZ,5.8,5.88,5.73,5.88,5.8,0.08,1.38,84046.44,49431.885,20220223,20220223.0
2022-02-24,000016.SZ,5.86,5.87,5.55,5.63,5.88,-0.25,-4.25,146584.53,84281.237,20220224,20220224.0
2022-02-25,000016.SZ,5.65,5.75,5.65,5.73,5.63,0.1000000000000005,1.78,63038.27,36259.391,20220225,20220225.0
2022-02-28,000016.SZ,5.77,5.77,5.57,5.67,5.73,-0.0600000000000005,-1.05,55037.98,31371.552,20220228,20220228.0
2022-03-01,000016.SZ,5.65,5.73,5.64,5.72,5.67,0.0499999999999998,0.88,52464.01,30097.951,20220301,20220301.0
2022-03-02,000016.SZ,5.67,5.71,5.64,5.67,5.72,-0.0499999999999998,-0.87,52167.78,29840.674,20220302,20220302.0
2022-03-03,000016.SZ,5.69,5.71,5.65,5.66,5.67,-0.0099999999999997,-0.18,47575.0,27253.317,20220303,20220303.0
2022-03-04,000016.SZ,5.64,5.67,5.57,5.61,5.66,-0.0499999999999998,-0.88,66727.74,37778.657,20220304,20220304.0
2022-03-07,000016.SZ,5.6,5.61,5.42,5.44,5.61,-0.1699999999999999,-3.03,105162.62,57992.941,20220307,20220307.0
2022-03-08,000016.SZ,5.44,5.48,5.25,5.27,5.44,-0.1700000000000008,-3.13,87768.76,47297.158,20220308,20220308.0
2022-03-09,000016.SZ,5.28,5.32,4.86,5.04,5.27,-0.2299999999999995,-4.36,158472.77,81184.845,20220309,20220309.0
2022-03-10,000016.SZ,5.17,5.25,5.1,5.11,5.04,0.0700000000000002,1.39,84306.04,43879.915,20220310,20220310.0
2022-03-11,000016.SZ,5.06,5.2,4.98,5.19,5.11,0.08,1.57,68145.02,34935.226,20220311,20220311.0
2022-03-14,000016.SZ,5.14,5.2,5.05,5.05,5.19,-0.1400000000000005,-2.7,54127.02,27996.457,20220314,20220314.0
2022-03-15,000016.SZ,5.05,5.05,4.72,4.76,5.05,-0.29,-5.74,156203.46,76825.215,20220315,20220315.0
2022-03-16,000016.SZ,4.79,4.91,4.66,4.87,4.76,0.1100000000000003,2.31,143978.53,69720.644,20220316,20220316.0
2022-03-17,000016.SZ,4.93,5.1,4.91,5.0,4.87,0.1299999999999999,2.67,135940.56,68945.217,20220317,20220317.0
2022-03-18,000016.SZ,5.0,5.14,4.98,5.13,5.0,0.1299999999999999,2.6,102215.27,52228.715,20220318,20220318.0
2022-03-21,000016.SZ,5.12,5.19,5.05,5.13,5.13,0.0,0.0,92450.0,47670.544,20220321,20220321.0
2022-03-22,000016.SZ,5.12,5.37,5.08,5.28,5.13,0.1500000000000003,2.92,141841.24,75481.949,20220322,20220322.0
2022-03-23,000016.SZ,5.27,5.34,5.23,5.29,5.28,0.0099999999999997,0.19,74964.25,39981.109,20220323,20220323.0
2022-03-24,000016.SZ,5.26,5.29,5.18,5.22,5.29,-0.0700000000000002,-1.32,66786.59,35224.072,20220324,20220324.0
2022-03-25,000016.SZ,5.22,5.28,5.18,5.19,5.22,-0.0299999999999993,-0.57,52070.4,27474.887,20220325,20220325.0
2022-03-28,000016.SZ,5.19,5.25,5.12,5.2,5.19,0.0099999999999997,0.19,46486.01,24329.036,20220328,20220328.0
2022-03-29,000016.SZ,5.24,5.24,5.05,5.09,5.2,-0.1100000000000003,-2.12,80319.75,41457.108,20220329,20220329.0
2022-03-30,000016.SZ,5.14,5.34,5.14,5.28,5.09,0.1900000000000004,3.73,146857.8,77875.55,20220330,20220330.0
2022-03-31,000016.SZ,5.31,5.49,5.28,5.44,5.28,0.1600000000000001,3.03,144371.63,79007.184,20220331,20220331.0
2022-04-01,000016.SZ,5.45,5.47,5.34,5.41,5.44,-0.0300000000000002,-0.55,97245.56,52905.725,20220401,20220401.0
2022-04-06,000016.SZ,5.4,5.45,5.33,5.38,5.41,-0.0300000000000002,-0.55,136028.21,73797.913,20220406,20220406.0
2022-04-07,000016.SZ,5.38,5.41,5.28,5.29,5.38,-0.0899999999999998,-1.67,87719.69,47352.344,20220407,20220407.0
2022-04-08,000016.SZ,5.29,5.31,5.17,5.24,5.29,-0.0499999999999998,-0.95,95159.0,50251.429,20220408,20220408.0
2022-04-11,000016.SZ,5.18,5.26,5.02,5.06,5.24,-0.1800000000000006,-3.44,109727.49,56765.101,20220411,20220411.0
2022-04-12,000016.SZ,5.04,5.36,4.98,5.32,5.06,0.2600000000000007,5.14,120750.18,62706.237,20220412,20220412.0
2022-04-13,000016.SZ,5.31,5.31,5.07,5.07,5.32,-0.25,-4.7,99347.45,51583.887,20220413,20220413.0
2022-04-14,000016.SZ,5.15,5.16,5.07,5.09,5.07,0.0199999999999995,0.39,62315.64,32149.635,20220414,20220414.0
2022-04-15,000016.SZ,5.02,5.05,4.94,4.97,5.09,-0.1200000000000001,-2.36,95302.92,47978.09,20220415,20220415.0
2022-04-18,000016.SZ,4.99,5.03,4.86,4.99,4.97,0.0200000000000004,0.4,71147.8,35642.421,20220418,20220418.0
2022-04-19,000016.SZ,5.01,5.03,4.96,5.01,4.99,0.0199999999999995,0.4,59961.28,30264.165,20220419,20220419.0
2022-04-20,000016.SZ,5.03,5.18,4.97,5.0,5.01,-0.0099999999999997,-0.2,92383.13,47312.112,20220420,20220420.0
2022-04-21,000016.SZ,5.01,5.06,4.82,4.85,5.0,-0.1500000000000003,-3.0,102518.15,51179.462,20220421,20220421.0
2022-04-22,000016.SZ,4.85,4.97,4.73,4.92,4.85,0.0700000000000002,1.44,97282.27,47579.26,20220422,20220422.0
2022-04-25,000016.SZ,4.87,4.88,4.43,4.5,4.92,-0.4199999999999999,-8.54,153520.46,71714.054,20220425,20220425.0
2022-04-26,000016.SZ,4.5,4.53,4.19,4.23,4.5,-0.2699999999999996,-6.0,122674.53,54082.218,20220426,20220426.0
2022-04-27,000016.SZ,4.16,4.54,3.97,4.44,4.23,0.2099999999999999,4.96,131246.36,56879.717,20220427,20220427.0
2022-04-28,000016.SZ,4.38,4.42,4.21,4.26,4.44,-0.1800000000000006,-4.05,125763.47,54628.928,20220428,20220428.0
2022-04-29,000016.SZ,4.29,4.49,4.29,4.46,4.26,0.2000000000000001,4.69,131301.09,58383.774,20220429,20220429.0
2022-05-05,000016.SZ,4.46,4.59,4.43,4.53,4.46,0.0700000000000002,1.57,85016.75,38817.838,20220505,20220505.0
2022-05-06,000016.SZ,4.42,4.48,4.38,4.43,4.53,-0.1000000000000005,-2.21,70291.72,31379.1,20220506,20220506.0
2022-05-09,000016.SZ,4.43,4.56,4.36,4.53,4.43,0.1000000000000005,2.26,79922.2,36364.123,20220509,20220509.0
2022-05-10,000016.SZ,4.52,4.56,4.44,4.54,4.53,0.0099999999999997,0.22,67026.89,30477.861,20220510,20220510.0
2022-05-11,000016.SZ,4.54,4.7,4.46,4.58,4.54,0.04,0.88,98147.0,45833.038,20220511,20220511.0
2022-05-12,000016.SZ,4.57,4.64,4.53,4.59,4.58,0.0099999999999997,0.22,56817.48,26253.24,20220512,20220512.0
2022-05-13,000016.SZ,4.6,4.65,4.56,4.63,4.59,0.04,0.87,65571.54,30487.364,20220513,20220513.0
2022-05-16,000016.SZ,4.66,4.75,4.59,4.6,4.63,-0.0300000000000002,-0.65,64989.18,30377.053,20220516,20220516.0
2022-05-17,000016.SZ,4.57,4.64,4.52,4.61,4.6,0.0100000000000006,0.22,60890.0,28160.908,20220517,20220517.0
2022-05-18,000016.SZ,4.59,4.79,4.58,4.72,4.61,0.1099999999999994,2.39,111367.0,52803.482,20220518,20220518.0
2022-05-19,000016.SZ,4.65,4.76,4.63,4.75,4.72,0.0300000000000002,0.64,84588.39,40127.105,20220519,20220519.0
2022-05-20,000016.SZ,4.78,4.86,4.75,4.84,4.75,0.0899999999999998,1.89,96615.0,46811.506,20220520,20220520.0
2022-05-23,000016.SZ,4.88,5.25,4.82,5.17,4.84,0.33,6.82,240210.71,122820.161,20220523,20220523.0
2022-05-24,000016.SZ,5.25,5.62,5.2,5.22,5.17,0.0499999999999998,0.97,415030.9,226189.992,20220524,20220524.0
2022-05-25,000016.SZ,5.25,5.48,5.22,5.35,5.22,0.1299999999999999,2.49,316314.67,171221.673,20220525,20220525.0
2022-05-26,000016.SZ,5.35,5.64,5.31,5.55,5.35,0.2000000000000001,3.74,272650.98,151529.678,20220526,20220526.0
2022-05-27,000016.SZ,5.54,5.6,5.46,5.5,5.55,-0.0499999999999998,-0.9,195907.92,109291.464,20220527,20220527.0
2022-05-30,000016.SZ,5.5,5.55,5.37,5.43,5.5,-0.0700000000000002,-1.27,150768.94,82519.791,20220530,20220530.0
2022-05-31,000016.SZ,5.41,5.63,5.39,5.57,5.43,0.1400000000000005,2.58,205683.9,114862.156,20220531,20220531.0
2022-06-01,000016.SZ,5.56,5.6,5.46,5.56,5.57,-0.0100000000000006,-0.18,143521.24,80024.751,20220601,20220601.0
2022-06-02,000016.SZ,5.49,5.6,5.46,5.55,5.56,-0.0099999999999997,-0.18,112163.04,62484.796,20220602,20220602.0
2022-06-06,000016.SZ,5.53,5.7,5.45,5.6,5.55,0.0499999999999998,0.9,222639.89,125560.541,20220606,20220606.0
2022-06-07,000016.SZ,5.66,5.79,5.56,5.62,5.6,0.0200000000000004,0.36,166362.08,94852.334,20220607,20220607.0
2022-06-08,000016.SZ,5.56,5.66,5.45,5.57,5.62,-0.0499999999999998,-0.89,164970.79,92492.711,20220608,20220608.0
2022-06-09,000016.SZ,5.57,5.61,5.43,5.46,5.57,-0.1100000000000003,-1.97,116891.91,65028.407,20220609,20220609.0
2022-06-10,000016.SZ,5.46,5.75,5.41,5.71,5.46,0.25,4.58,188887.91,105878.291,20220610,20220610.0
2022-06-13,000016.SZ,5.69,5.75,5.52,5.58,5.71,-0.1299999999999999,-2.28,112992.75,63516.587,20220613,20220613.0
2022-06-14,000016.SZ,5.51,5.68,5.46,5.66,5.58,0.08,1.43,137392.54,76231.512,20220614,20220614.0
2022-06-15,000016.SZ,5.68,6.23,5.66,6.11,5.66,0.4500000000000002,7.95,489162.55,293647.831,20220615,20220615.0
2022-06-16,000016.SZ,6.05,6.25,6.0,6.14,6.11,0.0299999999999993,0.49,341265.9,209908.582,20220616,20220616.0
2022-06-17,000016.SZ,6.1,6.1,5.91,6.04,6.14,-0.0999999999999996,-1.63,276368.33,166097.054,20220617,20220617.0
2022-06-20,000016.SZ,6.03,6.23,6.02,6.21,6.04,0.1699999999999999,2.81,242898.6,148701.712,20220620,20220620.0
2022-06-21,000016.SZ,6.2,6.28,6.03,6.08,6.21,-0.1299999999999999,-2.09,210182.03,128916.27,20220621,20220621.0
2022-06-22,000016.SZ,6.13,6.21,6.07,6.09,6.08,0.0099999999999997,0.16,181273.76,111119.536,20220622,20220622.0
2022-06-23,000016.SZ,6.16,6.42,6.12,6.3,6.09,0.2099999999999999,3.45,240814.62,151821.283,20220623,20220623.0
2022-06-24,000016.SZ,6.24,6.35,6.23,6.29,6.3,-0.0099999999999997,-0.16,141533.73,88998.652,20220624,20220624.0
2022-06-27,000016.SZ,6.4,6.51,6.28,6.41,6.29,0.1200000000000001,1.91,250098.26,159720.646,20220627,20220627.0
2022-06-28,000016.SZ,6.35,6.4,6.22,6.3,6.41,-0.1100000000000003,-1.72,205257.53,129278.56,20220628,20220628.0
2022-06-29,000016.SZ,6.22,6.29,5.89,5.92,6.3,-0.3799999999999999,-6.03,302921.66,182721.522,20220629,20220629.0
2022-06-30,000016.SZ,5.95,6.16,5.92,6.05,5.92,0.1299999999999999,2.2,155923.16,94630.522,20220630,20220630.0
2022-07-01,000016.SZ,6.66,6.66,6.25,6.32,6.05,0.2700000000000004,4.46,882120.67,579635.16,20220701,20220701.0
2022-07-04,000016.SZ,5.9,6.09,5.69,6.0,6.32,-0.3200000000000003,-5.06,827507.74,489513.813,20220704,20220704.0
2022-07-05,000016.SZ,6.0,6.31,5.8,5.87,6.0,-0.1299999999999999,-2.17,411645.07,246588.732,20220705,20220705.0
2022-07-06,000016.SZ,5.83,6.24,5.76,5.87,5.87,0.0,0.0,367151.49,218852.534,20220706,20220706.0
2022-07-07,000016.SZ,5.75,6.02,5.73,5.84,5.87,-0.0300000000000002,-0.51,230687.03,135234.297,20220707,20220707.0
2022-07-08,000016.SZ,5.85,5.97,5.82,5.84,5.84,0.0,0.0,165477.33,97090.13,20220708,20220708.0
2022-07-11,000016.SZ,5.84,5.85,5.69,5.76,5.84,-0.08,-1.37,189662.78,108924.376,20220711,20220711.0
2022-07-12,000016.SZ,5.8,5.91,5.71,5.71,5.76,-0.0499999999999998,-0.87,176549.75,102136.917,20220712,20220712.0
2022-07-13,000016.SZ,5.76,5.8,5.6,5.67,5.71,-0.04,-0.7,153396.99,87103.209,20220713,20220713.0
2022-07-14,000016.SZ,5.73,5.76,5.48,5.53,5.67,-0.1399999999999996,-2.47,239971.9,133867.641,20220714,20220714.0
2022-07-15,000016.SZ,5.52,5.54,5.41,5.42,5.53,-0.1100000000000003,-1.99,161707.0,88514.607,20220715,20220715.0
2022-07-18,000016.SZ,5.52,5.57,5.43,5.52,5.42,0.0999999999999996,1.85,133533.26,73657.926,20220718,20220718.0
2022-07-19,000016.SZ,5.52,5.66,5.48,5.63,5.52,0.1100000000000003,1.99,148615.75,83022.591,20220719,20220719.0
2022-07-20,000016.SZ,5.62,5.68,5.59,5.63,5.63,0.0,0.0,98368.56,55442.577,20220720,20220720.0
2022-07-21,000016.SZ,5.62,5.72,5.6,5.63,5.63,0.0,0.0,128840.32,72913.675,20220721,20220721.0
2022-07-22,000016.SZ,5.62,5.72,5.59,5.67,5.63,0.04,0.71,127448.45,72138.135,20220722,20220722.0
2022-07-25,000016.SZ,5.61,5.73,5.54,5.56,5.67,-0.1100000000000003,-1.94,118276.43,66393.897,20220725,20220725.0
2022-07-26,000016.SZ,5.53,5.62,5.49,5.56,5.56,0.0,0.0,122204.0,67840.808,20220726,20220726.0
2022-07-27,000016.SZ,5.56,5.56,5.42,5.45,5.56,-0.1099999999999994,-1.98,158991.02,86737.471,20220727,20220727.0
2022-07-28,000016.SZ,5.45,5.56,5.43,5.44,5.45,-0.0099999999999997,-0.18,162046.74,89100.176,20220728,20220728.0
2022-07-29,000016.SZ,5.43,5.46,5.3,5.31,5.44,-0.1300000000000007,-2.39,201560.5,107919.292,20220729,20220729.0
2022-08-01,000016.SZ,5.34,5.48,5.27,5.45,5.31,0.1400000000000005,2.64,174699.95,94335.453,20220801,20220801.0
2022-08-02,000016.SZ,5.36,5.43,5.06,5.16,5.45,-0.29,-5.32,231053.99,120120.193,20220802,20220802.0
2022-08-03,000016.SZ,5.14,5.29,5.04,5.07,5.16,-0.0899999999999998,-1.74,164030.61,85058.301,20220803,20220803.0
2022-08-04,000016.SZ,5.1,5.19,5.06,5.15,5.07,0.08,1.58,104584.39,53640.009,20220804,20220804.0
2022-08-05,000016.SZ,5.19,5.67,5.11,5.49,5.15,0.3399999999999998,6.6,539873.31,295983.523,20220805,20220805.0
2022-08-08,000016.SZ,5.46,5.51,5.25,5.34,5.49,-0.1500000000000003,-2.73,382156.96,205083.447,20220808,20220808.0
2022-08-09,000016.SZ,5.33,5.4,5.27,5.36,5.34,0.0200000000000004,0.37,182192.38,96969.296,20220809,20220809.0
2022-08-10,000016.SZ,5.33,5.46,5.31,5.4,5.36,0.04,0.75,180668.01,97474.898,20220810,20220810.0
2022-08-11,000016.SZ,5.4,5.53,5.4,5.52,5.4,0.1199999999999992,2.22,210857.31,115649.99,20220811,20220811.0
2022-08-12,000016.SZ,5.52,5.55,5.46,5.47,5.52,-0.0499999999999998,-0.91,124241.03,68357.263,20220812,20220812.0
2022-08-15,000016.SZ,5.45,5.57,5.39,5.54,5.47,0.0700000000000002,1.28,158133.73,86635.763,20220815,20220815.0
2022-08-16,000016.SZ,5.53,5.6,5.48,5.55,5.54,0.0099999999999997,0.18,120249.0,66556.1,20220816,20220816.0
2022-08-17,000016.SZ,5.56,5.58,5.51,5.55,5.55,0.0,0.0,100174.96,55540.838,20220817,20220817.0
2022-08-18,000016.SZ,5.56,5.57,5.49,5.55,5.55,0.0,0.0,114007.78,63041.709,20220818,20220818.0
2022-08-19,000016.SZ,5.58,5.84,5.56,5.6,5.55,0.0499999999999998,0.9,192843.8,109020.127,20220819,20220819.0
2022-08-22,000016.SZ,5.56,5.65,5.51,5.6,5.6,0.0,0.0,116343.53,64986.958,20220822,20220822.0
2022-08-23,000016.SZ,5.56,5.82,5.56,5.81,5.6,0.2099999999999999,3.75,341495.01,195952.017,20220823,20220823.0
2022-08-24,000016.SZ,5.81,5.96,5.56,5.58,5.81,-0.2299999999999995,-3.96,359504.24,206156.553,20220824,20220824.0
2022-08-25,000016.SZ,5.61,5.64,5.26,5.34,5.58,-0.2400000000000002,-4.3,252010.47,135516.229,20220825,20220825.0
2022-08-26,000016.SZ,5.38,5.4,5.25,5.26,5.34,-0.08,-1.5,123714.5,65719.595,20220826,20220826.0
2022-08-29,000016.SZ,5.23,5.6,5.13,5.53,5.26,0.2700000000000004,5.13,257350.86,140766.877,20220829,20220829.0
2022-08-30,000016.SZ,5.53,5.69,5.48,5.66,5.53,0.1299999999999999,2.35,248578.64,138927.322,20220830,20220830.0
2022-08-31,000016.SZ,5.66,5.81,5.57,5.6,5.66,-0.0600000000000005,-1.06,258135.4,147567.918,20220831,20220831.0
2022-09-01,000016.SZ,5.58,5.65,5.44,5.45,5.6,-0.1499999999999994,-2.68,162837.85,89880.593,20220901,20220901.0
2022-09-02,000016.SZ,5.47,5.59,5.44,5.57,5.45,0.1200000000000001,2.2,102748.65,56868.212,20220902,20220902.0
2022-09-05,000016.SZ,5.57,5.82,5.53,5.68,5.57,0.1099999999999994,1.97,188663.45,107289.602,20220905,20220905.0
2022-09-06,000016.SZ,5.71,5.78,5.64,5.7,5.68,0.0200000000000004,0.35,126474.66,71941.262,20220906,20220906.0
2022-09-07,000016.SZ,5.75,5.77,5.64,5.67,5.7,-0.0300000000000002,-0.53,96043.71,54416.825,20220907,20220907.0
2022-09-08,000016.SZ,5.7,5.71,5.53,5.53,5.67,-0.1399999999999996,-2.47,123559.0,69063.914,20220908,20220908.0
2022-09-09,000016.SZ,5.54,5.62,5.5,5.58,5.53,0.0499999999999998,0.9,92544.59,51432.114,20220909,20220909.0
2022-09-13,000016.SZ,5.58,5.68,5.55,5.57,5.58,-0.0099999999999997,-0.18,76847.0,43046.053,20220913,20220913.0
2022-09-14,000016.SZ,5.5,5.51,5.37,5.43,5.57,-0.1400000000000005,-2.51,112402.98,61030.36,20220914,20220914.0
2022-09-15,000016.SZ,5.46,5.49,5.23,5.31,5.43,-0.1200000000000001,-2.21,111012.66,59195.221,20220915,20220915.0
2022-09-16,000016.SZ,5.31,5.34,5.16,5.16,5.31,-0.1499999999999994,-2.82,97796.0,51161.703,20220916,20220916.0
2022-09-19,000016.SZ,5.16,5.23,5.03,5.06,5.16,-0.1000000000000005,-1.94,111170.1,56550.0,20220919,20220919.0
2022-09-20,000016.SZ,5.1,5.15,5.05,5.07,5.06,0.0100000000000006,0.2,78167.97,39765.83,20220920,20220920.0
2022-09-21,000016.SZ,5.08,5.11,5.0,5.1,5.07,0.0299999999999993,0.59,103517.45,52325.931,20220921,20220921.0
2022-09-22,000016.SZ,5.05,5.13,5.02,5.07,5.1,-0.0299999999999993,-0.59,100976.17,51244.782,20220922,20220922.0
2022-09-23,000016.SZ,5.08,5.11,4.95,5.0,5.07,-0.0700000000000002,-1.38,114594.41,57645.68,20220923,20220923.0
2022-09-26,000016.SZ,4.95,4.99,4.84,4.85,5.0,-0.1500000000000003,-3.0,107571.5,52851.775,20220926,20220926.0
2022-09-27,000016.SZ,4.88,5.07,4.88,5.05,4.85,0.2000000000000001,4.12,85917.72,42703.937,20220927,20220927.0
2022-09-28,000016.SZ,5.05,5.08,4.96,4.97,5.05,-0.08,-1.58,60667.4,30400.324,20220928,20220928.0
2022-09-29,000016.SZ,5.02,5.05,4.85,4.87,4.97,-0.0999999999999996,-2.01,83958.27,41338.348,20220929,20220929.0
2022-09-30,000016.SZ,4.85,4.93,4.79,4.81,4.87,-0.0600000000000005,-1.23,68606.73,33214.24,20220930,20220930.0
2022-10-10,000016.SZ,4.9,4.93,4.7,4.71,4.81,-0.0999999999999996,-2.08,67094.33,32034.999,20221010,20221010.0
2022-10-11,000016.SZ,4.71,4.82,4.7,4.78,4.71,0.0700000000000002,1.49,68939.54,32891.171,20221011,20221011.0
2022-10-12,000016.SZ,4.79,5.02,4.74,5.01,4.78,0.2299999999999995,4.81,84360.41,41152.157,20221012,20221012.0
2022-10-13,000016.SZ,4.98,5.08,4.96,5.02,5.01,0.0099999999999997,0.2,75624.89,38017.543,20221013,20221013.0
2022-10-14,000016.SZ,5.04,5.11,5.03,5.09,5.02,0.0700000000000002,1.39,76076.89,38639.682,20221014,20221014.0
2022-10-17,000016.SZ,5.03,5.14,5.03,5.12,5.09,0.0300000000000002,0.59,85714.24,43620.537,20221017,20221017.0
2022-10-18,000016.SZ,5.13,5.16,5.1,5.11,5.12,-0.0099999999999997,-0.2,56823.0,29094.771,20221018,20221018.0
2022-10-19,000016.SZ,5.11,5.13,5.02,5.03,5.11,-0.08,-1.57,71432.0,36218.606,20221019,20221019.0
2022-10-20,000016.SZ,5.05,5.13,4.97,5.09,5.03,0.0599999999999996,1.19,96635.04,48874.505,20221020,20221020.0
2022-10-21,000016.SZ,5.08,5.13,5.04,5.06,5.09,-0.0300000000000002,-0.59,64308.9,32680.227,20221021,20221021.0
2022-10-24,000016.SZ,5.07,5.13,4.9,4.93,5.06,-0.1299999999999999,-2.57,112684.24,56362.162,20221024,20221024.0
2022-10-25,000016.SZ,4.96,4.98,4.86,4.92,4.93,-0.0099999999999997,-0.2,79197.54,38958.56,20221025,20221025.0
2022-10-26,000016.SZ,4.96,5.07,4.9,5.04,4.92,0.1200000000000001,2.44,79240.19,39756.361,20221026,20221026.0
2022-10-27,000016.SZ,5.02,5.14,5.02,5.11,5.04,0.0700000000000002,1.39,96894.16,49514.009,20221027,20221027.0
2022-10-28,000016.SZ,5.11,5.12,4.89,4.91,5.11,-0.2000000000000001,-3.91,101654.17,50664.509,20221028,20221028.0
2022-10-31,000016.SZ,4.89,4.99,4.83,4.86,4.91,-0.0499999999999998,-1.02,136563.04,66944.526,20221031,20221031.0
2022-11-01,000016.SZ,4.86,5.02,4.86,5.02,4.86,0.1599999999999992,3.29,120465.0,59785.399,20221101,20221101.0
2022-11-02,000016.SZ,5.07,5.18,5.05,5.1,5.02,0.08,1.59,116469.86,59477.758,20221102,20221102.0
2022-11-03,000016.SZ,5.09,5.09,5.01,5.04,5.1,-0.0599999999999996,-1.18,71703.81,36194.097,20221103,20221103.0
2022-11-04,000016.SZ,5.04,5.13,5.01,5.12,5.04,0.08,1.59,97951.07,49813.655,20221104,20221104.0
2022-11-07,000016.SZ,5.1,5.17,5.09,5.15,5.12,0.0300000000000002,0.59,95843.13,49260.067,20221107,20221107.0
2022-11-08,000016.SZ,5.15,5.18,5.07,5.13,5.15,-0.0200000000000004,-0.39,75696.24,38687.104,20221108,20221108.0
2022-11-09,000016.SZ,5.15,5.15,5.09,5.11,5.13,-0.0199999999999995,-0.39,67990.74,34794.001,20221109,20221109.0
2022-11-10,000016.SZ,5.09,5.18,5.05,5.09,5.11,-0.0200000000000004,-0.39,113139.0,57681.294,20221110,20221110.0
2022-11-11,000016.SZ,5.14,5.19,5.1,5.13,5.09,0.04,0.79,142513.14,73354.74,20221111,20221111.0
2022-11-14,000016.SZ,5.16,5.21,5.12,5.13,5.13,0.0,0.0,113843.23,58801.555,20221114,20221114.0
2022-11-15,000016.SZ,5.11,5.27,5.08,5.27,5.13,0.1399999999999996,2.73,138697.61,72268.131,20221115,20221115.0
2022-11-16,000016.SZ,5.23,5.28,5.19,5.21,5.27,-0.0599999999999996,-1.14,97819.34,51107.853,20221116,20221116.0
2022-11-17,000016.SZ,5.18,5.2,5.1,5.2,5.21,-0.0099999999999997,-0.19,126159.05,65036.742,20221117,20221117.0
2022-11-18,000016.SZ,5.19,5.23,5.11,5.12,5.2,-0.08,-1.54,88711.45,45882.066,20221118,20221118.0
2022-11-21,000016.SZ,5.13,5.13,4.99,5.01,5.12,-0.1100000000000003,-2.15,122367.34,61509.006,20221121,20221121.0
2022-11-22,000016.SZ,5.0,5.03,4.92,4.93,5.01,-0.08,-1.6,140159.96,69651.396,20221122,20221122.0
2022-11-23,000016.SZ,4.93,4.97,4.86,4.96,4.93,0.0300000000000002,0.61,99302.04,48855.639,20221123,20221123.0
2022-11-24,000016.SZ,4.93,4.97,4.91,4.92,4.96,-0.04,-0.81,94073.0,46465.423,20221124,20221124.0
2022-11-25,000016.SZ,4.91,4.93,4.87,4.92,4.92,0.0,0.0,58967.66,28926.988,20221125,20221125.0
2022-11-28,000016.SZ,4.88,4.88,4.78,4.84,4.92,-0.08,-1.63,113757.32,54904.807,20221128,20221128.0
2022-11-29,000016.SZ,4.9,5.0,4.86,4.98,4.84,0.1400000000000005,2.89,129948.27,64226.45,20221129,20221129.0
2022-11-30,000016.SZ,4.99,4.99,4.91,4.93,4.98,-0.0500000000000007,-1.0,86542.64,42843.751,20221130,20221130.0
2022-12-01,000016.SZ,4.97,5.01,4.96,4.97,4.93,0.04,0.81,96621.28,48213.116,20221201,20221201.0
2022-12-02,000016.SZ,4.95,5.0,4.95,4.97,4.97,0.0,0.0,71438.9,35546.159,20221202,20221202.0
2022-12-05,000016.SZ,4.99,5.09,4.99,5.07,4.97,0.1000000000000005,2.01,136350.16,68963.812,20221205,20221205.0
2022-12-06,000016.SZ,5.07,5.12,5.03,5.07,5.07,0.0,0.0,105975.0,53889.842,20221206,20221206.0
2022-12-07,000016.SZ,5.08,5.08,5.02,5.06,5.07,-0.0100000000000006,-0.2,83090.0,41969.738,20221207,20221207.0
2022-12-08,000016.SZ,5.06,5.07,5.01,5.02,5.06,-0.04,-0.79,78668.37,39541.308,20221208,20221208.0
2022-12-09,000016.SZ,5.03,5.09,5.01,5.07,5.02,0.0500000000000007,1.0,113695.54,57427.333,20221209,20221209.0
2022-12-12,000016.SZ,5.06,5.07,4.93,4.93,5.07,-0.1400000000000005,-2.76,114195.0,56811.098,20221212,20221212.0
2022-12-13,000016.SZ,4.98,4.98,4.91,4.94,4.93,0.0100000000000006,0.2,67221.66,33231.8,20221213,20221213.0
2022-12-14,000016.SZ,4.95,5.02,4.91,4.91,4.94,-0.0300000000000002,-0.61,65542.4,32504.907,20221214,20221214.0
2022-12-15,000016.SZ,4.91,4.99,4.9,4.94,4.91,0.0300000000000002,0.61,61727.2,30537.877,20221215,20221215.0
2022-12-16,000016.SZ,4.91,4.93,4.85,4.89,4.94,-0.0500000000000007,-1.01,76255.0,37203.992,20221216,20221216.0
2022-12-19,000016.SZ,4.91,4.94,4.72,4.75,4.89,-0.1399999999999996,-2.86,142286.04,68063.608,20221219,20221219.0
2022-12-20,000016.SZ,4.75,4.76,4.64,4.73,4.75,-0.0199999999999995,-0.42,79992.37,37704.413,20221220,20221220.0
2022-12-21,000016.SZ,4.78,4.78,4.64,4.67,4.73,-0.0600000000000005,-1.27,104519.9,49037.486,20221221,20221221.0
2022-12-22,000016.SZ,4.67,4.71,4.57,4.59,4.67,-0.08,-1.71,71286.19,33092.56,20221222,20221222.0
2022-12-23,000016.SZ,4.6,4.66,4.56,4.61,4.59,0.0200000000000004,0.44,49883.51,22980.699,20221223,20221223.0
2022-12-26,000016.SZ,4.61,4.65,4.58,4.61,4.61,0.0,0.0,60669.0,27951.856,20221226,20221226.0
2022-12-27,000016.SZ,4.6,4.64,4.57,4.63,4.61,0.0199999999999995,0.43,54843.0,25252.746,20221227,20221227.0
2022-12-28,000016.SZ,4.63,4.63,4.54,4.57,4.63,-0.0599999999999996,-1.3,66047.32,30265.286,20221228,20221228.0
2022-12-29,000016.SZ,4.55,4.57,4.5,4.5,4.57,-0.0700000000000002,-1.53,60739.73,27467.397,20221229,20221229.0
2022-12-30,000016.SZ,4.52,4.55,4.47,4.51,4.5,0.0099999999999997,0.22,78761.43,35436.907,20221230,20221230.0
2023-01-03,000016.SZ,4.51,4.59,4.47,4.59,4.51,0.08,1.77,89126.16,40412.667,20230103,20230103.0
2023-01-04,000016.SZ,4.56,4.65,4.54,4.63,4.59,0.04,0.87,106591.3,49120.01,20230104,20230104.0
2023-01-05,000016.SZ,4.65,4.66,4.6,4.62,4.63,-0.0099999999999997,-0.22,60528.98,27940.947,20230105,20230105.0
2023-01-06,000016.SZ,4.62,4.65,4.6,4.62,4.62,0.0,0.0,65585.71,30309.658,20230106,20230106.0
2023-01-09,000016.SZ,4.62,4.64,4.58,4.6,4.62,-0.0200000000000004,-0.43,65226.76,30034.326,20230109,20230109.0
2023-01-10,000016.SZ,4.61,4.65,4.58,4.62,4.6,0.0200000000000004,0.43,71603.98,33082.214,20230110,20230110.0
2023-01-11,000016.SZ,4.6,4.68,4.6,4.63,4.62,0.0099999999999997,0.22,90643.5,42149.785,20230111,20230111.0
2023-01-12,000016.SZ,4.65,4.67,4.61,4.63,4.63,0.0,0.0,77963.12,36162.932,20230112,20230112.0
2023-01-13,000016.SZ,4.66,4.67,4.59,4.66,4.63,0.0300000000000002,0.65,77832.02,35984.648,20230113,20230113.0
2023-01-16,000016.SZ,4.68,4.76,4.65,4.72,4.66,0.0599999999999996,1.29,102483.33,48220.047,20230116,20230116.0
2023-01-17,000016.SZ,4.79,4.79,4.67,4.72,4.72,0.0,0.0,110866.06,52251.826,20230117,20230117.0
2023-01-18,000016.SZ,4.72,4.76,4.7,4.72,4.72,0.0,0.0,57300.0,27076.374,20230118,20230118.0
2023-01-19,000016.SZ,4.7,4.77,4.7,4.76,4.72,0.04,0.85,61369.87,29097.651,20230119,20230119.0
2023-01-20,000016.SZ,4.77,4.8,4.74,4.78,4.76,0.0200000000000004,0.42,69100.0,32996.699,20230120,20230120.0
2023-01-30,000016.SZ,4.83,4.88,4.8,4.81,4.78,0.0299999999999993,0.63,108144.08,52300.678,20230130,20230130.0
2023-01-31,000016.SZ,4.69,4.72,4.64,4.71,4.81,-0.0999999999999996,-2.08,164391.14,76850.134,20230131,20230131.0
2023-02-01,000016.SZ,4.75,4.81,4.69,4.79,4.71,0.08,1.7,101303.02,48155.266,20230201,20230201.0
2023-02-02,000016.SZ,4.8,4.85,4.78,4.81,4.79,0.0199999999999995,0.42,113740.0,54912.696,20230202,20230202.0
2023-02-03,000016.SZ,4.83,4.85,4.75,4.8,4.81,-0.0099999999999997,-0.21,100207.3,48070.53,20230203,20230203.0
2023-02-06,000016.SZ,4.79,4.8,4.71,4.74,4.8,-0.0599999999999996,-1.25,74972.12,35605.327,20230206,20230206.0
2023-02-07,000016.SZ,4.75,4.79,4.72,4.79,4.74,0.0499999999999998,1.05,94663.3,44960.102,20230207,20230207.0
2023-02-08,000016.SZ,4.8,4.8,4.74,4.74,4.79,-0.0499999999999998,-1.04,78701.0,37469.831,20230208,20230208.0
2023-02-09,000016.SZ,4.78,4.87,4.72,4.84,4.74,0.0999999999999996,2.11,140838.54,67598.725,20230209,20230209.0
2023-02-10,000016.SZ,4.84,4.88,4.77,4.82,4.84,-0.0199999999999995,-0.41,164580.35,79462.687,20230210,20230210.0
2023-02-13,000016.SZ,4.83,4.85,4.8,4.84,4.82,0.0199999999999995,0.41,94844.05,45874.211,20230213,20230213.0
2023-02-14,000016.SZ,4.87,4.88,4.81,4.83,4.84,-0.0099999999999997,-0.21,93375.6,45197.721,20230214,20230214.0
2023-02-15,000016.SZ,4.84,4.97,4.83,4.9,4.83,0.0700000000000002,1.45,169928.52,83434.497,20230215,20230215.0
2023-02-16,000016.SZ,4.88,4.97,4.8,4.84,4.9,-0.0600000000000005,-1.22,186885.0,91718.789,20230216,20230216.0
2023-02-17,000016.SZ,4.83,4.89,4.78,4.79,4.84,-0.0499999999999998,-1.03,109375.48,52857.058,20230217,20230217.0
2023-02-20,000016.SZ,4.79,4.91,4.76,4.91,4.79,0.1200000000000001,2.51,149528.94,72637.137,20230220,20230220.0
2023-02-21,000016.SZ,4.95,4.97,4.83,4.87,4.91,-0.04,-0.81,283280.84,138438.065,20230221,20230221.0
2023-02-22,000016.SZ,4.87,4.89,4.81,4.88,4.87,0.0099999999999997,0.21,150871.58,73204.209,20230222,20230222.0
2023-02-23,000016.SZ,4.91,4.92,4.83,4.87,4.88,-0.0099999999999997,-0.2,114718.13,55932.375,20230223,20230223.0
2023-02-24,000016.SZ,4.89,4.89,4.83,4.85,4.87,-0.0200000000000004,-0.41,73110.0,35484.433,20230224,20230224.0
2023-02-27,000016.SZ,4.81,4.88,4.8,4.81,4.85,-0.04,-0.82,85842.44,41508.545,20230227,20230227.0
2023-02-28,000016.SZ,4.82,4.84,4.75,4.81,4.81,0.0,0.0,124854.36,59831.513,20230228,20230228.0
2023-03-01,000016.SZ,4.78,4.88,4.78,4.86,4.81,0.0500000000000007,1.04,116989.0,56702.953,20230301,20230301.0
2023-03-02,000016.SZ,4.85,4.87,4.82,4.83,4.86,-0.0300000000000002,-0.62,96103.7,46561.26,20230302,20230302.0
2023-03-03,000016.SZ,4.84,4.87,4.83,4.87,4.83,0.04,0.83,110624.2,53643.888,20230303,20230303.0
2023-03-06,000016.SZ,4.89,4.9,4.8,4.81,4.87,-0.0600000000000005,-1.23,100781.0,48683.605,20230306,20230306.0
2023-03-07,000016.SZ,4.8,4.84,4.69,4.69,4.81,-0.1199999999999992,-2.49,130201.09,61958.012,20230307,20230307.0
2023-03-08,000016.SZ,4.69,4.71,4.66,4.7,4.69,0.0099999999999997,0.21,81290.64,38093.336,20230308,20230308.0
2023-03-09,000016.SZ,4.69,4.72,4.65,4.7,4.7,0.0,0.0,68722.93,32198.516,20230309,20230309.0
2023-03-10,000016.SZ,4.68,4.71,4.62,4.62,4.7,-0.08,-1.7,75899.06,35398.605,20230310,20230310.0
2023-03-13,000016.SZ,4.6,4.65,4.57,4.64,4.62,0.0199999999999995,0.43,76164.56,35115.812,20230313,20230313.0
2023-03-14,000016.SZ,4.64,4.64,4.5,4.6,4.64,-0.04,-0.86,97546.65,44527.904,20230314,20230314.0
2023-03-15,000016.SZ,4.59,4.68,4.59,4.68,4.6,0.08,1.74,71422.88,33230.581,20230315,20230315.0
2023-03-16,000016.SZ,4.66,4.67,4.58,4.6,4.68,-0.08,-1.71,73300.14,33862.586,20230316,20230316.0
2023-03-17,000016.SZ,4.6,4.68,4.6,4.65,4.6,0.0500000000000007,1.09,73584.0,34181.038,20230317,20230317.0
2023-03-20,000016.SZ,4.68,4.71,4.62,4.65,4.65,0.0,0.0,53962.79,25176.983,20230320,20230320.0
2023-03-21,000016.SZ,4.65,4.67,4.63,4.66,4.65,0.0099999999999997,0.22,66646.73,30972.766,20230321,20230321.0
2023-03-22,000016.SZ,4.64,4.74,4.64,4.73,4.66,0.0700000000000002,1.5,131023.5,61644.76,20230322,20230322.0
2023-03-23,000016.SZ,4.72,4.86,4.7,4.85,4.73,0.1199999999999992,2.54,202891.86,97519.348,20230323,20230323.0
2023-03-24,000016.SZ,4.87,5.2,4.85,5.11,4.85,0.2600000000000007,5.36,541858.79,273662.416,20230324,20230324.0
2023-03-27,000016.SZ,5.08,5.18,4.93,5.03,5.11,-0.08,-1.57,289873.41,146039.376,20230327,20230327.0
2023-03-28,000016.SZ,4.99,5.01,4.82,4.84,5.03,-0.1900000000000004,-3.78,245531.0,119725.97,20230328,20230328.0
2023-03-29,000016.SZ,4.82,5.25,4.82,4.97,4.84,0.1299999999999999,2.69,499884.54,253422.04,20230329,20230329.0
2023-03-30,000016.SZ,4.93,5.15,4.81,5.08,4.97,0.1100000000000003,2.21,472605.19,237322.391,20230330,20230330.0
2023-03-31,000016.SZ,5.05,5.11,4.95,5.09,5.08,0.0099999999999997,0.2,291548.88,146653.98,20230331,20230331.0
2023-04-03,000016.SZ,5.21,5.29,5.12,5.16,5.09,0.0700000000000002,1.38,460274.2,239041.8,20230403,20230403.0
2023-04-04,000016.SZ,5.15,5.35,5.1,5.2,5.16,0.04,0.78,478047.49,250581.679,20230404,20230404.0
2023-04-06,000016.SZ,5.17,5.6,5.17,5.37,5.2,0.1699999999999999,3.27,589431.34,316744.649,20230406,20230406.0
2023-04-07,000016.SZ,5.3,5.47,5.28,5.32,5.37,-0.0499999999999998,-0.93,376860.54,201419.516,20230407,20230407.0
2023-04-10,000016.SZ,5.32,5.32,5.16,5.18,5.32,-0.1400000000000005,-2.63,263180.6,137636.385,20230410,20230410.0
2023-04-11,000016.SZ,5.18,5.28,5.14,5.17,5.18,-0.0099999999999997,-0.19,246340.31,128087.556,20230411,20230411.0
2023-04-12,000016.SZ,5.17,5.24,5.13,5.19,5.17,0.0200000000000004,0.39,201894.7,104756.405,20230412,20230412.0
2023-04-13,000016.SZ,5.16,5.17,5.04,5.04,5.19,-0.1500000000000003,-2.89,282184.55,143727.357,20230413,20230413.0
2023-04-14,000016.SZ,5.07,5.1,4.97,5.05,5.04,0.0099999999999997,0.2,219609.17,110553.001,20230414,20230414.0
2023-04-17,000016.SZ,5.1,5.19,5.06,5.13,5.05,0.08,1.58,182748.88,93805.524,20230417,20230417.0
2023-04-18,000016.SZ,5.13,5.13,5.01,5.02,5.13,-0.1100000000000003,-2.14,155531.8,78505.015,20230418,20230418.0
2023-04-19,000016.SZ,5.02,5.13,4.99,5.04,5.02,0.0200000000000004,0.4,139630.0,70476.61,20230419,20230419.0
2023-04-20,000016.SZ,5.03,5.09,5.01,5.05,5.04,0.0099999999999997,0.2,143093.0,72270.257,20230420,20230420.0
2023-04-21,000016.SZ,5.05,5.06,4.84,4.86,5.05,-0.1899999999999995,-3.76,216057.0,106311.053,20230421,20230421.0
2023-04-24,000016.SZ,4.88,4.93,4.78,4.82,4.86,-0.04,-0.82,142347.0,68889.547,20230424,20230424.0
2023-04-25,000016.SZ,4.82,4.84,4.64,4.71,4.82,-0.1100000000000003,-2.28,138553.42,65281.102,20230425,20230425.0
2023-04-26,000016.SZ,4.71,4.75,4.65,4.7,4.71,-0.0099999999999997,-0.21,125997.8,59292.566,20230426,20230426.0
2023-04-27,000016.SZ,4.72,4.72,4.64,4.68,4.7,-0.0200000000000004,-0.43,107197.46,50078.537,20230427,20230427.0
2023-04-28,000016.SZ,4.67,4.74,4.67,4.74,4.68,0.0600000000000005,1.28,93619.87,44059.353,20230428,20230428.0
2023-05-04,000016.SZ,4.78,4.88,4.77,4.82,4.74,0.08,1.69,134152.68,64609.907,20230504,20230504.0
2023-05-05,000016.SZ,4.83,4.83,4.69,4.76,4.82,-0.0600000000000005,-1.24,122949.46,58399.39,20230505,20230505.0
2023-05-08,000016.SZ,4.76,4.78,4.69,4.73,4.76,-0.0299999999999993,-0.63,110267.43,52152.223,20230508,20230508.0
2023-05-09,000016.SZ,4.73,4.86,4.71,4.78,4.73,0.0499999999999998,1.06,147865.62,70905.737,20230509,20230509.0
2023-05-10,000016.SZ,4.78,4.85,4.77,4.83,4.78,0.0499999999999998,1.05,108419.8,52158.817,20230510,20230510.0
2023-05-11,000016.SZ,4.83,4.85,4.78,4.79,4.83,-0.04,-0.83,77251.48,37136.009,20230511,20230511.0
2023-05-12,000016.SZ,4.8,4.86,4.76,4.83,4.79,0.04,0.84,97029.88,46684.545,20230512,20230512.0
2023-05-15,000016.SZ,4.82,4.84,4.65,4.77,4.83,-0.0600000000000005,-1.24,117728.68,55641.896,20230515,20230515.0
2023-05-16,000016.SZ,4.76,4.77,4.69,4.7,4.77,-0.0699999999999994,-1.47,78184.76,36887.669,20230516,20230516.0
2023-05-17,000016.SZ,4.69,4.74,4.67,4.71,4.7,0.0099999999999997,0.21,56145.03,26451.353,20230517,20230517.0
2023-05-18,000016.SZ,4.72,4.78,4.71,4.75,4.71,0.04,0.85,77878.53,36980.437,20230518,20230518.0
2023-05-19,000016.SZ,4.74,4.93,4.71,4.84,4.75,0.0899999999999998,1.89,159355.34,76938.34,20230519,20230519.0
2023-05-22,000016.SZ,4.9,4.99,4.85,4.89,4.84,0.0499999999999998,1.03,137658.19,67373.915,20230522,20230522.0
2023-05-23,000016.SZ,4.86,4.87,4.77,4.77,4.89,-0.1200000000000001,-2.45,113612.27,54558.607,20230523,20230523.0
2023-05-24,000016.SZ,4.75,4.8,4.69,4.7,4.77,-0.0699999999999994,-1.47,104195.4,49295.393,20230524,20230524.0
2023-05-25,000016.SZ,4.71,4.77,4.6,4.68,4.7,-0.0200000000000004,-0.43,121288.0,56702.371,20230525,20230525.0
2023-05-26,000016.SZ,4.66,4.97,4.65,4.82,4.68,0.1400000000000005,2.99,232680.69,112222.265,20230526,20230526.0
2023-05-29,000016.SZ,4.81,4.94,4.8,4.83,4.82,0.0099999999999997,0.21,226958.0,110874.636,20230529,20230529.0
2023-05-30,000016.SZ,4.86,4.91,4.73,4.82,4.83,-0.0099999999999997,-0.21,117024.0,56006.726,20230530,20230530.0
2023-05-31,000016.SZ,4.82,4.93,4.79,4.92,4.82,0.0999999999999996,2.07,181612.45,88676.992,20230531,20230531.0
2023-06-01,000016.SZ,4.9,4.91,4.82,4.85,4.92,-0.0700000000000002,-1.42,122509.46,59547.887,20230601,20230601.0
2023-06-02,000016.SZ,4.86,5.2,4.82,5.08,4.85,0.2300000000000004,4.74,447489.18,226178.381,20230602,20230602.0
2023-06-05,000016.SZ,4.99,5.09,4.91,5.07,5.08,-0.0099999999999997,-0.2,273524.97,137231.819,20230605,20230605.0
2023-06-06,000016.SZ,5.09,5.1,4.88,4.89,5.07,-0.1800000000000006,-3.55,202249.79,100181.968,20230606,20230606.0
2023-06-07,000016.SZ,4.94,4.96,4.87,4.95,4.89,0.0600000000000005,1.23,117083.0,57633.938,20230607,20230607.0
2023-06-08,000016.SZ,4.94,4.96,4.81,4.9,4.95,-0.0499999999999998,-1.01,162440.35,79416.313,20230608,20230608.0
2023-06-09,000016.SZ,4.95,4.96,4.87,4.92,4.9,0.0199999999999995,0.41,126838.45,62278.814,20230609,20230609.0
2023-06-12,000016.SZ,4.9,5.0,4.88,4.98,4.92,0.0600000000000005,1.22,159567.95,79041.149,20230612,20230612.0
2023-06-13,000016.SZ,4.97,5.0,4.95,4.99,4.98,0.0099999999999997,0.2,111893.61,55626.454,20230613,20230613.0
2023-06-14,000016.SZ,4.98,4.99,4.92,4.93,4.99,-0.0600000000000005,-1.2,121608.23,60138.47,20230614,20230614.0
2023-06-15,000016.SZ,4.95,4.95,4.89,4.93,4.93,0.0,0.0,129366.56,63758.084,20230615,20230615.0
2023-06-16,000016.SZ,4.9,4.93,4.87,4.91,4.93,-0.0199999999999995,-0.41,136904.0,67123.187,20230616,20230616.0
2023-06-19,000016.SZ,4.89,4.91,4.8,4.8,4.91,-0.1100000000000003,-2.24,178210.0,86286.4,20230619,20230619.0
2023-06-20,000016.SZ,4.81,4.83,4.75,4.81,4.8,0.0099999999999997,0.21,111542.4,53432.625,20230620,20230620.0
2023-06-21,000016.SZ,4.8,4.81,4.67,4.68,4.81,-0.1299999999999999,-2.7,137854.22,65014.675,20230621,20230621.0
2023-06-26,000016.SZ,4.65,4.68,4.55,4.56,4.68,-0.1200000000000001,-2.56,137682.69,63470.838,20230626,20230626.0
2023-06-27,000016.SZ,4.59,4.65,4.56,4.63,4.56,0.0700000000000002,1.54,96058.32,44359.248,20230627,20230627.0
2023-06-28,000016.SZ,4.63,4.68,4.56,4.65,4.63,0.0200000000000004,0.43,93826.77,43285.135,20230628,20230628.0
2023-06-29,000016.SZ,4.64,4.73,4.63,4.7,4.65,0.0499999999999998,1.08,89841.4,42089.277,20230629,20230629.0
2023-06-30,000016.SZ,4.69,4.74,4.65,4.72,4.7,0.0199999999999995,0.43,76139.4,35857.936,20230630,20230630.0
2023-07-03,000016.SZ,4.73,4.76,4.71,4.74,4.72,0.0200000000000004,0.42,86467.95,40883.344,20230703,20230703.0
2023-07-04,000016.SZ,4.73,4.76,4.71,4.72,4.74,-0.0200000000000004,-0.42,87461.45,41388.33,20230704,20230704.0
2023-07-05,000016.SZ,4.71,4.73,4.67,4.68,4.72,-0.04,-0.85,93904.29,44103.699,20230705,20230705.0
2023-07-06,000016.SZ,4.66,4.78,4.66,4.74,4.68,0.0600000000000005,1.28,120786.87,57326.292,20230706,20230706.0
2023-07-07,000016.SZ,4.73,4.78,4.69,4.76,4.74,0.0199999999999995,0.42,113602.97,53924.706,20230707,20230707.0
2023-07-10,000016.SZ,4.77,4.81,4.7,4.73,4.76,-0.0299999999999993,-0.63,86467.59,40867.533,20230710,20230710.0
2023-07-11,000016.SZ,4.73,4.78,4.71,4.76,4.73,0.0299999999999993,0.63,72712.49,34573.963,20230711,20230711.0
2023-07-12,000016.SZ,4.76,4.77,4.69,4.7,4.76,-0.0599999999999996,-1.26,81488.0,38548.936,20230712,20230712.0
2023-07-13,000016.SZ,4.68,4.77,4.67,4.77,4.7,0.0699999999999994,1.49,137327.97,65104.435,20230713,20230713.0
2023-07-14,000016.SZ,4.76,4.85,4.74,4.75,4.77,-0.0199999999999995,-0.42,116814.6,55856.856,20230714,20230714.0
2023-07-17,000016.SZ,4.68,4.69,4.54,4.59,4.75,-0.1600000000000001,-3.37,227306.43,104263.617,20230717,20230717.0
2023-07-18,000016.SZ,4.58,4.74,4.54,4.6,4.59,0.0099999999999997,0.22,164972.86,76219.744,20230718,20230718.0
2023-07-19,000016.SZ,4.58,4.61,4.51,4.59,4.6,-0.0099999999999997,-0.22,100725.6,46004.731,20230719,20230719.0
2023-07-20,000016.SZ,4.6,4.63,4.54,4.55,4.59,-0.04,-0.87,88283.08,40368.665,20230720,20230720.0
2023-07-21,000016.SZ,4.55,4.59,4.54,4.58,4.55,0.0300000000000002,0.66,74835.96,34219.841,20230721,20230721.0
2023-07-24,000016.SZ,4.57,4.6,4.55,4.58,4.58,0.0,0.0,47829.3,21891.748,20230724,20230724.0
2023-07-25,000016.SZ,4.6,4.65,4.59,4.64,4.58,0.0599999999999996,1.31,102214.95,47279.951,20230725,20230725.0
2023-07-26,000016.SZ,4.63,4.64,4.6,4.63,4.64,-0.0099999999999997,-0.22,82093.0,37951.235,20230726,20230726.0
2023-07-27,000016.SZ,4.62,4.64,4.61,4.62,4.63,-0.0099999999999997,-0.22,79936.0,36966.765,20230727,20230727.0
2023-07-28,000016.SZ,4.6,4.68,4.59,4.67,4.62,0.0499999999999998,1.08,122106.2,56673.155,20230728,20230728.0
2023-07-31,000016.SZ,4.68,4.75,4.68,4.73,4.67,0.0600000000000005,1.28,143537.62,67690.606,20230731,20230731.0
2023-08-01,000016.SZ,4.72,4.74,4.69,4.73,4.73,0.0,0.0,95555.21,45123.658,20230801,20230801.0
2023-08-02,000016.SZ,4.73,4.78,4.71,4.76,4.73,0.0299999999999993,0.63,102675.21,48838.779,20230802,20230802.0
2023-08-03,000016.SZ,4.75,4.77,4.72,4.77,4.76,0.0099999999999997,0.21,99839.01,47404.886,20230803,20230803.0
2023-08-04,000016.SZ,4.78,4.81,4.76,4.76,4.77,-0.0099999999999997,-0.21,134608.02,64390.985,20230804,20230804.0
2023-08-07,000016.SZ,4.77,4.78,4.72,4.74,4.76,-0.0199999999999995,-0.42,75196.01,35649.002,20230807,20230807.0
2023-08-08,000016.SZ,4.74,4.76,4.7,4.71,4.74,-0.0300000000000002,-0.63,62781.0,29600.829,20230808,20230808.0
2023-08-09,000016.SZ,4.7,4.71,4.65,4.67,4.71,-0.04,-0.85,73009.16,34133.091,20230809,20230809.0
2023-08-10,000016.SZ,4.66,4.68,4.63,4.65,4.67,-0.0199999999999995,-0.43,71470.0,33242.805,20230810,20230810.0
2023-08-11,000016.SZ,4.65,4.66,4.56,4.57,4.65,-0.08,-1.72,106480.03,49008.887,20230811,20230811.0
2023-08-14,000016.SZ,4.54,4.55,4.45,4.49,4.57,-0.08,-1.75,144779.0,65089.165,20230814,20230814.0
2023-08-15,000016.SZ,4.48,4.49,4.42,4.46,4.49,-0.0300000000000002,-0.67,104526.75,46515.825,20230815,20230815.0
2023-08-16,000016.SZ,4.44,4.48,4.42,4.42,4.46,-0.04,-0.9,72290.14,32102.657,20230816,20230816.0
2023-08-17,000016.SZ,4.42,4.47,4.36,4.47,4.42,0.0499999999999998,1.13,70736.44,31330.333,20230817,20230817.0
2023-08-18,000016.SZ,4.46,4.48,4.38,4.38,4.47,-0.0899999999999998,-2.01,67990.4,30113.106,20230818,20230818.0
2023-08-21,000016.SZ,4.38,4.42,4.32,4.33,4.38,-0.0499999999999998,-1.14,80429.0,35196.025,20230821,20230821.0
2023-08-22,000016.SZ,4.36,4.38,4.27,4.33,4.33,0.0,0.0,85154.45,36742.253,20230822,20230822.0
2023-08-23,000016.SZ,4.34,4.34,4.22,4.23,4.33,-0.0999999999999996,-2.31,81103.4,34553.08,20230823,20230823.0
2023-08-24,000016.SZ,4.24,4.27,4.2,4.23,4.23,0.0,0.0,84988.0,35996.392,20230824,20230824.0
2023-08-25,000016.SZ,4.23,4.24,4.12,4.14,4.23,-0.0900000000000007,-2.13,107064.38,44678.266,20230825,20230825.0
2023-08-28,000016.SZ,4.3,4.35,4.18,4.2,4.14,0.0600000000000005,1.45,132118.02,56236.811,20230828,20230828.0
2023-08-29,000016.SZ,4.2,4.34,4.18,4.32,4.2,0.1200000000000001,2.86,106527.64,45671.502,20230829,20230829.0
2023-08-30,000016.SZ,4.32,4.4,4.32,4.33,4.32,0.0099999999999997,0.23,106783.0,46565.868,20230830,20230830.0
2023-08-31,000016.SZ,4.35,4.37,4.28,4.3,4.33,-0.0300000000000002,-0.69,53511.0,23061.112,20230831,20230831.0
2023-09-01,000016.SZ,4.31,4.34,4.28,4.33,4.3,0.0300000000000002,0.7,61294.0,26394.842,20230901,20230901.0
2023-09-04,000016.SZ,4.34,4.4,4.32,4.4,4.33,0.0700000000000002,1.62,72283.0,31596.193,20230904,20230904.0
2023-09-05,000016.SZ,4.4,4.43,4.36,4.38,4.4,-0.0200000000000004,-0.45,76793.0,33702.75,20230905,20230905.0
2023-09-06,000016.SZ,4.38,4.58,4.33,4.46,4.38,0.08,1.83,212922.45,95233.425,20230906,20230906.0
2023-09-07,000016.SZ,4.46,4.46,4.33,4.33,4.46,-0.1299999999999999,-2.91,103738.64,45453.042,20230907,20230907.0
2023-09-08,000016.SZ,4.31,4.41,4.3,4.38,4.33,0.0499999999999998,1.15,63474.52,27713.903,20230908,20230908.0
2023-09-11,000016.SZ,4.38,4.44,4.35,4.39,4.38,0.0099999999999997,0.23,119965.0,52628.319,20230911,20230911.0
2023-09-12,000016.SZ,4.4,4.46,4.36,4.43,4.39,0.04,0.91,95355.12,42041.229,20230912,20230912.0
2023-09-13,000016.SZ,4.4,4.42,4.32,4.36,4.43,-0.0699999999999994,-1.58,94924.0,41499.483,20230913,20230913.0
2023-09-14,000016.SZ,4.35,4.37,4.3,4.32,4.36,-0.04,-0.92,59416.0,25729.372,20230914,20230914.0
2023-09-15,000016.SZ,4.33,4.37,4.3,4.34,4.32,0.0199999999999995,0.46,63400.0,27492.981,20230915,20230915.0
2023-09-18,000016.SZ,4.31,4.37,4.3,4.35,4.34,0.0099999999999997,0.23,61065.0,26522.389,20230918,20230918.0
2023-09-19,000016.SZ,4.34,4.36,4.29,4.31,4.35,-0.04,-0.92,69040.02,29816.54,20230919,20230919.0
2023-09-20,000016.SZ,4.3,4.32,4.24,4.26,4.31,-0.0499999999999998,-1.16,53018.4,22709.476,20230920,20230920.0
2023-09-21,000016.SZ,4.24,4.3,4.23,4.27,4.26,0.0099999999999997,0.23,57242.48,24453.003,20230921,20230921.0
2023-09-22,000016.SZ,4.25,4.34,4.25,4.33,4.27,0.0600000000000005,1.41,67260.0,28995.561,20230922,20230922.0
2023-09-25,000016.SZ,4.32,4.33,4.23,4.25,4.33,-0.08,-1.85,82126.12,34989.64,20230925,20230925.0
2023-09-26,000016.SZ,4.26,4.26,4.19,4.19,4.25,-0.0599999999999996,-1.41,66536.96,28049.544,20230926,20230926.0
2023-09-27,000016.SZ,4.19,4.21,4.17,4.19,4.19,0.0,0.0,59364.29,24907.264,20230927,20230927.0
2023-09-28,000016.SZ,4.21,4.31,4.2,4.3,4.19,0.1099999999999994,2.63,95418.38,40658.35,20230928,20230928.0
2023-10-09,000016.SZ,4.28,4.32,4.24,4.26,4.3,-0.04,-0.93,57773.54,24683.062,20231009,20231009.0
2023-10-10,000016.SZ,4.26,4.3,4.25,4.29,4.26,0.0300000000000002,0.7,62245.0,26618.091,20231010,20231010.0
2023-10-11,000016.SZ,4.3,4.3,4.24,4.25,4.29,-0.04,-0.93,75698.0,32268.077,20231011,20231011.0
2023-10-12,000016.SZ,4.28,4.38,4.26,4.37,4.25,0.1200000000000001,2.82,128054.65,55445.519,20231012,20231012.0
2023-10-13,000016.SZ,4.34,4.4,4.32,4.35,4.37,-0.0200000000000004,-0.46,100131.0,43663.939,20231013,20231013.0
2023-10-16,000016.SZ,4.37,4.42,4.35,4.39,4.35,0.04,0.92,122246.44,53631.028,20231016,20231016.0
2023-10-17,000016.SZ,4.41,4.45,4.32,4.33,4.39,-0.0599999999999996,-1.37,109243.0,47596.634,20231017,20231017.0
2023-10-18,000016.SZ,4.34,4.37,4.27,4.28,4.33,-0.0499999999999998,-1.15,86403.85,37160.756,20231018,20231018.0
2023-10-19,000016.SZ,4.26,4.38,4.25,4.25,4.28,-0.0300000000000002,-0.7,111803.72,48170.638,20231019,20231019.0
2023-10-20,000016.SZ,4.23,4.28,4.14,4.15,4.25,-0.0999999999999996,-2.35,115673.64,48579.977,20231020,20231020.0
2023-10-23,000016.SZ,4.13,4.16,3.98,4.0,4.15,-0.1500000000000003,-3.61,128804.16,52233.828,20231023,20231023.0
2023-10-24,000016.SZ,4.02,4.04,3.92,3.98,4.0,-0.02,-0.5,127411.0,50787.882,20231024,20231024.0
2023-10-25,000016.SZ,4.0,4.12,3.96,4.09,3.98,0.1099999999999998,2.76,153775.35,62529.992,20231025,20231025.0
2023-10-26,000016.SZ,4.1,4.17,4.05,4.16,4.09,0.0700000000000002,1.71,117335.0,48395.713,20231026,20231026.0
2023-10-27,000016.SZ,4.16,4.23,4.13,4.2,4.16,0.04,0.96,114231.64,47814.812,20231027,20231027.0
2023-10-30,000016.SZ,4.19,4.29,4.18,4.26,4.2,0.0599999999999996,1.43,99881.0,42320.737,20231030,20231030.0
2023-10-31,000016.SZ,4.23,4.25,4.19,4.23,4.26,-0.0299999999999993,-0.7,111313.08,46962.077,20231031,20231031.0
2023-11-01,000016.SZ,4.23,4.28,4.19,4.25,4.23,0.0199999999999995,0.47,102899.99,43571.478,20231101,20231101.0
2023-11-02,000016.SZ,4.25,4.27,4.18,4.19,4.25,-0.0599999999999996,-1.41,86454.34,36517.806,20231102,20231102.0
2023-11-03,000016.SZ,4.2,4.27,4.18,4.24,4.19,0.0499999999999998,1.19,81308.79,34455.923,20231103,20231103.0
2023-11-06,000016.SZ,4.26,4.36,4.24,4.35,4.24,0.1099999999999994,2.59,148563.16,64288.095,20231106,20231106.0
2023-11-07,000016.SZ,4.34,4.38,4.31,4.32,4.35,-0.0299999999999993,-0.69,78045.88,33853.169,20231107,20231107.0
2023-11-08,000016.SZ,4.32,4.34,4.27,4.31,4.32,-0.0100000000000006,-0.23,106788.0,45904.167,20231108,20231108.0
2023-11-09,000016.SZ,4.3,4.31,4.21,4.23,4.31,-0.0799999999999991,-1.86,94840.71,40305.487,20231109,20231109.0
2023-11-10,000016.SZ,4.24,4.25,4.19,4.22,4.23,-0.0100000000000006,-0.24,73194.72,30926.427,20231110,20231110.0
2023-11-13,000016.SZ,4.24,4.3,4.23,4.3,4.22,0.08,1.9,88217.79,37576.667,20231113,20231113.0
2023-11-14,000016.SZ,4.31,4.38,4.28,4.35,4.3,0.0499999999999998,1.16,130308.79,56558.936,20231114,20231114.0
2023-11-15,000016.SZ,4.37,4.39,4.34,4.34,4.35,-0.0099999999999997,-0.23,103207.0,44995.685,20231115,20231115.0
2023-11-16,000016.SZ,4.34,4.37,4.31,4.32,4.34,-0.0199999999999995,-0.46,70913.0,30781.223,20231116,20231116.0
2023-11-17,000016.SZ,4.31,4.38,4.31,4.36,4.32,0.04,0.93,81135.02,35283.69,20231117,20231117.0
2023-11-20,000016.SZ,4.38,4.39,4.34,4.37,4.36,0.0099999999999997,0.23,97619.48,42596.79,20231120,20231120.0
2023-11-21,000016.SZ,4.34,4.38,4.32,4.34,4.37,-0.0300000000000002,-0.69,102854.02,44752.901,20231121,20231121.0
2023-11-22,000016.SZ,4.33,4.38,4.31,4.31,4.34,-0.0300000000000002,-0.69,93202.29,40436.917,20231122,20231122.0
2023-11-23,000016.SZ,4.31,4.38,4.28,4.37,4.31,0.0600000000000005,1.39,101559.0,44061.734,20231123,20231123.0
2023-11-24,000016.SZ,4.35,4.36,4.26,4.29,4.37,-0.08,-1.83,119251.34,51206.541,20231124,20231124.0
2023-11-27,000016.SZ,4.29,4.31,4.23,4.27,4.29,-0.0200000000000004,-0.47,86369.28,36838.88,20231127,20231127.0
2023-11-28,000016.SZ,4.28,4.34,4.23,4.3,4.27,0.0300000000000002,0.7,89132.0,38261.907,20231128,20231128.0
2023-11-29,000016.SZ,4.3,4.33,4.26,4.28,4.3,-0.0199999999999995,-0.47,85601.0,36752.881,20231129,20231129.0
2023-11-30,000016.SZ,4.26,4.28,4.18,4.21,4.28,-0.0700000000000002,-1.64,88763.0,37433.038,20231130,20231130.0
2023-12-01,000016.SZ,4.18,4.2,4.12,4.18,4.21,-0.0300000000000002,-0.71,96691.0,40251.264,20231201,20231201.0
2023-12-04,000016.SZ,4.18,4.21,4.14,4.16,4.18,-0.0199999999999995,-0.48,86139.44,35921.461,20231204,20231204.0
2023-12-05,000016.SZ,4.16,4.16,4.08,4.08,4.16,-0.08,-1.92,97417.0,40073.391,20231205,20231205.0
2023-12-06,000016.SZ,4.09,4.13,4.06,4.09,4.08,0.0099999999999997,0.25,85821.0,35138.568,20231206,20231206.0
2023-12-07,000016.SZ,4.09,4.11,4.05,4.09,4.09,0.0,0.0,90609.36,36979.333,20231207,20231207.0
2023-12-08,000016.SZ,4.08,4.12,4.02,4.02,4.09,-0.0700000000000002,-1.71,91648.21,37273.177,20231208,20231208.0
2023-12-11,000016.SZ,4.01,4.09,3.98,4.08,4.02,0.0600000000000005,1.49,114360.72,46132.99,20231211,20231211.0
2023-12-12,000016.SZ,4.08,4.1,4.04,4.09,4.08,0.0099999999999997,0.25,74953.49,30479.456,20231212,20231212.0
2023-12-13,000016.SZ,4.08,4.08,4.01,4.02,4.09,-0.0700000000000002,-1.71,94408.33,38163.786,20231213,20231213.0
2023-12-14,000016.SZ,4.03,4.08,4.02,4.04,4.02,0.0200000000000004,0.5,85269.2,34524.316,20231214,20231214.0
2023-12-15,000016.SZ,4.03,4.08,4.01,4.01,4.04,-0.0300000000000002,-0.74,73095.84,29490.616,20231215,20231215.0
2023-12-18,000016.SZ,4.01,4.02,3.92,3.94,4.01,-0.0699999999999998,-1.75,136290.92,53955.172,20231218,20231218.0
2023-12-19,000016.SZ,3.94,3.95,3.85,3.89,3.94,-0.0499999999999998,-1.27,154188.49,60220.931,20231219,20231219.0
2023-12-20,000016.SZ,3.91,3.91,3.82,3.83,3.89,-0.06,-1.54,123595.2,47680.068,20231220,20231220.0
2023-12-21,000016.SZ,3.81,3.83,3.74,3.82,3.83,-0.0100000000000002,-0.26,133788.44,50717.013,20231221,20231221.0
2023-12-22,000016.SZ,3.82,3.83,3.75,3.76,3.82,-0.06,-1.57,130327.56,49225.996,20231222,20231222.0
2023-12-25,000016.SZ,3.76,3.79,3.72,3.75,3.76,-0.0099999999999997,-0.27,78952.0,29628.015,20231225,20231225.0
2023-12-26,000016.SZ,3.74,3.75,3.66,3.66,3.75,-0.0899999999999998,-2.4,103274.02,38095.985,20231226,20231226.0
2023-12-27,000016.SZ,3.7,3.75,3.66,3.74,3.66,0.08,2.19,148654.51,55200.165,20231227,20231227.0
2023-12-28,000016.SZ,3.74,3.81,3.7,3.79,3.74,0.0499999999999998,1.34,101749.26,38328.23,20231228,20231228.0
2023-12-29,000016.SZ,3.86,4.17,3.84,4.17,3.79,0.3799999999999999,10.03,283906.73,116478.995,20231229,20231229.0
2024-01-02,000016.SZ,4.35,4.35,4.03,4.03,4.17,-0.1399999999999996,-3.36,916251.4,378940.305,20240102,20240102.0
2024-01-03,000016.SZ,4.09,4.14,3.98,4.04,4.03,0.0099999999999997,0.25,427601.0,173133.22,20240103,20240103.0
2024-01-04,000016.SZ,3.99,4.03,3.89,3.94,4.04,-0.1,-2.48,378713.0,149033.494,20240104,20240104.0
2024-01-05,000016.SZ,3.92,3.94,3.8,3.86,3.94,-0.08,-2.03,295674.0,114709.78,20240105,20240105.0
2024-01-08,000016.SZ,3.85,3.87,3.7,3.7,3.86,-0.1599999999999997,-4.15,234893.5,88341.962,20240108,20240108.0
2024-01-09,000016.SZ,3.7,3.77,3.67,3.7,3.7,0.0,0.0,196482.96,73003.696,20240109,20240109.0
2024-01-10,000016.SZ,3.7,3.72,3.61,3.65,3.7,-0.0500000000000002,-1.35,189764.0,69409.143,20240110,20240110.0
2024-01-11,000016.SZ,3.65,3.79,3.63,3.78,3.65,0.1299999999999999,3.56,197445.22,73670.396,20240111,20240111.0
2024-01-12,000016.SZ,3.77,3.77,3.71,3.72,3.78,-0.0599999999999996,-1.59,164909.17,61690.185,20240112,20240112.0
2024-01-15,000016.SZ,3.7,3.8,3.69,3.76,3.72,0.0399999999999995,1.08,177975.69,66815.853,20240115,20240115.0
2024-01-16,000016.SZ,3.76,3.76,3.65,3.74,3.76,-0.0199999999999995,-0.53,153054.81,56690.878,20240116,20240116.0
2024-01-17,000016.SZ,3.73,3.77,3.67,3.68,3.74,-0.06,-1.6,129426.8,48077.275,20240117,20240117.0
2024-01-18,000016.SZ,3.64,3.66,3.47,3.57,3.68,-0.1100000000000003,-2.99,260970.0,92475.707,20240118,20240118.0
2024-01-19,000016.SZ,3.54,3.61,3.52,3.54,3.57,-0.0299999999999998,-0.84,159972.68,57041.196,20240119,20240119.0
2024-01-22,000016.SZ,3.52,3.89,3.51,3.63,3.54,0.0899999999999998,2.54,652425.86,242738.338,20240122,20240122.0
2024-01-23,000016.SZ,3.61,3.63,3.45,3.54,3.63,-0.0899999999999998,-2.48,438832.37,155092.204,20240123,20240123.0
2024-01-24,000016.SZ,3.52,3.8,3.52,3.69,3.54,0.1499999999999999,4.24,445212.32,162129.229,20240124,20240124.0
2024-01-25,000016.SZ,3.64,3.82,3.61,3.81,3.69,0.1200000000000001,3.25,402427.95,150326.996,20240125,20240125.0
2024-01-26,000016.SZ,3.79,3.82,3.73,3.78,3.81,-0.0300000000000002,-0.79,329639.48,124469.594,20240126,20240126.0
2024-01-29,000016.SZ,3.79,3.8,3.63,3.65,3.78,-0.1299999999999999,-3.44,240666.2,88985.647,20240129,20240129.0
2024-01-30,000016.SZ,3.63,3.66,3.48,3.49,3.65,-0.1599999999999997,-4.38,201149.46,71757.326,20240130,20240130.0
2024-01-31,000016.SZ,3.4,3.44,3.14,3.14,3.49,-0.3500000000000001,-10.03,423141.48,135784.907,20240131,20240131.0
2024-02-01,000016.SZ,3.06,3.14,3.01,3.05,3.14,-0.0900000000000003,-2.87,249075.74,76475.092,20240201,20240201.0
2024-02-02,000016.SZ,3.07,3.14,2.75,2.9,3.05,-0.1499999999999999,-4.92,362881.11,106452.978,20240202,20240202.0
2024-02-05,000016.SZ,2.89,2.89,2.61,2.61,2.9,-0.29,-10.0,395767.1,104914.692,20240205,20240205.0
2024-02-06,000016.SZ,2.45,2.74,2.41,2.66,2.61,0.0500000000000002,1.92,461331.7,116823.027,20240206,20240206.0
2024-02-07,000016.SZ,2.66,2.77,2.64,2.74,2.66,0.08,3.01,309266.71,84227.39,20240207,20240207.0
2024-02-08,000016.SZ,2.75,3.01,2.75,3.01,2.74,0.2699999999999996,9.85,248698.31,73963.169,20240208,20240208.0
2024-02-19,000016.SZ,3.09,3.11,2.96,3.01,3.01,0.0,0.0,375617.1,114058.895,20240219,20240219.0
2024-02-20,000016.SZ,3.02,3.06,2.94,3.04,3.01,0.0300000000000002,1.0,210604.12,63272.071,20240220,20240220.0
2024-02-21,000016.SZ,3.0,3.18,2.97,3.08,3.04,0.04,1.32,265087.2,82308.643,20240221,20240221.0
2024-02-22,000016.SZ,3.06,3.16,3.05,3.14,3.08,0.06,1.95,196333.0,61136.002,20240222,20240222.0
2024-02-23,000016.SZ,3.13,3.21,3.11,3.21,3.14,0.0699999999999998,2.23,197942.63,62663.197,20240223,20240223.0
2024-02-26,000016.SZ,3.29,3.38,3.25,3.29,3.21,0.08,2.49,295345.0,97670.436,20240226,20240226.0
2024-02-27,000016.SZ,3.26,3.37,3.26,3.37,3.29,0.08,2.43,206991.22,68581.341,20240227,20240227.0
2024-02-28,000016.SZ,3.38,3.45,3.13,3.14,3.37,-0.2299999999999999,-6.82,367088.0,121591.768,20240228,20240228.0
2024-02-29,000016.SZ,3.11,3.28,3.08,3.28,3.14,0.1399999999999996,4.46,222161.17,71610.519,20240229,20240229.0
2024-03-01,000016.SZ,3.28,3.33,3.25,3.31,3.28,0.0300000000000002,0.91,148895.76,49045.796,20240301,20240301.0
2024-03-04,000016.SZ,3.32,3.37,3.26,3.36,3.31,0.0499999999999998,1.51,239745.44,79875.213,20240304,20240304.0
2024-03-05,000016.SZ,3.33,3.34,3.25,3.28,3.36,-0.08,-2.38,151723.47,49966.156,20240305,20240305.0
2024-03-06,000016.SZ,3.26,3.35,3.22,3.3,3.28,0.02,0.61,140098.87,45950.653,20240306,20240306.0
2024-03-07,000016.SZ,3.32,3.35,3.25,3.25,3.3,-0.0499999999999998,-1.52,143125.99,47276.504,20240307,20240307.0
2024-03-08,000016.SZ,3.26,3.3,3.21,3.28,3.25,0.0299999999999998,0.92,155243.1,50533.427,20240308,20240308.0
2024-03-11,000016.SZ,3.28,3.35,3.25,3.35,3.28,0.0700000000000002,2.13,155652.58,51281.613,20240311,20240311.0
2024-03-12,000016.SZ,3.35,3.69,3.34,3.49,3.35,0.1400000000000001,4.18,852157.42,305011.441,20240312,20240312.0
2024-03-13,000016.SZ,3.48,3.59,3.41,3.48,3.49,-0.0100000000000002,-0.29,683074.26,238734.392,20240313,20240313.0
2024-03-14,000016.SZ,3.48,3.52,3.36,3.4,3.48,-0.08,-2.3,400019.6,136688.773,20240314,20240314.0
2024-03-15,000016.SZ,3.39,3.44,3.33,3.42,3.4,0.02,0.59,248321.95,83979.403,20240315,20240315.0
2024-03-18,000016.SZ,3.42,3.48,3.4,3.48,3.42,0.06,1.75,285123.0,98077.834,20240318,20240318.0
2024-03-19,000016.SZ,3.48,3.5,3.42,3.44,3.48,-0.04,-1.15,215843.16,74603.463,20240319,20240319.0
2024-03-20,000016.SZ,3.47,3.49,3.44,3.49,3.44,0.0500000000000002,1.45,219989.32,76272.068,20240320,20240320.0
2024-03-21,000016.SZ,3.54,3.61,3.49,3.56,3.49,0.0699999999999998,2.01,306950.36,108648.707,20240321,20240321.0
2024-03-22,000016.SZ,3.58,3.64,3.48,3.53,3.56,-0.0300000000000002,-0.84,314518.99,111145.933,20240322,20240322.0
2024-03-25,000016.SZ,3.49,3.56,3.42,3.43,3.53,-0.0999999999999996,-2.83,241059.0,84070.587,20240325,20240325.0
2024-03-26,000016.SZ,3.41,3.45,3.36,3.41,3.43,-0.02,-0.58,166097.37,56521.513,20240326,20240326.0
2024-03-27,000016.SZ,3.37,3.43,3.3,3.3,3.41,-0.1100000000000003,-3.23,159066.0,53371.089,20240327,20240327.0
2024-03-28,000016.SZ,3.31,3.43,3.31,3.4,3.3,0.1,3.03,192776.06,65139.117,20240328,20240328.0
2024-03-29,000016.SZ,3.41,3.42,3.35,3.4,3.4,0.0,0.0,104246.36,35229.798,20240329,20240329.0
2024-04-01,000016.SZ,3.41,3.51,3.38,3.5,3.4,0.1,2.94,184302.0,63783.151,20240401,20240401.0
2024-04-02,000016.SZ,3.49,3.5,3.38,3.41,3.5,-0.0899999999999998,-2.57,188080.18,64324.123,20240402,20240402.0
2024-04-03,000016.SZ,3.4,3.4,3.3,3.34,3.41,-0.0700000000000002,-2.05,155373.36,51922.173,20240403,20240403.0
2024-04-08,000016.SZ,3.34,3.34,3.23,3.23,3.34,-0.1099999999999998,-3.29,133275.49,43704.981,20240408,20240408.0
2024-04-09,000016.SZ,3.23,3.28,3.22,3.27,3.23,0.04,1.24,96679.36,31437.114,20240409,20240409.0
2024-04-10,000016.SZ,3.26,3.26,3.14,3.18,3.27,-0.0899999999999998,-2.75,126713.79,40366.724,20240410,20240410.0
2024-04-11,000016.SZ,3.14,3.22,3.13,3.16,3.18,-0.02,-0.63,106968.16,34000.189,20240411,20240411.0
2024-04-12,000016.SZ,3.18,3.27,3.17,3.18,3.16,0.02,0.63,137963.33,44315.011,20240412,20240412.0
2024-04-15,000016.SZ,3.15,3.18,2.93,3.04,3.18,-0.1400000000000001,-4.4,213072.97,64909.625,20240415,20240415.0
2024-04-16,000016.SZ,3.01,3.03,2.82,2.83,3.04,-0.2099999999999999,-6.91,202540.0,58711.2,20240416,20240416.0
2024-04-17,000016.SZ,2.86,3.01,2.86,3.01,2.83,0.1799999999999997,6.36,186823.05,55343.237,20240417,20240417.0
2024-04-18,000016.SZ,3.0,3.09,2.95,3.0,3.01,-0.0099999999999997,-0.33,197555.89,59775.174,20240418,20240418.0
2024-04-19,000016.SZ,2.97,3.01,2.92,2.93,3.0,-0.0699999999999998,-2.33,151744.69,44800.24,20240419,20240419.0
2024-04-22,000016.SZ,2.93,2.98,2.87,2.92,2.93,-0.0100000000000002,-0.34,119318.0,34908.828,20240422,20240422.0
2024-04-23,000016.SZ,2.91,2.95,2.89,2.94,2.92,0.02,0.68,118298.48,34644.676,20240423,20240423.0
2024-04-24,000016.SZ,2.92,2.99,2.92,2.99,2.94,0.0500000000000002,1.7,110580.0,32807.535,20240424,20240424.0
2024-04-25,000016.SZ,2.98,3.04,2.95,2.98,2.99,-0.0100000000000002,-0.33,111925.0,33572.069,20240425,20240425.0
2024-04-26,000016.SZ,2.97,3.06,2.97,3.04,2.98,0.06,2.01,156925.88,47647.959,20240426,20240426.0
2024-04-29,000016.SZ,3.0,3.11,3.0,3.09,3.04,0.0499999999999998,1.64,231004.86,71069.209,20240429,20240429.0
2024-04-30,000016.SZ,3.11,3.12,3.05,3.07,3.09,-0.02,-0.65,143360.0,44164.884,20240430,20240430.0
2024-05-06,000016.SZ,3.1,3.16,3.1,3.13,3.07,0.06,1.95,160414.0,50228.943,20240506,20240506.0
2024-05-07,000016.SZ,3.12,3.14,3.09,3.12,3.13,-0.0099999999999997,-0.32,102378.09,31843.586,20240507,20240507.0
2024-05-08,000016.SZ,3.12,3.12,3.04,3.04,3.12,-0.08,-2.56,116494.02,35753.835,20240508,20240508.0
2024-05-09,000016.SZ,3.05,3.13,3.04,3.1,3.04,0.06,1.97,114644.32,35545.095,20240509,20240509.0
2024-05-10,000016.SZ,3.11,3.11,3.03,3.05,3.1,-0.0500000000000002,-1.61,127921.19,39176.949,20240510,20240510.0
2024-05-13,000016.SZ,3.04,3.05,2.96,2.99,3.05,-0.0599999999999996,-1.97,162446.0,48739.035,20240513,20240513.0
2024-05-14,000016.SZ,2.99,3.04,2.96,2.97,2.99,-0.02,-0.67,163551.0,48895.081,20240514,20240514.0
2024-05-15,000016.SZ,2.96,3.01,2.93,2.94,2.97,-0.0300000000000002,-1.01,113939.79,33773.034,20240515,20240515.0
2024-05-16,000016.SZ,2.95,3.01,2.95,2.97,2.94,0.0300000000000002,1.02,140544.0,41922.957,20240516,20240516.0
2024-05-17,000016.SZ,2.98,3.02,2.94,3.02,2.97,0.0499999999999998,1.68,144869.5,43311.883,20240517,20240517.0
2024-05-20,000016.SZ,3.02,3.05,2.96,2.97,3.02,-0.0499999999999998,-1.66,200460.0,60250.131,20240520,20240520.0
2024-05-21,000016.SZ,2.97,2.98,2.9,2.91,2.97,-0.06,-2.02,179073.75,52484.472,20240521,20240521.0
2024-05-22,000016.SZ,2.9,2.94,2.9,2.92,2.91,0.0099999999999997,0.34,105236.0,30669.471,20240522,20240522.0
2024-05-23,000016.SZ,2.92,2.92,2.79,2.81,2.92,-0.1099999999999998,-3.77,196337.26,55658.535,20240523,20240523.0
2024-05-24,000016.SZ,2.79,2.82,2.73,2.73,2.81,-0.08,-2.85,140222.0,38720.509,20240524,20240524.0
2024-05-27,000016.SZ,2.74,2.78,2.66,2.73,2.73,0.0,0.0,142866.48,38596.175,20240527,20240527.0
2024-05-28,000016.SZ,2.73,2.76,2.67,2.69,2.73,-0.04,-1.47,114278.6,30960.512,20240528,20240528.0
2024-05-29,000016.SZ,2.67,2.74,2.64,2.66,2.69,-0.0299999999999998,-1.12,128567.0,34454.252,20240529,20240529.0
2024-05-30,000016.SZ,2.64,2.7,2.61,2.69,2.66,0.0299999999999998,1.13,132041.44,35267.408,20240530,20240530.0
2024-05-31,000016.SZ,2.69,2.75,2.68,2.72,2.69,0.0300000000000002,1.12,108957.58,29672.108,20240531,20240531.0
2024-06-03,000016.SZ,2.73,2.73,2.59,2.6,2.72,-0.1200000000000001,-4.41,156248.8,41123.521,20240603,20240603.0
2024-06-04,000016.SZ,2.59,2.59,2.5,2.52,2.6,-0.08,-3.08,223527.1,56617.555,20240604,20240604.0
2024-06-05,000016.SZ,2.53,2.54,2.49,2.49,2.52,-0.0299999999999998,-1.19,153228.34,38512.359,20240605,20240605.0
2024-06-06,000016.SZ,2.48,2.53,2.32,2.35,2.49,-0.1400000000000001,-5.62,298213.04,71312.231,20240606,20240606.0
2024-06-07,000016.SZ,2.36,2.44,2.34,2.41,2.35,0.06,2.55,184773.0,44178.511,20240607,20240607.0
2024-06-11,000016.SZ,2.41,2.46,2.34,2.45,2.41,0.04,1.66,153952.12,37082.65,20240611,20240611.0
2024-06-12,000016.SZ,2.45,2.51,2.44,2.47,2.45,0.02,0.82,111404.2,27607.011,20240612,20240612.0
2024-06-13,000016.SZ,2.48,2.5,2.4,2.42,2.47,-0.0500000000000002,-2.02,110241.0,26886.783,20240613,20240613.0
2024-06-14,000016.SZ,2.42,2.44,2.38,2.43,2.42,0.0100000000000002,0.41,108241.48,26086.209,20240614,20240614.0
2024-06-17,000016.SZ,2.42,2.43,2.36,2.39,2.43,-0.04,-1.65,100958.72,24180.864,20240617,20240617.0
2024-06-18,000016.SZ,2.38,2.44,2.37,2.43,2.39,0.04,1.67,106319.2,25714.245,20240618,20240618.0
2024-06-19,000016.SZ,2.43,2.44,2.37,2.38,2.43,-0.0500000000000002,-2.06,96551.0,23102.285,20240619,20240619.0
2024-06-20,000016.SZ,2.39,2.39,2.28,2.29,2.38,-0.0899999999999998,-3.78,163791.6,37920.439,20240620,20240620.0
2024-06-21,000016.SZ,2.28,2.31,2.2,2.22,2.29,-0.0699999999999998,-3.06,216333.89,48474.293,20240621,20240621.0
2024-06-24,000016.SZ,2.21,2.22,2.06,2.1,2.22,-0.1200000000000001,-5.41,289703.44,61305.916,20240624,20240624.0
2024-06-25,000016.SZ,2.1,2.13,2.05,2.09,2.1,-0.0100000000000002,-0.48,154099.64,32122.812,20240625,20240625.0
2024-06-26,000016.SZ,2.09,2.22,2.04,2.22,2.09,0.1300000000000003,6.22,226155.53,48409.06,20240626,20240626.0
2024-06-27,000016.SZ,2.22,2.24,2.14,2.14,2.22,-0.08,-3.6,138377.1,30112.608,20240627,20240627.0
2024-06-28,000016.SZ,2.14,2.21,2.12,2.13,2.14,-0.0100000000000002,-0.47,169043.65,36749.654,20240628,20240628.0
2024-07-01,000016.SZ,2.11,2.15,2.09,2.14,2.13,0.0100000000000002,0.47,127702.0,27041.113,20240701,20240701.0
2024-07-02,000016.SZ,2.13,2.22,2.11,2.16,2.14,0.02,0.93,154297.52,33464.173,20240702,20240702.0
2024-07-03,000016.SZ,2.16,2.23,2.14,2.18,2.16,0.02,0.93,160024.0,35047.893,20240703,20240703.0
2024-07-04,000016.SZ,2.19,2.2,2.09,2.1,2.18,-0.08,-3.67,152601.04,32358.957,20240704,20240704.0
2024-07-05,000016.SZ,2.1,2.15,2.07,2.14,2.1,0.04,1.9,129629.0,27448.442,20240705,20240705.0
2024-07-08,000016.SZ,2.13,2.13,2.04,2.05,2.14,-0.0900000000000003,-4.21,160345.0,33149.257,20240708,20240708.0
2024-07-09,000016.SZ,1.95,2.02,1.88,1.98,2.05,-0.0699999999999998,-3.41,447447.08,87152.799,20240709,20240709.0
2024-07-10,000016.SZ,1.98,1.98,1.87,1.93,1.98,-0.05,-2.53,337668.44,64990.769,20240710,20240710.0
2024-07-11,000016.SZ,1.97,2.06,1.96,2.04,1.93,0.1100000000000001,5.7,282550.04,56960.263,20240711,20240711.0
2024-07-12,000016.SZ,2.06,2.14,2.04,2.1,2.04,0.06,2.94,284207.21,59665.588,20240712,20240712.0
2024-07-15,000016.SZ,2.11,2.14,2.05,2.07,2.1,-0.0300000000000002,-1.43,242966.0,50594.304,20240715,20240715.0
2024-07-16,000016.SZ,2.09,2.18,2.06,2.15,2.07,0.08,3.86,235769.24,50525.183,20240716,20240716.0
2024-07-17,000016.SZ,2.15,2.17,2.09,2.12,2.15,-0.0299999999999998,-1.4,214309.02,45464.615,20240717,20240717.0
2024-07-18,000016.SZ,2.1,2.26,2.05,2.14,2.12,0.02,0.94,416380.34,89657.497,20240718,20240718.0
2024-07-19,000016.SZ,2.1,2.11,2.03,2.1,2.14,-0.04,-1.87,348022.0,72184.034,20240719,20240719.0
2024-07-22,000016.SZ,2.09,2.12,2.05,2.1,2.1,0.0,0.0,207286.22,43261.47,20240722,20240722.0
2024-07-23,000016.SZ,2.1,2.15,2.07,2.07,2.1,-0.0300000000000002,-1.43,190794.37,40244.56,20240723,20240723.0
2024-07-24,000016.SZ,2.06,2.09,2.01,2.02,2.07,-0.0499999999999998,-2.42,163515.0,33379.886,20240724,20240724.0
2024-07-25,000016.SZ,2.0,2.03,1.96,2.01,2.02,-0.0100000000000002,-0.5,135749.0,27145.482,20240725,20240725.0
2024-07-26,000016.SZ,2.03,2.1,2.02,2.07,2.01,0.06,2.99,189191.0,39154.439,20240726,20240726.0
2024-07-29,000016.SZ,2.09,2.28,2.05,2.28,2.07,0.2099999999999999,10.14,545395.04,119903.863,20240729,20240729.0
2024-07-30,000016.SZ,2.29,2.41,2.26,2.3,2.28,0.02,0.88,865347.13,200734.436,20240730,20240730.0
2024-07-31,000016.SZ,2.32,2.53,2.32,2.53,2.3,0.2299999999999999,10.0,250722.79,61719.452,20240731,20240731.0
2024-08-01,000016.SZ,2.78,2.78,2.6,2.78,2.53,0.25,9.88,361850.0,100125.693,20240801,20240801.0
2024-08-02,000016.SZ,3.06,3.06,3.06,3.06,2.78,0.2800000000000002,10.07,188762.29,57761.261,20240802,20240802.0
2024-08-05,000016.SZ,3.37,3.37,2.87,2.95,3.06,-0.1099999999999998,-3.59,2114669.37,664992.428,20240805,20240805.0
2024-08-06,000016.SZ,2.77,2.88,2.66,2.66,2.95,-0.29,-9.83,1004727.73,272074.865,20240806,20240806.0
2024-08-07,000016.SZ,2.5,2.53,2.39,2.39,2.66,-0.27,-10.15,981011.37,237226.146,20240807,20240807.0
2024-08-08,000016.SZ,2.35,2.46,2.34,2.37,2.39,-0.02,-0.84,926305.04,220772.963,20240808,20240808.0
2024-08-09,000016.SZ,2.34,2.38,2.27,2.28,2.37,-0.0900000000000003,-3.8,624385.79,144755.485,20240809,20240809.0
2024-08-12,000016.SZ,2.26,2.3,2.21,2.23,2.28,-0.0499999999999998,-2.19,481994.04,107911.824,20240812,20240812.0
2024-08-13,000016.SZ,2.24,2.3,2.2,2.27,2.23,0.04,1.79,392877.36,88549.306,20240813,20240813.0
2024-08-14,000016.SZ,2.27,2.31,2.25,2.26,2.27,-0.0100000000000002,-0.44,317102.26,72123.261,20240814,20240814.0
2024-08-15,000016.SZ,2.26,2.49,2.24,2.49,2.26,0.2300000000000004,10.18,658418.02,157833.885,20240815,20240815.0
2024-08-16,000016.SZ,2.51,2.55,2.39,2.42,2.49,-0.0700000000000002,-2.81,974695.12,240080.712,20240816,20240816.0
2024-08-19,000016.SZ,2.42,2.66,2.42,2.66,2.42,0.2400000000000002,9.92,1100194.37,281186.566,20240819,20240819.0
2024-08-20,000016.SZ,2.59,2.89,2.52,2.7,2.66,0.04,1.5,1434137.53,384315.107,20240820,20240820.0
2024-08-21,000016.SZ,2.76,2.92,2.7,2.9,2.7,0.1999999999999997,7.41,1517137.76,429620.039,20240821,20240821.0
2024-08-22,000016.SZ,2.79,2.83,2.61,2.61,2.9,-0.29,-10.0,1151521.6,311705.479,20240822,20240822.0
2024-08-23,000016.SZ,2.63,2.87,2.6,2.87,2.61,0.2600000000000002,9.96,1069097.91,294708.7,20240823,20240823.0
2024-08-26,000016.SZ,2.94,3.16,2.87,3.04,2.87,0.1699999999999999,5.92,2056318.5,621562.256,20240826,20240826.0
2024-08-27,000016.SZ,2.89,3.18,2.78,2.95,3.04,-0.0899999999999998,-2.96,1458144.98,428740.755,20240827,20240827.0
2024-08-28,000016.SZ,3.0,3.05,2.78,2.88,2.95,-0.0700000000000002,-2.37,1136796.15,329349.146,20240828,20240828.0
2024-08-29,000016.SZ,2.76,2.85,2.68,2.7,2.88,-0.1799999999999997,-6.25,990679.27,271415.701,20240829,20240829.0
2024-08-30,000016.SZ,2.71,2.86,2.65,2.77,2.7,0.0699999999999998,2.59,982189.45,273305.978,20240830,20240830.0
2024-09-02,000016.SZ,2.77,2.83,2.62,2.64,2.77,-0.1299999999999999,-4.69,746141.27,201593.192,20240902,20240902.0
2024-09-03,000016.SZ,2.58,2.85,2.54,2.69,2.64,0.0499999999999998,1.89,806439.0,218932.281,20240903,20240903.0
2024-09-04,000016.SZ,2.69,2.7,2.57,2.59,2.69,-0.1,-3.72,582200.02,152278.584,20240904,20240904.0
2024-09-05,000016.SZ,2.56,2.69,2.54,2.6,2.59,0.0100000000000002,0.39,554431.56,144491.219,20240905,20240905.0
2024-09-06,000016.SZ,2.59,2.61,2.47,2.5,2.6,-0.1,-3.85,497373.84,124840.653,20240906,20240906.0
2024-09-09,000016.SZ,2.5,2.5,2.42,2.49,2.5,-0.0099999999999997,-0.4,317097.56,78260.285,20240909,20240909.0
2024-09-10,000016.SZ,2.49,2.56,2.44,2.54,2.49,0.0499999999999998,2.01,529240.16,133017.956,20240910,20240910.0
2024-09-11,000016.SZ,2.5,2.51,2.43,2.47,2.54,-0.0699999999999998,-2.76,314649.15,77442.843,20240911,20240911.0
2024-09-12,000016.SZ,2.47,2.54,2.47,2.51,2.47,0.0399999999999995,1.62,343820.86,86007.979,20240912,20240912.0
2024-09-13,000016.SZ,2.5,2.6,2.45,2.46,2.51,-0.0499999999999998,-1.99,436966.0,109971.518,20240913,20240913.0
2024-09-18,000016.SZ,2.46,2.64,2.45,2.58,2.46,0.1200000000000001,4.88,585330.0,149341.696,20240918,20240918.0
2024-09-19,000016.SZ,2.57,2.68,2.5,2.6,2.58,0.02,0.78,699043.0,180739.645,20240919,20240919.0
2024-09-20,000016.SZ,2.59,2.72,2.56,2.62,2.6,0.02,0.77,645677.95,170440.134,20240920,20240920.0
2024-09-23,000016.SZ,2.69,2.88,2.61,2.88,2.62,0.2599999999999998,9.92,737402.28,204064.994,20240923,20240923.0
2024-09-24,000016.SZ,2.97,2.97,2.79,2.9,2.88,0.02,0.69,1318475.02,378820.394,20240924,20240924.0
2024-09-25,000016.SZ,2.9,2.97,2.83,2.87,2.9,-0.0299999999999998,-1.03,1026789.78,297824.366,20240925,20240925.0
2024-09-26,000016.SZ,2.85,2.93,2.82,2.92,2.87,0.0499999999999998,1.74,795939.0,230902.976,20240926,20240926.0
2024-09-27,000016.SZ,2.94,3.1,2.92,3.03,2.92,0.1099999999999998,3.77,997022.91,299194.064,20240927,20240927.0
2024-09-30,000016.SZ,3.11,3.32,3.03,3.31,3.03,0.2800000000000002,9.24,1220325.13,391563.473,20240930,20240930.0
2024-10-08,000016.SZ,3.64,3.64,3.32,3.64,3.31,0.33,9.97,1344979.2,477447.318,20241008,20241008.0
2024-10-09,000016.SZ,3.6,3.63,3.28,3.28,3.64,-0.3600000000000003,-9.89,1074783.74,368006.566,20241009,20241009.0
2024-10-10,000016.SZ,3.25,3.39,3.12,3.21,3.28,-0.0699999999999998,-2.13,738559.5,239683.984,20241010,20241010.0
2024-10-11,000016.SZ,3.19,3.23,3.01,3.06,3.21,-0.1499999999999999,-4.67,443426.2,137960.824,20241011,20241011.0
2024-10-14,000016.SZ,3.08,3.2,3.05,3.19,3.06,0.1299999999999999,4.25,484877.5,151982.994,20241014,20241014.0
2024-10-15,000016.SZ,3.16,3.19,3.07,3.07,3.19,-0.1200000000000001,-3.76,467400.67,146445.723,20241015,20241015.0
2024-10-16,000016.SZ,3.02,3.11,2.99,3.09,3.07,0.02,0.65,323748.58,99489.654,20241016,20241016.0
2024-10-17,000016.SZ,3.11,3.35,3.11,3.13,3.09,0.04,1.29,718432.77,230051.282,20241017,20241017.0
2024-10-18,000016.SZ,3.15,3.44,3.15,3.44,3.13,0.31,9.9,614080.72,208132.819,20241018,20241018.0
2024-10-21,000016.SZ,3.78,3.78,3.67,3.78,3.44,0.3399999999999998,9.88,912881.32,342941.801,20241021,20241021.0
2024-10-22,000016.SZ,4.16,4.16,4.02,4.16,3.78,0.3800000000000003,10.05,768547.79,318904.905,20241022,20241022.0
2024-10-23,000016.SZ,4.57,4.58,3.89,3.97,4.16,-0.1899999999999999,-4.57,3281728.58,1410463.971,20241023,20241023.0
2024-10-24,000016.SZ,3.63,4.37,3.63,4.37,3.97,0.3999999999999999,10.08,1886973.74,768198.932,20241024,20241024.0
2024-10-25,000016.SZ,4.81,4.81,4.81,4.81,4.37,0.4399999999999995,10.07,216605.78,104187.38,20241025,20241025.0
2024-10-28,000016.SZ,5.29,5.29,5.29,5.29,4.81,0.4800000000000004,9.98,90348.78,47794.505,20241028,20241028.0
2024-10-29,000016.SZ,5.82,5.82,5.82,5.82,5.29,0.5300000000000002,10.02,139537.67,81210.924,20241029,20241029.0
2024-10-30,000016.SZ,6.4,6.4,6.4,6.4,5.82,0.5800000000000001,9.97,186990.52,119673.933,20241030,20241030.0
2024-10-31,000016.SZ,7.04,7.04,7.04,7.04,6.4,0.6399999999999997,10.0,134913.81,94979.322,20241031,20241031.0
2024-11-01,000016.SZ,7.74,7.74,7.58,7.74,7.04,0.7000000000000002,9.94,4249730.15,3288005.942,20241101,20241101.0
2024-11-04,000016.SZ,7.0,7.47,6.97,6.97,7.74,-0.7700000000000005,-9.95,4235913.87,2994188.888,20241104,20241104.0
2024-11-05,000016.SZ,6.98,7.35,6.34,6.98,6.97,0.0100000000000006,0.14,4028388.38,2804203.231,20241105,20241105.0
2024-11-06,000016.SZ,6.78,6.98,6.29,6.36,6.98,-0.6200000000000001,-8.88,2870515.9,1902586.828,20241106,20241106.0
2024-11-07,000016.SZ,6.24,6.73,5.72,6.38,6.36,0.0199999999999995,0.31,3302905.86,2027904.941,20241107,20241107.0
2024-11-08,000016.SZ,6.19,6.67,6.09,6.41,6.38,0.0300000000000002,0.47,2374286.34,1521446.122,20241108,20241108.0
2024-11-11,000016.SZ,6.21,6.39,6.06,6.07,6.41,-0.3399999999999998,-5.3,1700285.15,1045340.936,20241111,20241111.0
2024-11-12,000016.SZ,6.01,6.14,5.81,5.88,6.07,-0.1900000000000004,-3.13,1429738.46,850114.693,20241112,20241112.0
2024-11-13,000016.SZ,5.86,5.92,5.6,5.79,5.88,-0.0899999999999998,-1.53,1204311.21,690882.412,20241113,20241113.0
2024-11-14,000016.SZ,5.75,6.02,5.66,5.95,5.79,0.1600000000000001,2.76,1546744.11,908527.285,20241114,20241114.0
2024-11-15,000016.SZ,5.8,5.87,5.36,5.36,5.95,-0.5899999999999999,-9.92,1489488.4,827500.986,20241115,20241115.0
2024-11-18,000016.SZ,5.23,5.35,4.93,4.95,5.36,-0.4100000000000001,-7.65,1441139.52,730834.188,20241118,20241118.0
2024-11-19,000016.SZ,4.92,5.28,4.92,5.17,4.95,0.2199999999999997,4.44,1189898.49,602769.237,20241119,20241119.0
2024-11-20,000016.SZ,5.19,5.52,5.19,5.35,5.17,0.1799999999999997,3.48,1377824.88,735274.957,20241120,20241120.0
2024-11-21,000016.SZ,5.35,5.86,5.29,5.55,5.35,0.2000000000000001,3.74,1884266.41,1050250.856,20241121,20241121.0
2024-11-22,000016.SZ,5.46,5.46,5.05,5.05,5.55,-0.5,-9.01,1387720.67,727057.531,20241122,20241122.0
2024-11-25,000016.SZ,5.01,5.19,4.86,4.98,5.05,-0.0699999999999994,-1.39,889254.79,439946.679,20241125,20241125.0
2024-11-26,000016.SZ,4.98,5.05,4.89,4.89,4.98,-0.0900000000000007,-1.81,565283.6,279958.62,20241126,20241126.0
2024-11-27,000016.SZ,4.86,4.98,4.71,4.97,4.89,0.08,1.64,719246.56,349389.899,20241127,20241127.0
2024-11-28,000016.SZ,5.17,5.38,5.09,5.11,4.97,0.1400000000000005,2.82,1266984.0,660166.808,20241128,20241128.0
2024-11-29,000016.SZ,5.02,5.1,4.88,5.03,5.11,-0.08,-1.57,985631.0,490812.044,20241129,20241129.0
2024-12-02,000016.SZ,5.01,5.35,4.94,5.25,5.03,0.2199999999999997,4.37,1134375.63,585904.313,20241202,20241202.0
2024-12-03,000016.SZ,5.27,5.43,5.13,5.32,5.25,0.0700000000000002,1.33,1204895.82,633654.211,20241203,20241203.0
2024-12-04,000016.SZ,5.34,5.45,5.07,5.1,5.32,-0.2200000000000006,-4.14,988309.34,516735.103,20241204,20241204.0
2024-12-05,000016.SZ,5.05,5.25,5.02,5.22,5.1,0.1200000000000001,2.35,738892.97,380829.285,20241205,20241205.0
2024-12-06,000016.SZ,5.21,5.24,5.08,5.2,5.22,-0.0199999999999995,-0.38,674560.76,349166.499,20241206,20241206.0
2024-12-09,000016.SZ,5.16,5.25,5.05,5.09,5.2,-0.1100000000000003,-2.12,592013.02,303220.234,20241209,20241209.0
2024-12-10,000016.SZ,5.24,5.5,5.2,5.28,5.09,0.1900000000000004,3.73,1241363.49,659790.996,20241210,20241210.0
2024-12-11,000016.SZ,5.22,5.44,5.16,5.42,5.28,0.1399999999999996,2.65,1021541.99,548217.1,20241211,20241211.0
2024-12-12,000016.SZ,5.4,5.64,5.31,5.57,5.42,0.1500000000000003,2.77,1558859.12,859286.473,20241212,20241212.0
2024-12-13,000016.SZ,5.47,5.48,5.2,5.2,5.57,-0.3700000000000001,-6.64,1324272.73,703131.846,20241213,20241213.0
2024-12-16,000016.SZ,5.17,5.18,5.06,5.07,5.2,-0.1299999999999999,-2.5,770828.16,393513.531,20241216,20241216.0
2024-12-17,000016.SZ,5.05,5.06,4.85,4.86,5.07,-0.2099999999999999,-4.14,620588.02,304975.372,20241217,20241217.0
2024-12-18,000016.SZ,4.85,5.07,4.8,4.97,4.86,0.1099999999999994,2.26,534911.28,264676.446,20241218,20241218.0
2024-12-19,000016.SZ,4.89,5.47,4.84,5.47,4.97,0.5,10.06,1255299.75,658054.904,20241219,20241219.0
2024-12-20,000016.SZ,5.5,5.8,5.33,5.59,5.47,0.1200000000000001,2.19,2655288.35,1482606.979,20241220,20241220.0
2024-12-23,000016.SZ,5.48,5.79,5.32,5.34,5.59,-0.25,-4.47,1670581.05,927679.005,20241223,20241223.0
2024-12-24,000016.SZ,5.29,5.4,5.1,5.22,5.34,-0.1200000000000001,-2.25,1183619.78,620140.581,20241224,20241224.0
2024-12-25,000016.SZ,5.21,5.49,5.0,5.17,5.22,-0.0499999999999998,-0.96,1402253.93,733202.073,20241225,20241225.0
2024-12-26,000016.SZ,5.07,5.35,5.05,5.22,5.17,0.0499999999999998,0.97,1088591.48,561775.078,20241226,20241226.0
2024-12-27,000016.SZ,5.13,5.74,5.1,5.52,5.22,0.2999999999999998,5.75,3156118.79,1776588.281,20241227,20241227.0
