date,ts_code,close,open,high,low,pre_close,change,p_change,volume,amount,date.2,date.1,date.3,date.4,date.5,date.6,date.7,date.8,date.9,date
2022-12-07,000001.SH,3199.6194,3204.9352,3226.0817,3188.6705,3212.5334,-12.914,-0.402,354113078.0,402146133.1,,,,,,,,20221207.0,20221207.0,20221207
2022-12-08,000001.SH,3197.3499,3196.0156,3206.7151,3187.2566,3199.6194,-2.2695,-0.0709,320969294.0,364935622.7,,,,,,,,20221208.0,20221208.0,20221208
2022-12-09,000001.SH,3206.9502,3197.1183,3212.1059,3182.9068,3197.3499,9.6003,0.3003,373343209.0,447750222.0,,,,,,,,20221209.0,20221209.0,20221209
2022-12-12,000001.SH,3179.0417,3195.868,3196.7247,3176.5752,3206.9502,-27.9085,-0.8703,333381792.0,394919615.2,,,,,,,,20221212.0,20221212.0,20221212
2022-12-13,000001.SH,3176.3255,3179.4354,3187.2035,3171.4827,3179.0417,-2.7162,-0.0854,285821200.0,333539763.0,,,,,,,,20221213.0,20221213.0,20221213
2022-12-14,000001.SH,3176.5253,3178.5542,3189.835,3168.5925,3176.3255,0.1998,0.0063,265623569.0,333950671.1,,,,,,,,20221214.0,20221214.0,20221214
2022-12-15,000001.SH,3168.6478,3177.1995,3179.1,3158.4515,3176.5253,-7.8775,-0.248,243023333.0,305204998.6,,,,,,,,20221215.0,20221215.0,20221215
2022-12-16,000001.SH,3167.8576,3156.1349,3175.3526,3151.6089,3168.6478,-0.7902,-0.0249,259771795.0,307227738.4,,,,,,,,20221216.0,20221216.0,20221216
2022-12-19,000001.SH,3107.115,3165.3092,3170.2552,3096.0981,3167.8576,-60.7426,-1.9175,278513541.0,307934621.5,,,,,,,,20221219.0,20221219.0,20221219
2022-12-20,000001.SH,3073.7659,3098.9532,3100.7477,3061.5098,3107.115,-33.3491,-1.0733,218836766.0,261716073.4,,,,,,,,20221220.0,20221220.0,20221220
2022-12-21,000001.SH,3068.4105,3078.3312,3085.7951,3060.5542,3073.7659,-5.3554,-0.1742,189067920.0,226852792.6,,,,,,,,20221221.0,20221221.0,20221221
2022-12-22,000001.SH,3054.4313,3085.8004,3096.2449,3044.5991,3068.4105,-13.9792,-0.4556,223639537.0,266315477.4,,,,,,,,20221222.0,20221222.0,20221222
2022-12-23,000001.SH,3045.8664,3038.8416,3061.867,3031.5358,3054.4313,-8.5649,-0.2804,192020305.0,233335246.2,,,,,,,,20221223.0,20221223.0,20221223
2022-12-26,000001.SH,3065.5626,3048.1963,3071.8363,3047.3491,3045.8664,19.6962,0.6467,206503893.0,255470265.3,,,,,,,,20221226.0,20221226.0,20221226
2022-12-27,000001.SH,3095.5678,3077.7469,3098.0783,3074.3133,3065.5626,30.0052,0.9788,222218322.0,267946785.4,,,,,,,,20221227.0,20221227.0,20221227
2022-12-28,000001.SH,3087.3997,3088.6174,3098.6496,3079.4338,3095.5678,-8.1681,-0.2639,224554151.0,260508525.7,,,,,,,,20221228.0,20221228.0,20221228
2022-12-29,000001.SH,3073.7016,3076.7264,3086.0048,3064.4594,3087.3997,-13.6981,-0.4437,215570676.0,253916981.2,,,,,,,,20221229.0,20221229.0,20221229
2022-12-30,000001.SH,3089.2579,3084.5226,3096.3135,3082.1964,3073.7016,15.5563,0.5061,217545344.0,250355950.9,,,,,,,,20221230.0,20221230.0,20221230
2023-01-03,000001.SH,3116.5119,3087.513,3119.8556,3073.054,3089.2579,27.254,0.8822,281370362.0,331392138.9,,,,,,,,20230103.0,20230103.0,20230103
2023-01-04,000001.SH,3123.5164,3117.5711,3129.0937,3109.4512,3116.5119,7.0045,0.2248,273313626.0,316391228.7,,,,,,,,20230104.0,20230104.0,20230104
2023-01-05,000001.SH,3155.2162,3132.7614,3159.427,3130.23,3123.5164,31.6998,1.0149,257003018.0,335635934.5,,,,,,,,20230105.0,20230105.0,20230105
2023-01-06,000001.SH,3157.6365,3155.0747,3170.7418,3151.8407,3155.2162,2.4203,0.0767,257380255.0,338539843.7,,,,,,,,20230106.0,20230106.0,20230106
2023-01-09,000001.SH,3176.0845,3169.3737,3183.583,3165.4282,3157.6365,18.448,0.5842,258115218.0,342693771.0,,,,,,,,20230109.0,20230109.0,20230109
2023-01-10,000001.SH,3169.5072,3178.022,3178.1569,3165.1446,3176.0845,-6.5773,-0.2071,232984175.0,310357698.6,,,,,,,,20230110.0,20230110.0,20230110
2023-01-11,000001.SH,3161.8376,3172.3759,3184.757,3160.8896,3169.5072,-7.6696,-0.242,237742869.0,309248892.9,,,,,,,,20230111.0,20230111.0,20230111
2023-01-12,000001.SH,3163.4509,3167.273,3171.5905,3153.4038,3161.8376,1.6133,0.051,216671305.0,275371843.3,,,,,,,,20230112.0,20230112.0,20230112
2023-01-13,000001.SH,3195.3059,3170.3548,3195.3067,3167.5098,3163.4509,31.855,1.007,220226897.0,288062499.1,,,,,,,,20230113.0,20230113.0,20230113
2023-01-16,000001.SH,3227.5916,3198.5189,3251.3739,3197.3186,3195.3059,32.2857,1.0104,306749549.0,413219641.0,,,,,,,,20230116.0,20230116.0,20230116
2023-01-17,000001.SH,3224.2448,3229.4354,3231.2645,3211.7573,3227.5916,-3.3468,-0.1037,226592230.0,302611778.5,,,,,,,,20230117.0,20230117.0,20230117
2023-01-18,000001.SH,3224.406,3227.5947,3234.8169,3220.3703,3224.2448,0.1612,0.005,212109730.0,266068176.7,,,,,,,,20230118.0,20230118.0,20230118
2023-01-19,000001.SH,3240.2794,3221.5179,3240.2794,3210.3825,3224.406,15.8734,0.4923,226465030.0,296815557.3,,,,,,,,20230119.0,20230119.0,20230119
2023-01-20,000001.SH,3264.8138,3247.2031,3267.0579,3247.2031,3240.2794,24.5344,0.7572,273219182.0,329028168.4,,,,,,,,20230120.0,20230120.0,20230120
2023-01-30,000001.SH,3269.318,3308.8694,3310.4903,3266.758,3264.8138,4.5042,0.138,353325829.0,453177014.1,,,,,,,,20230130.0,20230130.0,20230130
2023-01-31,000001.SH,3255.6692,3266.1442,3277.2524,3252.0145,3269.318,-13.6488,-0.4175,300162957.0,375260749.6,,,,,,,,20230131.0,20230131.0,20230131
2023-02-01,000001.SH,3284.9213,3262.1961,3284.9224,3245.4113,3255.6692,29.2521,0.8985,339509410.0,413395187.7,,,,,,,,20230201.0,20230201.0,20230201
2023-02-02,000001.SH,3285.6705,3291.7828,3295.7636,3272.414,3284.9213,0.7492,0.0228,333413133.0,428662803.4,,,,,,,,20230202.0,20230202.0,20230202
2023-02-03,000001.SH,3263.4059,3275.6578,3275.6578,3235.3533,3285.6705,-22.2646,-0.6776,293342814.0,378648523.0,,,,,,,,20230203.0,20230203.0,20230203
2023-02-06,000001.SH,3238.6978,3244.7007,3250.3514,3226.2112,3263.4059,-24.7081,-0.7571,267053107.0,349127264.9,,,,,,,,20230206.0,20230206.0,20230206
2023-02-07,000001.SH,3248.094,3245.2297,3250.033,3233.8334,3238.6978,9.3962,0.2901,250946450.0,321257641.9,,,,,,,,20230207.0,20230207.0,20230207
2023-02-08,000001.SH,3232.1063,3251.5006,3257.114,3230.4393,3248.094,-15.9877,-0.4922,234530481.0,293332736.1,,,,,,,,20230208.0,20230208.0,20230208
2023-02-09,000001.SH,3270.3826,3227.7278,3270.3826,3225.7724,3232.1063,38.2763,1.1843,254754529.0,351760831.7,,,,,,,,20230209.0,20230209.0,20230209
2023-02-10,000001.SH,3260.6734,3266.4367,3269.9944,3247.2296,3270.3826,-9.7092,-0.2969,260626926.0,341749872.0,,,,,,,,20230210.0,20230210.0,20230210
2023-02-13,000001.SH,3284.1599,3256.9881,3285.0913,3252.6327,3260.6734,23.4865,0.7203,297213188.0,397011413.4,,,,,,,,20230213.0,20230213.0,20230213
2023-02-14,000001.SH,3293.2825,3288.9742,3293.7338,3279.1894,3284.1599,9.1226,0.2778,270974168.0,355558052.4,,,,,,,,20230214.0,20230214.0,20230214
2023-02-15,000001.SH,3280.4919,3294.015,3296.1995,3274.5505,3293.2825,-12.7906,-0.3884,269939123.0,357621816.1,,,,,,,,20230215.0,20230215.0,20230215
2023-02-16,000001.SH,3249.0295,3281.7352,3308.8279,3231.3421,3280.4919,-31.4624,-0.9591,380863545.0,468382512.2,,,,,,,,20230216.0,20230216.0,20230216
2023-02-17,000001.SH,3224.0243,3244.7325,3262.4729,3223.2581,3249.0295,-25.0052,-0.7696,278451237.0,355625842.5,,,,,,,,20230217.0,20230217.0,20230217
2023-02-20,000001.SH,3290.3383,3230.4728,3291.0388,3225.8427,3224.0243,66.314,2.0569,325007733.0,397720315.3,,,,,,,,20230220.0,20230220.0,20230220
2023-02-21,000001.SH,3306.5236,3291.6312,3308.7908,3282.436,3290.3383,16.1853,0.4919,324409449.0,390691271.6,,,,,,,,20230221.0,20230221.0,20230221
2023-02-22,000001.SH,3291.1477,3292.0489,3307.0343,3286.7207,3306.5236,-15.3759,-0.465,255403985.0,320515620.0,,,,,,,,20230222.0,20230222.0,20230222
2023-02-23,000001.SH,3287.477,3293.5219,3307.4385,3275.3621,3291.1477,-3.6707,-0.1115,262324304.0,334364534.4,,,,,,,,20230223.0,20230223.0,20230223
2023-02-24,000001.SH,3267.1597,3287.2553,3288.3922,3253.9748,3287.477,-20.3173,-0.618,234206306.0,308004347.7,,,,,,,,20230224.0,20230224.0,20230224
2023-02-27,000001.SH,3258.0344,3256.9998,3276.5791,3251.7213,3267.1597,-9.1253,-0.2793,242855344.0,324605090.9,,,,,,,,20230227.0,20230227.0,20230227
2023-02-28,000001.SH,3279.6053,3265.742,3280.4154,3246.1446,3258.0344,21.5709,0.6621,251625032.0,318030137.3,,,,,,,,20230228.0,20230228.0,20230228
2023-03-01,000001.SH,3312.3478,3279.1364,3315.1604,3272.0351,3279.6053,32.7425,0.9984,318398704.0,384387413.8,,,,,,,,20230301.0,20230301.0,20230301
2023-03-02,000001.SH,3310.6536,3308.0113,3320.7441,3306.4554,3312.3478,-1.6942,-0.0511,328520016.0,389390626.9,,,,,,,,20230302.0,20230302.0,20230302
2023-03-03,000001.SH,3328.3927,3314.7727,3330.6046,3302.6231,3310.6536,17.7391,0.5358,343996919.0,388860006.7,,,,,,,,20230303.0,20230303.0,20230303
2023-03-06,000001.SH,3322.0259,3332.0235,3333.0619,3308.7255,3328.3927,-6.3668,-0.1913,340530446.0,431616811.1,,,,,,,,20230306.0,20230306.0,20230306
2023-03-07,000001.SH,3285.0988,3320.211,3342.8585,3284.4099,3322.0259,-36.9271,-1.1116,389957956.0,430081145.2,,,,,,,,20230307.0,20230307.0,20230307
2023-03-08,000001.SH,3283.2479,3271.8798,3283.2479,3263.6927,3285.0988,-1.8509,-0.0563,260443547.0,312822175.7,,,,,,,,20230308.0,20230308.0,20230308
2023-03-09,000001.SH,3276.0937,3285.9427,3289.06,3259.9999,3283.2479,-7.1542,-0.2179,264021859.0,328825695.5,,,,,,,,20230309.0,20230309.0,20230309
2023-03-10,000001.SH,3230.0766,3255.5121,3262.147,3229.4959,3276.0937,-46.0171,-1.4046,281135410.0,342198577.6,,,,,,,,20230310.0,20230310.0,20230310
2023-03-13,000001.SH,3268.6955,3228.1239,3268.6955,3228.1239,3230.0766,38.6189,1.1956,294928087.0,364414206.5,,,,,,,,20230313.0,20230313.0,20230313
2023-03-14,000001.SH,3245.3123,3261.9219,3262.0025,3216.9927,3268.6955,-23.3832,-0.7154,319906033.0,409976276.1,,,,,,,,20230314.0,20230314.0,20230314
2023-03-15,000001.SH,3263.3148,3261.0284,3273.1232,3256.8566,3245.3123,18.0025,0.5547,305168798.0,373276384.4,,,,,,,,20230315.0,20230315.0,20230315
2023-03-16,000001.SH,3226.8912,3244.4699,3257.433,3224.7223,3263.3148,-36.4236,-1.1162,327389632.0,392910208.4,,,,,,,,20230316.0,20230316.0,20230316
2023-03-17,000001.SH,3250.546,3245.2604,3279.9228,3240.157,3226.8912,23.6548,0.7331,343001022.0,431983057.7,,,,,,,,20230317.0,20230317.0,20230317
2023-03-20,000001.SH,3234.9103,3253.9302,3267.9931,3231.6459,3250.546,-15.6357,-0.481,392517391.0,480292404.9,,,,,,,,20230320.0,20230320.0,20230320
2023-03-21,000001.SH,3255.6505,3240.8388,3255.9997,3237.8934,3234.9103,20.7402,0.6411,301810779.0,388047055.9,,,,,,,,20230321.0,20230321.0,20230321
2023-03-22,000001.SH,3265.7475,3263.4129,3279.3938,3255.7394,3255.6505,10.097,0.3101,290840462.0,382509081.3,,,,,,,,20230322.0,20230322.0,20230322
2023-03-23,000001.SH,3286.6491,3258.7791,3286.6491,3252.9917,3265.7475,20.9016,0.64,306118393.0,426564792.6,,,,,,,,20230323.0,20230323.0,20230323
2023-03-24,000001.SH,3265.6537,3282.739,3282.739,3260.8444,3286.6491,-20.9954,-0.6388,324513337.0,430761598.9,,,,,,,,20230324.0,20230324.0,20230324
2023-03-27,000001.SH,3251.3971,3261.8235,3261.8235,3229.7037,3265.6537,-14.2566,-0.4366,337861206.0,453585768.7,,,,,,,,20230327.0,20230327.0,20230327
2023-03-28,000001.SH,3245.376,3256.6023,3264.0978,3241.7368,3251.3971,-6.0211,-0.1852,295682660.0,396882943.4,,,,,,,,20230328.0,20230328.0,20230328
2023-03-29,000001.SH,3240.0568,3253.6212,3254.5564,3229.5848,3245.376,-5.3192,-0.1639,296900508.0,405542776.9,,,,,,,,20230329.0,20230329.0,20230329
2023-03-30,000001.SH,3261.2485,3243.0683,3263.7379,3220.9846,3240.0568,21.1917,0.6541,299898295.0,401634271.1,,,,,,,,20230330.0,20230330.0,20230330
2023-03-31,000001.SH,3272.8602,3263.4061,3278.4231,3260.0396,3261.2485,11.6117,0.3561,283613746.0,396689286.3,,,,,,,,20230331.0,20230331.0,20230331
2023-04-03,000001.SH,3296.396,3277.34,3299.7321,3276.4158,3272.8602,23.5358,0.7191,357676775.0,513390565.5,,,,,,,,20230403.0,20230403.0,20230403
2023-04-04,000001.SH,3312.5578,3297.183,3312.5615,3290.9925,3296.396,16.1618,0.4903,385871617.0,555811064.0,,,,,,,,20230404.0,20230404.0,20230404
2023-04-06,000001.SH,3312.628,3302.751,3314.5262,3296.055,3312.5578,0.0702,0.0021,327155424.0,506500167.2,,,,,,,,20230406.0,20230406.0,20230406
2023-04-07,000001.SH,3327.6457,3312.4813,3328.8455,3308.061,3312.628,15.0177,0.4533,283032247.0,436372798.9,,,,,,,,20230407.0,20230407.0,20230407
2023-04-10,000001.SH,3315.3578,3331.5051,3332.7152,3309.9171,3327.6457,-12.2879,-0.3693,340819845.0,516434325.4,,,,,,,,20230410.0,20230410.0,20230410
2023-04-11,000001.SH,3313.5705,3317.0771,3317.4484,3298.2498,3315.3578,-1.7873,-0.0539,320566055.0,466895849.3,,,,,,,,20230411.0,20230411.0,20230411
2023-04-12,000001.SH,3327.1816,3316.8623,3330.7079,3315.3991,3313.5705,13.6111,0.4108,343025315.0,482066170.1,,,,,,,,20230412.0,20230412.0,20230412
2023-04-13,000001.SH,3318.3638,3321.2733,3334.4697,3309.2515,3327.1816,-8.8178,-0.265,347862106.0,477587943.4,,,,,,,,20230413.0,20230413.0,20230413
2023-04-14,000001.SH,3338.1525,3326.3704,3340.0764,3316.8101,3318.3638,19.7887,0.5963,338299275.0,478345417.5,,,,,,,,20230414.0,20230414.0,20230414
2023-04-17,000001.SH,3385.6095,3337.0605,3385.6095,3336.3881,3338.1525,47.457,1.4217,402809926.0,523790271.0,,,,,,,,20230417.0,20230417.0,20230417
2023-04-18,000001.SH,3393.3312,3379.2267,3396.1745,3375.7803,3385.6095,7.7217,0.2281,348399486.0,474287388.9,,,,,,,,20230418.0,20230418.0,20230418
2023-04-19,000001.SH,3370.1283,3391.3549,3394.959,3364.6419,3393.3312,-23.2029,-0.6838,346123443.0,476496941.0,,,,,,,,20230419.0,20230419.0,20230419
2023-04-20,000001.SH,3367.031,3367.0525,3371.3679,3344.016,3370.1283,-3.0973,-0.0919,350354965.0,499672394.2,,,,,,,,20230420.0,20230420.0,20230420
2023-04-21,000001.SH,3301.2575,3363.9987,3367.6093,3301.2575,3367.031,-65.7735,-1.9535,387395098.0,530517857.8,,,,,,,,20230421.0,20230421.0,20230421
2023-04-24,000001.SH,3275.413,3300.8125,3303.0908,3264.9349,3301.2575,-25.8445,-0.7829,354255626.0,473265986.3,,,,,,,,20230424.0,20230424.0,20230424
2023-04-25,000001.SH,3264.8717,3276.403,3288.5685,3229.4461,3275.413,-10.5413,-0.3218,380895729.0,494240131.4,,,,,,,,20230425.0,20230425.0,20230425
2023-04-26,000001.SH,3264.1006,3255.2171,3277.9797,3239.9893,3264.8717,-0.7711,-0.0236,357917842.0,480418149.4,,,,,,,,20230426.0,20230426.0,20230426
2023-04-27,000001.SH,3285.8844,3256.2278,3299.301,3253.1117,3264.1006,21.7838,0.6674,341590534.0,466175350.4,,,,,,,,20230427.0,20230427.0,20230427
2023-04-28,000001.SH,3323.2746,3283.1224,3324.8808,3283.1224,3285.8844,37.3902,1.1379,401554785.0,514904620.7,,,,,,,,20230428.0,20230428.0,20230428
2023-05-04,000001.SH,3350.4587,3306.4827,3352.7463,3302.0275,3323.2746,27.1841,0.818,483364916.0,550494850.3,,,,,,,,20230504.0,20230504.0,20230504
2023-05-05,000001.SH,3334.5028,3350.6538,3364.1417,3321.1872,3350.4587,-15.9559,-0.4762,436504494.0,499294430.5,,,,,,,,20230505.0,20230505.0,20230505
2023-05-08,000001.SH,3395.0036,3340.9904,3400.1766,3340.9904,3334.5028,60.5008,1.8144,534103659.0,564661993.5,,,,,,,,20230508.0,20230508.0,20230508
2023-05-09,000001.SH,3357.6707,3402.3938,3418.9534,3356.1183,3395.0036,-37.3329,-1.0996,573013309.0,619108477.5,,,,,,,,20230509.0,20230509.0,20230509
2023-05-10,000001.SH,3319.1506,3347.7015,3349.7213,3305.2506,3357.6707,-38.5201,-1.1472,451739731.0,489553667.3,,,,,,,,20230510.0,20230510.0,20230510
2023-05-11,000001.SH,3309.5512,3323.6583,3333.2496,3307.2887,3319.1506,-9.5994,-0.2892,354258271.0,401313953.4,,,,,,,,20230511.0,20230511.0,20230511
2023-05-12,000001.SH,3272.3619,3304.4582,3319.1307,3271.4311,3309.5512,-37.1893,-1.1237,347314983.0,387081199.3,,,,,,,,20230512.0,20230512.0,20230512
2023-05-15,000001.SH,3310.7367,3269.8781,3310.7367,3235.8679,3272.3619,38.3748,1.1727,388045887.0,431706863.3,,,,,,,,20230515.0,20230515.0,20230515
2023-05-16,000001.SH,3290.9874,3310.1607,3317.9012,3282.4918,3310.7367,-19.7493,-0.5965,322479410.0,385386011.2,,,,,,,,20230516.0,20230516.0,20230516
2023-05-17,000001.SH,3284.232,3281.9664,3298.519,3269.8936,3290.9874,-6.7554,-0.2053,285744050.0,340482661.5,,,,,,,,20230517.0,20230517.0,20230517
2023-05-18,000001.SH,3297.3199,3288.4112,3313.8622,3284.1679,3284.232,13.0879,0.3985,309967472.0,368435071.0,,,,,,,,20230518.0,20230518.0,20230518
2023-05-19,000001.SH,3283.5417,3288.8911,3302.3424,3268.2242,3297.3199,-13.7782,-0.4179,285404064.0,359507956.5,,,,,,,,20230519.0,20230519.0,20230519
2023-05-22,000001.SH,3296.4696,3278.596,3308.5325,3276.5398,3283.5417,12.9279,0.3937,273889998.0,342448401.6,,,,,,,,20230522.0,20230522.0,20230522
2023-05-23,000001.SH,3246.238,3294.7877,3298.2257,3246.238,3296.4696,-50.2316,-1.5238,275279083.0,324667932.9,,,,,,,,20230523.0,20230523.0,20230523
2023-05-24,000001.SH,3204.7494,3237.7045,3237.7045,3204.3813,3246.238,-41.4886,-1.2781,288720257.0,342677325.7,,,,,,,,20230524.0,20230524.0,20230524
2023-05-25,000001.SH,3201.2605,3197.3644,3207.021,3168.5716,3204.7494,-3.4889,-0.1089,283588925.0,347709231.7,,,,,,,,20230525.0,20230525.0,20230525
2023-05-26,000001.SH,3212.5038,3198.8825,3220.7737,3179.8217,3201.2605,11.2433,0.3512,261700479.0,333319266.0,,,,,,,,20230526.0,20230526.0,20230526
2023-05-29,000001.SH,3221.4484,3219.7553,3230.9706,3208.955,3212.5038,8.9446,0.2784,297389487.0,377875996.1,,,,,,,,20230529.0,20230529.0,20230529
2023-05-30,000001.SH,3224.2133,3214.6728,3230.6317,3186.6256,3221.4484,2.7649,0.0858,303532460.0,376622572.9,,,,,,,,20230530.0,20230530.0,20230530
2023-05-31,000001.SH,3204.5644,3214.6551,3216.3597,3190.2736,3224.2133,-19.6489,-0.6094,294573338.0,384999190.2,,,,,,,,20230531.0,20230531.0,20230531
2023-06-01,000001.SH,3204.6345,3196.1547,3225.093,3189.5174,3204.5644,0.0701,0.0022,312330759.0,400981483.2,,,,,,,,20230601.0,20230601.0,20230601
2023-06-02,000001.SH,3230.0686,3212.4489,3233.9916,3211.737,3204.6345,25.4341,0.7937,294667098.0,377507927.7,,,,,,,,20230602.0,20230602.0,20230602
2023-06-05,000001.SH,3232.441,3231.8108,3244.1801,3221.6254,3230.0686,2.3724,0.0734,278060203.0,357810090.6,,,,,,,,20230605.0,20230605.0,20230605
2023-06-06,000001.SH,3195.3404,3228.4068,3247.349,3189.2692,3232.441,-37.1006,-1.1478,308285872.0,387492228.8,,,,,,,,20230606.0,20230606.0,20230606
2023-06-07,000001.SH,3197.7587,3197.4677,3210.3295,3188.0053,3195.3404,2.4183,0.0757,258063400.0,331083866.7,,,,,,,,20230607.0,20230607.0,20230607
2023-06-08,000001.SH,3213.5855,3194.8348,3225.5263,3180.5354,3197.7587,15.8268,0.4949,293530741.0,353551633.2,,,,,,,,20230608.0,20230608.0,20230608
2023-06-09,000001.SH,3231.4055,3213.033,3231.4055,3206.1027,3213.5855,17.82,0.5545,314155501.0,413341768.4,,,,,,,,20230609.0,20230609.0,20230609
2023-06-12,000001.SH,3228.8336,3225.3049,3239.4368,3210.7135,3231.4055,-2.5719,-0.0796,313784444.0,403241619.6,,,,,,,,20230612.0,20230612.0,20230612
2023-06-13,000001.SH,3233.6734,3223.8958,3235.0854,3215.4989,3228.8336,4.8398,0.1499,280628454.0,377193491.4,,,,,,,,20230613.0,20230613.0,20230613
2023-06-14,000001.SH,3228.9887,3238.1189,3248.4609,3226.7743,3233.6734,-4.6847,-0.1449,303537260.0,404009517.8,,,,,,,,20230614.0,20230614.0,20230614
2023-06-15,000001.SH,3252.9751,3230.4512,3252.9751,3229.1452,3228.9887,23.9864,0.7428,313255752.0,437522981.5,,,,,,,,20230615.0,20230615.0,20230615
2023-06-16,000001.SH,3273.3341,3256.2989,3276.5522,3255.4988,3252.9751,20.359,0.6259,326281846.0,444375632.4,,,,,,,,20230616.0,20230616.0,20230616
2023-06-19,000001.SH,3255.8057,3271.1635,3271.1635,3251.7789,3273.3341,-17.5284,-0.5355,327753047.0,455226178.2,,,,,,,,20230619.0,20230619.0,20230619
2023-06-20,000001.SH,3240.3648,3252.5435,3252.8435,3237.7857,3255.8057,-15.4409,-0.4743,298260596.0,433243981.5,,,,,,,,20230620.0,20230620.0,20230620
2023-06-21,000001.SH,3197.9011,3230.1142,3236.3626,3197.9011,3240.3648,-42.4637,-1.3105,294377372.0,406234561.4,,,,,,,,20230621.0,20230621.0,20230621
2023-06-26,000001.SH,3150.6189,3177.2293,3181.0758,3144.2484,3197.9011,-47.2822,-1.4785,308129811.0,398859657.4,,,,,,,,20230626.0,20230626.0,20230626
2023-06-27,000001.SH,3189.4427,3153.3132,3194.4086,3148.2657,3150.6189,38.8238,1.2323,287604327.0,354487810.6,,,,,,,,20230627.0,20230627.0,20230627
2023-06-28,000001.SH,3189.3758,3183.4865,3192.6589,3157.1229,3189.4427,-0.0669,-0.0021,276231948.0,360118192.5,,,,,,,,20230628.0,20230628.0,20230628
2023-06-29,000001.SH,3182.3812,3185.4242,3196.5025,3179.5251,3189.3758,-6.9946,-0.2193,250340074.0,340636710.9,,,,,,,,20230629.0,20230629.0,20230629
2023-06-30,000001.SH,3202.0623,3178.9242,3212.9928,3177.9913,3182.3812,19.6811,0.6184,265379873.0,359739563.4,,,,,,,,20230630.0,20230630.0,20230630
2023-07-03,000001.SH,3243.975,3209.1623,3246.8605,3209.1623,3202.0623,41.9127,1.3089,312371395.0,421353472.4,,,,,,,,20230703.0,20230703.0,20230703
2023-07-04,000001.SH,3245.3492,3241.2305,3246.9576,3233.9895,3243.975,1.3742,0.0424,279248721.0,387115944.1,,,,,,,,20230704.0,20230704.0,20230704
2023-07-05,000001.SH,3222.9469,3240.0486,3241.8353,3218.6022,3245.3492,-22.4023,-0.6903,264016426.0,351234984.7,,,,,,,,20230705.0,20230705.0,20230705
2023-07-06,000001.SH,3205.5748,3215.8633,3229.4799,3199.7164,3222.9469,-17.3721,-0.539,246119032.0,320808312.6,,,,,,,,20230706.0,20230706.0,20230706
2023-07-07,000001.SH,3196.6092,3197.4716,3212.0472,3189.2114,3205.5748,-8.9656,-0.2797,255688469.0,313607453.2,,,,,,,,20230707.0,20230707.0,20230707
2023-07-10,000001.SH,3203.6958,3208.7349,3216.5348,3192.6579,3196.6092,7.0866,0.2217,236560367.0,311462495.6,,,,,,,,20230710.0,20230710.0,20230710
2023-07-11,000001.SH,3221.3666,3211.1222,3221.6804,3200.3845,3203.6958,17.6708,0.5516,227600467.0,309950254.7,,,,,,,,20230711.0,20230711.0,20230711
2023-07-12,000001.SH,3196.1337,3220.3758,3224.3312,3193.4366,3221.3666,-25.2329,-0.7833,271423386.0,365433182.3,,,,,,,,20230712.0,20230712.0,20230712
2023-07-13,000001.SH,3236.48,3202.6992,3238.4675,3202.6992,3196.1337,40.3463,1.2623,276620508.0,373242517.8,,,,,,,,20230713.0,20230713.0,20230713
2023-07-14,000001.SH,3237.7012,3240.9695,3248.3849,3233.9985,3236.48,1.2212,0.0377,273327494.0,368337829.1,,,,,,,,20230714.0,20230714.0,20230714
2023-07-17,000001.SH,3209.6298,3219.0162,3219.0162,3195.8862,3237.7012,-28.0714,-0.867,250208376.0,322074497.1,,,,,,,,20230717.0,20230717.0,20230717
2023-07-18,000001.SH,3197.8201,3206.786,3210.2482,3190.0049,3209.6298,-11.8097,-0.3679,235030259.0,307331649.3,,,,,,,,20230718.0,20230718.0,20230718
2023-07-19,000001.SH,3198.8358,3195.0085,3204.3612,3181.5611,3197.8201,1.0157,0.0318,217355860.0,281206091.2,,,,,,,,20230719.0,20230719.0,20230719
2023-07-20,000001.SH,3169.522,3201.9111,3209.0554,3165.6739,3198.8358,-29.3138,-0.9164,238932891.0,302376024.1,,,,,,,,20230720.0,20230720.0,20230720
2023-07-21,000001.SH,3167.7452,3163.421,3185.6357,3157.3335,3169.522,-1.7768,-0.0561,225331363.0,280673190.4,,,,,,,,20230721.0,20230721.0,20230721
2023-07-24,000001.SH,3164.1608,3157.4694,3178.7335,3151.1252,3167.7452,-3.5844,-0.1132,216595211.0,260119088.9,,,,,,,,20230724.0,20230724.0,20230724
2023-07-25,000001.SH,3231.5213,3201.4575,3231.7486,3201.4575,3164.1608,67.3605,2.1289,348617714.0,410846601.1,,,,,,,,20230725.0,20230725.0,20230725
2023-07-26,000001.SH,3223.0279,3228.0873,3229.8921,3212.8801,3231.5213,-8.4934,-0.2628,317206051.0,328306929.4,,,,,,,,20230726.0,20230726.0,20230726
2023-07-27,000001.SH,3216.6709,3225.4763,3245.6028,3210.4699,3223.0279,-6.357,-0.1972,327118867.0,332145068.3,,,,,,,,20230727.0,20230727.0,20230727
2023-07-28,000001.SH,3275.9257,3206.741,3280.2777,3200.9939,3216.6709,59.2548,1.8421,411068434.0,436923617.4,,,,,,,,20230728.0,20230728.0,20230728
2023-07-31,000001.SH,3291.0398,3287.2089,3322.1291,3281.0133,3275.9257,15.1141,0.4614,459030994.0,511505348.4,,,,,,,,20230731.0,20230731.0,20230731
2023-08-01,000001.SH,3290.9493,3288.7604,3305.3402,3279.5656,3291.0398,-0.0905,-0.0027,459890833.0,441023318.6,,,,,,,,20230801.0,20230801.0,20230801
2023-08-02,000001.SH,3261.6903,3281.8583,3290.8203,3252.3036,3290.9493,-29.259,-0.8891,405341499.0,388952704.0,,,,,,,,20230802.0,20230802.0,20230802
2023-08-03,000001.SH,3280.4626,3254.5651,3280.8636,3247.2719,3261.6903,18.7723,0.5755,384691317.0,389530672.0,,,,,,,,20230803.0,20230803.0,20230803
2023-08-04,000001.SH,3288.0842,3296.0944,3315.0492,3281.7343,3280.4626,7.6216,0.2323,470927697.0,497188089.4,,,,,,,,20230804.0,20230804.0,20230804
2023-08-07,000001.SH,3268.8311,3276.7756,3276.7756,3258.5372,3288.0842,-19.2531,-0.5855,360341484.0,393056934.2,,,,,,,,20230807.0,20230807.0,20230807
2023-08-08,000001.SH,3260.6196,3260.7218,3274.5186,3246.6745,3268.8311,-8.2115,-0.2512,316520733.0,355750325.3,,,,,,,,20230808.0,20230808.0,20230808
2023-08-09,000001.SH,3244.4867,3251.1521,3257.0816,3240.2888,3260.6196,-16.1329,-0.4948,271218538.0,309778299.6,,,,,,,,20230809.0,20230809.0,20230809
2023-08-10,000001.SH,3254.5597,3242.2057,3257.0298,3234.1158,3244.4867,10.073,0.3105,287412142.0,307263291.7,,,,,,,,20230810.0,20230810.0,20230810
2023-08-11,000001.SH,3189.248,3254.4751,3254.4751,3189.248,3254.5597,-65.3117,-2.0068,330137750.0,339187129.8,,,,,,,,20230811.0,20230811.0,20230811
2023-08-14,000001.SH,3178.4272,3159.7138,3180.5067,3141.6551,3189.248,-10.8208,-0.3393,299840327.0,322632054.4,,,,,,,,20230814.0,20230814.0,20230814
2023-08-15,000001.SH,3176.1758,3180.5579,3186.234,3147.3459,3178.4272,-2.2514,-0.0708,273251922.0,300827985.4,,,,,,,,20230815.0,20230815.0,20230815
2023-08-16,000001.SH,3150.1277,3164.7019,3176.626,3149.7226,3176.1758,-26.0481,-0.8201,281728292.0,303611332.6,,,,,,,,20230816.0,20230816.0,20230816
2023-08-17,000001.SH,3163.7393,3137.3514,3167.4457,3123.2495,3150.1277,13.6116,0.4321,294692586.0,320785474.1,,,,,,,,20230817.0,20230817.0,20230817
2023-08-18,000001.SH,3131.953,3165.0998,3179.1159,3131.953,3163.7393,-31.7863,-1.0047,294390352.0,320449006.9,,,,,,,,20230818.0,20230818.0,20230818
2023-08-21,000001.SH,3092.9777,3125.9897,3134.9571,3092.9777,3131.953,-38.9753,-1.2444,265753423.0,293721061.6,,,,,,,,20230821.0,20230821.0,20230821
2023-08-22,000001.SH,3120.3338,3103.7807,3126.7838,3074.5307,3092.9777,27.3561,0.8845,309316335.0,348637687.6,,,,,,,,20230822.0,20230822.0,20230822
2023-08-23,000001.SH,3078.4021,3116.2661,3116.3765,3077.6056,3120.3338,-41.9317,-1.3438,272244124.0,297986364.4,,,,,,,,20230823.0,20230823.0,20230823
2023-08-24,000001.SH,3082.2439,3085.9107,3106.1824,3072.9511,3078.4021,3.8418,0.1248,300024637.0,332447831.3,,,,,,,,20230824.0,20230824.0,20230824
2023-08-25,000001.SH,3064.0747,3068.615,3085.047,3053.0373,3082.2439,-18.1692,-0.5895,293347686.0,317757173.4,,,,,,,,20230825.0,20230825.0,20230825
2023-08-28,000001.SH,3098.6363,3219.0432,3219.0432,3089.1194,3064.0747,34.5616,1.128,485607764.0,517234120.9,,,,,,,,20230828.0,20230828.0,20230828
2023-08-29,000001.SH,3135.8867,3091.9379,3145.761,3090.4377,3098.6363,37.2504,1.2022,398875780.0,443979437.0,,,,,,,,20230829.0,20230829.0,20230829
2023-08-30,000001.SH,3137.1375,3144.4067,3153.689,3126.9024,3135.8867,1.2508,0.0399,347511867.0,414729469.6,,,,,,,,20230830.0,20230830.0,20230830
2023-08-31,000001.SH,3119.8764,3134.5529,3139.9801,3113.9459,3137.1375,-17.2611,-0.5502,313448242.0,362507128.8,,,,,,,,20230831.0,20230831.0,20230831
2023-09-01,000001.SH,3133.2467,3126.0234,3143.8457,3123.1896,3119.8764,13.3703,0.4286,292310992.0,334739632.9,,,,,,,,20230901.0,20230901.0,20230901
2023-09-04,000001.SH,3177.0603,3145.9435,3177.0603,3143.3793,3133.2467,43.8136,1.3983,366391140.0,404500273.0,,,,,,,,20230904.0,20230904.0,20230904
2023-09-05,000001.SH,3154.3693,3169.7384,3169.7384,3150.0753,3177.0603,-22.691,-0.7142,294061849.0,342760613.4,,,,,,,,20230905.0,20230905.0,20230905
2023-09-06,000001.SH,3158.0769,3147.1363,3162.1547,3136.8998,3154.3693,3.7076,0.1175,267002230.0,324001129.7,,,,,,,,20230906.0,20230906.0,20230906
2023-09-07,000001.SH,3122.3523,3152.2028,3152.2662,3120.8229,3158.0769,-35.7246,-1.1312,269264733.0,317186963.3,,,,,,,,20230907.0,20230907.0,20230907
2023-09-08,000001.SH,3116.7191,3114.2296,3126.0412,3104.6743,3122.3523,-5.6332,-0.1804,228125064.0,270006714.9,,,,,,,,20230908.0,20230908.0,20230908
2023-09-11,000001.SH,3142.779,3119.6101,3155.1026,3113.8164,3116.7191,26.0599,0.8361,290442917.0,351883736.0,,,,,,,,20230911.0,20230911.0,20230911
2023-09-12,000001.SH,3137.0593,3140.3409,3147.5141,3134.3176,3142.779,-5.7197,-0.182,234672051.0,281897501.8,,,,,,,,20230912.0,20230912.0,20230912
2023-09-13,000001.SH,3123.0669,3137.7718,3143.7577,3106.9693,3137.0593,-13.9924,-0.446,249701038.0,282015557.2,,,,,,,,20230913.0,20230913.0,20230913
2023-09-14,000001.SH,3126.5511,3124.8482,3135.025,3111.8588,3123.0669,3.4842,0.1116,263990138.0,281641855.5,,,,,,,,20230914.0,20230914.0,20230914
2023-09-15,000001.SH,3117.7434,3133.5883,3141.9642,3107.448,3126.5511,-8.8077,-0.2817,292026365.0,326091455.9,,,,,,,,20230915.0,20230915.0,20230915
2023-09-18,000001.SH,3125.9319,3110.4404,3128.7009,3098.496,3117.7434,8.1885,0.2626,259444257.0,299644725.4,,,,,,,,20230918.0,20230918.0,20230918
2023-09-19,000001.SH,3124.9567,3123.9862,3131.1298,3113.5254,3125.9319,-0.9752,-0.0312,253652761.0,274062664.4,,,,,,,,20230919.0,20230919.0,20230919
2023-09-20,000001.SH,3108.5679,3118.6671,3122.1277,3108.1578,3124.9567,-16.3888,-0.5244,228124462.0,243019998.7,,,,,,,,20230920.0,20230920.0,20230920
2023-09-21,000001.SH,3084.701,3103.1754,3113.4939,3084.701,3108.5679,-23.8669,-0.7678,228659100.0,243536277.5,,,,,,,,20230921.0,20230921.0,20230921
2023-09-22,000001.SH,3132.4316,3084.7567,3132.5578,3078.8007,3084.701,47.7306,1.5473,285978351.0,321443778.9,,,,,,,,20230922.0,20230922.0,20230922
2023-09-25,000001.SH,3115.6071,3131.2079,3131.2079,3112.1505,3132.4316,-16.8245,-0.5371,258071885.0,294635829.6,,,,,,,,20230925.0,20230925.0,20230925
2023-09-26,000001.SH,3102.2726,3114.0214,3120.2889,3102.2726,3115.6071,-13.3345,-0.428,222644313.0,270006131.0,,,,,,,,20230926.0,20230926.0,20230926
2023-09-27,000001.SH,3107.3156,3104.0395,3125.447,3103.8441,3102.2726,5.043,0.1626,240495830.0,293421022.4,,,,,,,,20230927.0,20230927.0,20230927
2023-09-28,000001.SH,3110.4753,3117.7549,3121.8352,3105.9397,3107.3156,3.1597,0.1017,236329981.0,288396222.8,,,,,,,,20230928.0,20230928.0,20230928
2023-10-09,000001.SH,3096.9224,3099.9998,3103.3597,3072.6418,3110.4753,-13.5529,-0.4357,264422205.0,302662162.1,,,,,,,,20231009.0,20231009.0,20231009
2023-10-10,000001.SH,3075.2361,3104.3651,3109.9822,3073.1864,3096.9224,-21.6863,-0.7003,255327379.0,293653291.7,,,,,,,,20231010.0,20231010.0,20231010
2023-10-11,000001.SH,3078.9556,3085.6989,3095.6594,3071.936,3075.2361,3.7195,0.121,259918692.0,326562386.2,,,,,,,,20231011.0,20231011.0,20231011
2023-10-12,000001.SH,3107.9007,3101.7051,3109.9898,3092.1771,3078.9556,28.9451,0.9401,274827998.0,325865894.4,,,,,,,,20231012.0,20231012.0,20231012
2023-10-13,000001.SH,3088.0991,3091.9972,3094.9153,3080.5481,3107.9007,-19.8016,-0.6371,255085235.0,309538085.3,,,,,,,,20231013.0,20231013.0,20231013
2023-10-16,000001.SH,3073.813,3091.0647,3091.1257,3063.6856,3088.0991,-14.2861,-0.4626,263882363.0,314394203.0,,,,,,,,20231016.0,20231016.0,20231016
2023-10-17,000001.SH,3083.4964,3076.4283,3084.0725,3064.8897,3073.813,9.6834,0.315,259019588.0,300026228.5,,,,,,,,20231017.0,20231017.0,20231017
2023-10-18,000001.SH,3058.7098,3076.5796,3076.5796,3057.0588,3083.4964,-24.7866,-0.8038,268647155.0,310306035.8,,,,,,,,20231018.0,20231018.0,20231018
2023-10-19,000001.SH,3005.3934,3043.1955,3043.1955,3004.7745,3058.7098,-53.3164,-1.7431,304038910.0,355069177.0,,,,,,,,20231019.0,20231019.0,20231019
2023-10-20,000001.SH,2983.0585,2995.3575,3006.2746,2977.1731,3005.3934,-22.3349,-0.7432,267113594.0,307388393.3,,,,,,,,20231020.0,20231020.0,20231020
2023-10-23,000001.SH,2939.2913,2969.7858,2973.6611,2923.5113,2983.0585,-43.7672,-1.4672,278904128.0,304028962.5,,,,,,,,20231023.0,20231023.0,20231023
2023-10-24,000001.SH,2962.2437,2944.3105,2964.7605,2929.0883,2939.2913,22.9524,0.7809,310985389.0,339902176.9,,,,,,,,20231024.0,20231024.0,20231024
2023-10-25,000001.SH,2974.1135,2986.4066,2993.2951,2972.4177,2962.2437,11.8698,0.4007,332392004.0,362846635.5,,,,,,,,20231025.0,20231025.0,20231025
2023-10-26,000001.SH,2988.2992,2960.1038,2990.3277,2956.006,2974.1135,14.1857,0.477,291814511.0,332258828.0,,,,,,,,20231026.0,20231026.0,20231026
2023-10-27,000001.SH,3017.7842,2978.4026,3029.2101,2974.8802,2988.2992,29.485,0.9867,321803717.0,385692318.1,,,,,,,,20231027.0,20231027.0,20231027
2023-10-30,000001.SH,3021.5534,3009.6104,3028.2641,3002.3477,3017.7842,3.7692,0.1249,360604238.0,439587974.8,,,,,,,,20231030.0,20231030.0,20231030
2023-10-31,000001.SH,3018.7706,3019.646,3023.0014,3006.6088,3021.5534,-2.7828,-0.0921,319859967.0,386277226.4,,,,,,,,20231031.0,20231031.0,20231031
2023-11-01,000001.SH,3023.0765,3038.1821,3038.3303,3013.933,3018.7706,4.3059,0.1426,280110445.0,347121456.5,,,,,,,,20231101.0,20231101.0,20231101
2023-11-02,000001.SH,3009.4058,3028.6647,3038.6422,3009.121,3023.0765,-13.6707,-0.4522,268794581.0,311936400.8,,,,,,,,20231102.0,20231102.0,20231102
2023-11-03,000001.SH,3030.7977,3012.4654,3040.9807,3012.4654,3009.4058,21.3919,0.7108,268486347.0,329300477.5,,,,,,,,20231103.0,20231103.0,20231103
2023-11-06,000001.SH,3058.4105,3047.1301,3058.9891,3037.6941,3030.7977,27.6128,0.9111,372949630.0,447638159.9,,,,,,,,20231106.0,20231106.0,20231106
2023-11-07,000001.SH,3057.2697,3052.9202,3064.5771,3042.4689,3058.4105,-1.1408,-0.0373,326853455.0,401065573.9,,,,,,,,20231107.0,20231107.0,20231107
2023-11-08,000001.SH,3052.3726,3051.1531,3062.991,3037.2888,3057.2697,-4.8971,-0.1602,335677834.0,415289260.1,,,,,,,,20231108.0,20231108.0,20231108
2023-11-09,000001.SH,3053.2792,3047.6532,3063.4674,3045.8336,3052.3726,0.9066,0.0297,315621764.0,388556747.1,,,,,,,,20231109.0,20231109.0,20231109
2023-11-10,000001.SH,3038.9699,3043.5585,3044.0007,3027.0878,3053.2792,-14.3093,-0.4687,285546497.0,346913084.5,,,,,,,,20231110.0,20231110.0,20231110
2023-11-13,000001.SH,3046.5329,3044.0319,3048.6209,3028.168,3038.9699,7.563,0.2489,290430588.0,344120017.2,,,,,,,,20231113.0,20231113.0,20231113
2023-11-14,000001.SH,3056.0703,3046.8171,3059.5294,3044.4259,3046.5329,9.5374,0.3131,294844733.0,358249840.2,,,,,,,,20231114.0,20231114.0,20231114
2023-11-15,000001.SH,3072.8348,3077.0291,3080.1284,3064.3464,3056.0703,16.7645,0.5486,304250107.0,389515978.0,,,,,,,,20231115.0,20231115.0,20231115
2023-11-16,000001.SH,3050.9257,3066.8554,3071.4522,3050.9257,3072.8348,-21.9091,-0.713,271079460.0,329364382.7,,,,,,,,20231116.0,20231116.0,20231116
2023-11-17,000001.SH,3054.3655,3043.617,3055.8561,3033.7472,3050.9257,3.4398,0.1127,267606393.0,328568598.8,,,,,,,,20231117.0,20231117.0,20231117
2023-11-20,000001.SH,3068.3191,3056.9268,3072.5134,3043.5148,3054.3655,13.9536,0.4568,287556998.0,367109310.2,,,,,,,,20231120.0,20231120.0,20231120
2023-11-21,000001.SH,3067.9328,3074.8281,3089.7738,3063.3449,3068.3191,-0.3863,-0.0126,330733102.0,391558034.9,,,,,,,,20231121.0,20231121.0,20231121
2023-11-22,000001.SH,3043.611,3060.4984,3067.9625,3043.611,3067.9328,-24.3218,-0.7928,289056490.0,330385482.7,,,,,,,,20231122.0,20231122.0,20231122
2023-11-23,000001.SH,3061.8562,3041.6779,3062.8665,3034.2969,3043.611,18.2452,0.5995,276592059.0,315612515.6,,,,,,,,20231123.0,20231123.0,20231123
2023-11-24,000001.SH,3040.9717,3060.3306,3060.3306,3037.2012,3061.8562,-20.8845,-0.6821,287788413.0,311509355.9,,,,,,,,20231124.0,20231124.0,20231124
2023-11-27,000001.SH,3031.7002,3038.1864,3038.3578,3015.0076,3040.9717,-9.2715,-0.3049,310517868.0,350705835.5,,,,,,,,20231127.0,20231127.0,20231127
2023-11-28,000001.SH,3038.5545,3028.5983,3039.6945,3020.2306,3031.7002,6.8543,0.2261,268920746.0,317303697.7,,,,,,,,20231128.0,20231128.0,20231128
2023-11-29,000001.SH,3021.6874,3038.4641,3038.9767,3017.6611,3038.5545,-16.8671,-0.5551,277956448.0,322141206.1,,,,,,,,20231129.0,20231129.0,20231129
2023-11-30,000001.SH,3029.6727,3021.1025,3030.9086,3013.7678,3021.6874,7.9853,0.2643,282945357.0,326755696.1,,,,,,,,20231130.0,20231130.0,20231130
2023-12-01,000001.SH,3031.6358,3027.353,3035.7599,3010.2333,3029.6727,1.9631,0.0648,286089700.0,335547176.4,,,,,,,,20231201.0,20231201.0,20231201
2023-12-04,000001.SH,3022.9138,3033.298,3038.9794,3022.3477,3031.6358,-8.722,-0.2877,288162053.0,344279696.0,,,,,,,,20231204.0,20231204.0,20231204
2023-12-05,000001.SH,2972.2959,3017.0102,3017.0102,2972.2959,3022.9138,-50.6179,-1.6745,293943278.0,340454488.1,,,,,,,,20231205.0,20231205.0,20231205
2023-12-06,000001.SH,2968.9334,2966.9475,2985.3143,2959.603,2972.2959,-3.3625,-0.1131,294104187.0,336218906.4,,,,,,,,20231206.0,20231206.0,20231206
2023-12-07,000001.SH,2966.2061,2965.6523,2976.0148,2949.1438,2968.9334,-2.7273,-0.0919,296243687.0,348039624.0,,,,,,,,20231207.0,20231207.0,20231207
2023-12-08,000001.SH,2969.5594,2965.3901,2980.8344,2962.327,2966.2061,3.3533,0.1131,369138705.0,423492311.9,,,,,,,20231208.0,20231208.0,20231208.0,20231208
2023-12-11,000001.SH,2991.4385,2956.2905,2995.6698,2930.422,2969.5594,21.8791,0.7368,360216344.0,405351583.2,,,,,,,20231211.0,20231211.0,20231211.0,20231211
2023-12-12,000001.SH,3003.4378,2986.3282,3003.7455,2980.4462,2991.4385,11.9993,0.4011,287638762.0,333170576.4,,,,,,,20231212.0,20231212.0,20231212.0,20231212
2023-12-13,000001.SH,2968.7606,2997.3358,2997.3358,2968.7606,3003.4378,-34.6772,-1.1546,282754098.0,331476614.7,,,,,,,20231213.0,20231213.0,20231213.0,20231213
2023-12-14,000001.SH,2958.9856,2979.699,2986.1773,2958.066,2968.7606,-9.775,-0.3293,271457650.0,312658124.6,,,,,,,20231214.0,20231214.0,20231214.0,20231214
2023-12-15,000001.SH,2942.5568,2966.3015,2976.3094,2940.0266,2958.9856,-16.4288,-0.5552,289327642.0,322083690.8,,,,,,,20231215.0,20231215.0,20231215.0,20231215
2023-12-18,000001.SH,2930.8036,2936.5751,2951.1479,2924.3254,2942.5568,-11.7532,-0.3994,293086999.0,304915893.0,,,,,,,20231218.0,20231218.0,20231218.0,20231218
2023-12-19,000001.SH,2932.3908,2928.7631,2940.5014,2914.1253,2930.8036,1.5872,0.0542,265926980.0,283234126.2,,,,,,,20231219.0,20231219.0,20231219.0,20231219
2023-12-20,000001.SH,2902.1096,2932.1186,2937.1011,2902.0395,2932.3908,-30.2812,-1.0326,265562454.0,290838402.1,,,,,,,20231220.0,20231220.0,20231220.0,20231220
2023-12-21,000001.SH,2918.7149,2892.0201,2924.2562,2882.0195,2902.1096,16.6053,0.5722,282541827.0,315943775.5,,,,,,,20231221.0,20231221.0,20231221.0,20231221
2023-12-22,000001.SH,2914.7752,2919.2879,2935.7002,2906.5094,2918.7149,-3.9397,-0.135,296628367.0,327498019.6,,,,,,,20231222.0,20231222.0,20231222.0,20231222
2023-12-25,000001.SH,2918.8126,2909.8751,2920.6323,2903.987,2914.7752,4.0374,0.1385,229814178.0,261487251.0,,,,,,,20231225.0,20231225.0,20231225.0,20231225
2023-12-26,000001.SH,2898.8787,2917.9708,2917.9708,2892.8373,2918.8126,-19.9339,-0.6829,228140855.0,260220552.8,,,,,,,20231226.0,20231226.0,20231226.0,20231226
2023-12-27,000001.SH,2914.6138,2900.1491,2917.9564,2890.165,2898.8787,15.7351,0.5428,247900882.0,279048608.0,,,,,,,20231227.0,20231227.0,20231227.0,20231227
2023-12-28,000001.SH,2954.7035,2913.1096,2961.6476,2909.3886,2914.6138,40.0897,1.3755,339213116.0,392449073.5,,,,,,,20231228.0,20231228.0,20231228.0,20231228
2023-12-29,000001.SH,2974.9348,2950.8372,2975.0319,2950.0173,2954.7035,20.2313,0.6847,290672687.0,349002967.3,,,,,,,20231229.0,20231229.0,20231229.0,20231229
2024-01-02,000001.SH,2962.2762,2972.775,2976.2682,2962.2762,2974.9348,-12.6586,-0.4255,304141793.0,345950729.2,,,,,,,20240102.0,20240102.0,20240102.0,20240102
2024-01-03,000001.SH,2967.2472,2957.1117,2971.2834,2953.2901,2962.2762,4.971,0.1678,285455945.0,321018391.3,,,,,,,20240103.0,20240103.0,20240103.0,20240103
2024-01-04,000001.SH,2954.3486,2965.5087,2966.6828,2936.6347,2967.2472,-12.8986,-0.4347,264980924.0,296291346.9,,,,,,,20240104.0,20240104.0,20240104.0,20240104
2024-01-05,000001.SH,2929.1833,2949.8221,2967.9677,2916.7206,2954.3486,-25.1653,-0.8518,301040239.0,325917001.2,,,,,,,20240105.0,20240105.0,20240105.0,20240105
2024-01-08,000001.SH,2887.5379,2923.457,2924.4559,2887.5379,2929.1833,-41.6454,-1.4217,270275055.0,290730589.6,,,,,,,20240108.0,20240108.0,20240108.0,20240108
2024-01-09,000001.SH,2893.2513,2887.1095,2900.7266,2878.4123,2887.5379,5.7134,0.1979,262955975.0,294446373.7,,,,,,,20240109.0,20240109.0,20240109.0,20240109
2024-01-10,000001.SH,2877.7023,2886.9807,2903.1621,2870.4155,2893.2513,-15.549,-0.5374,244046526.0,281192192.4,,,,,,,20240110.0,20240110.0,20240110.0,20240110
2024-01-11,000001.SH,2886.6502,2873.7982,2896.1788,2867.7223,2877.7023,8.9479,0.3109,267050764.0,298552532.9,,,,,,,20240111.0,20240111.0,20240111.0,20240111
2024-01-12,000001.SH,2881.9769,2880.0399,2904.1743,2878.8752,2886.6502,-4.6733,-0.1619,261602931.0,282877466.3,,,,,,,20240112.0,20240112.0,20240112.0,20240112
2024-01-15,000001.SH,2886.2908,2872.5562,2904.4643,2869.2236,2881.9769,4.3139,0.1497,244611236.0,269229737.1,,,,,,,20240115.0,20240115.0,20240115.0,20240115
2024-01-16,000001.SH,2893.9886,2881.5602,2896.683,2861.1302,2886.2908,7.6978,0.2667,286286714.0,300837919.2,,,,,,,20240116.0,20240116.0,20240116.0,20240116
2024-01-17,000001.SH,2833.6152,2887.2917,2887.4893,2833.6152,2893.9886,-60.3734,-2.0862,261251308.0,283073939.8,,,,,,,20240117.0,20240117.0,20240117.0,20240117
2024-01-18,000001.SH,2845.7839,2822.6672,2849.2559,2760.978,2833.6152,12.1687,0.4294,390396855.0,400709904.7,,,,,,,20240118.0,20240118.0,20240118.0,20240118
2024-01-19,000001.SH,2832.2793,2836.9749,2849.8755,2822.8434,2845.7839,-13.5046,-0.4745,266664388.0,296717043.8,,,,,,,20240119.0,20240119.0,20240119.0,20240119
2024-01-22,000001.SH,2756.3399,2826.5034,2828.3202,2735.3721,2832.2793,-75.9394,-2.6812,350165758.0,359918989.6,,,,,,,20240122.0,20240122.0,20240122.0,20240122
2024-01-23,000001.SH,2770.9763,2746.8923,2784.8407,2724.1573,2756.3399,14.6364,0.531,308749417.0,312191330.2,,,,,,,20240123.0,20240123.0,20240123.0,20240123
2024-01-24,000001.SH,2820.7719,2782.1415,2823.6953,2743.3971,2770.9763,49.7956,1.797,369070600.0,357316181.6,,,,,,,20240124.0,20240124.0,20240124.0,20240124
2024-01-25,000001.SH,2906.1087,2823.8259,2906.794,2821.7093,2820.7719,85.3368,3.0253,442009045.0,437679811.3,,,,,,,20240125.0,20240125.0,20240125.0,20240125
2024-01-26,000001.SH,2910.2227,2897.9149,2924.3065,2890.4819,2906.1087,4.114,0.1416,421109084.0,402400231.3,,,,,,,20240126.0,20240126.0,20240126.0,20240126
2024-01-29,000001.SH,2883.356,2910.6072,2923.8992,2883.3327,2910.2227,-26.8667,-0.9232,410581311.0,397014731.4,,,,,,,20240129.0,20240129.0,20240129.0,20240129
2024-01-30,000001.SH,2830.5266,2866.2795,2881.3468,2829.2498,2883.356,-52.8294,-1.8322,335661226.0,329254005.9,,,,,,,20240130.0,20240130.0,20240130.0,20240130
2024-01-31,000001.SH,2788.5482,2815.5042,2834.011,2782.5869,2830.5266,-41.9784,-1.4831,377103965.0,355636999.8,,,,,,,20240131.0,20240131.0,20240131.0,20240131
2024-02-01,000001.SH,2770.7403,2773.4239,2805.0146,2752.7824,2788.5482,-17.8079,-0.6386,352889185.0,337547960.5,,,,,,,20240201.0,20240201.0,20240201.0,20240201
2024-02-02,000001.SH,2730.152,2773.2949,2791.6756,2666.3335,2770.7403,-40.5883,-1.4649,426230199.0,392661142.3,,,,,,,20240202.0,20240202.0,20240202.0,20240202
2024-02-05,000001.SH,2702.185,2716.081,2739.7383,2635.0897,2730.152,-27.967,-1.0244,478990292.0,424877418.3,,,,,,,20240205.0,20240205.0,20240205.0,20240205
2024-02-06,000001.SH,2789.486,2680.4846,2802.9312,2669.6732,2702.185,87.301,3.2308,502849313.0,441215054.1,,,,,,,20240206.0,20240206.0,20240206.0,20240206
2024-02-07,000001.SH,2829.6956,2791.5145,2829.6956,2770.5293,2789.486,40.2096,1.4415,547117439.0,495919878.1,,,,,,,20240207.0,20240207.0,20240207.0,20240207
2024-02-08,000001.SH,2865.9032,2832.4855,2867.4738,2827.902,2829.6956,36.2076,1.2796,531108893.0,482939732.0,,,,,,,20240208.0,20240208.0,20240208.0,20240208
2024-02-19,000001.SH,2910.544,2886.5871,2910.544,2867.7103,2865.9032,44.6408,1.5577,458967704.0,442148454.6,,,,,,,20240219.0,20240219.0,20240219.0,20240219
2024-02-20,000001.SH,2922.7302,2902.8765,2927.308,2887.4741,2910.544,12.1862,0.4187,350138735.0,357057492.0,,,,,,,20240220.0,20240220.0,20240220.0,20240220
2024-02-21,000001.SH,2950.9556,2906.0243,2994.6149,2898.0496,2922.7302,28.2254,0.9657,444245463.0,450922050.7,,,,,,,20240221.0,20240221.0,20240221.0,20240221
2024-02-22,000001.SH,2988.3578,2945.4465,2988.3578,2944.4988,2950.9556,37.4022,1.2675,354132536.0,365264217.9,,,,,,,20240222.0,20240222.0,20240222.0,20240222
2024-02-23,000001.SH,3004.881,2992.9115,3009.1359,2979.9728,2988.3578,16.5232,0.5529,380083270.0,398232220.7,,,,,,,20240223.0,20240223.0,20240223.0,20240223
2024-02-26,000001.SH,2977.0221,3002.1179,3009.479,2967.0571,3004.881,-27.8589,-0.9271,409026558.0,427564895.8,,,,,,,20240226.0,20240226.0,20240226.0,20240226
2024-02-27,000001.SH,3015.4807,2966.4166,3015.4807,2961.1479,2977.0221,38.4586,1.2918,372984687.0,412614978.5,,,,,,,20240227.0,20240227.0,20240227.0,20240227
2024-02-28,000001.SH,2957.8524,3016.2555,3031.4881,2957.8524,3015.4807,-57.6283,-1.9111,544109093.0,576555221.7,,,,,,,20240228.0,20240228.0,20240228.0,20240228
2024-02-29,000001.SH,3015.1712,2943.6242,3015.1712,2943.6242,2957.8524,57.3188,1.9379,409696374.0,452808746.1,,,,,,,20240229.0,20240229.0,20240229.0,20240229
2024-03-01,000001.SH,3027.0204,3013.8229,3032.2315,3003.7632,3015.1712,11.8492,0.393,379132184.0,442984248.2,,,,,,,20240301.0,20240301.0,20240301.0,20240301
2024-03-04,000001.SH,3039.3055,3026.6071,3040.3447,3007.6829,3027.0204,12.2851,0.4058,387760002.0,461727516.6,,,,,,,20240304.0,20240304.0,20240304.0,20240304
2024-03-05,000001.SH,3047.7931,3027.1028,3052.5413,3022.1777,3039.3055,8.4876,0.2793,383509955.0,458900476.8,,,,,,,20240305.0,20240305.0,20240305.0,20240305
2024-03-06,000001.SH,3039.9309,3041.7518,3060.5629,3034.3536,3047.7931,-7.8622,-0.258,340982739.0,401334635.6,,,,,,,20240306.0,20240306.0,20240306.0,20240306
2024-03-07,000001.SH,3027.4013,3040.2111,3063.6924,3023.1177,3039.9309,-12.5296,-0.4122,377154391.0,423391257.0,,,,,,,20240307.0,20240307.0,20240307.0,20240307
2024-03-08,000001.SH,3046.0192,3026.1654,3049.194,3016.9032,3027.4013,18.6179,0.615,319204392.0,370647474.8,,,,,,,20240308.0,20240308.0,20240308.0,20240308
2024-03-11,000001.SH,3068.4554,3042.6188,3068.4554,3035.4451,3046.0192,22.4362,0.7366,361608821.0,427851361.3,,,,,,,20240311.0,20240311.0,20240311.0,20240311
2024-03-12,000001.SH,3055.935,3068.182,3075.1308,3044.8572,3068.4554,-12.5204,-0.408,415743914.0,494558502.8,,,,,,,20240312.0,20240312.0,20240312.0,20240312
2024-03-13,000001.SH,3043.8346,3053.3413,3061.951,3031.8985,3055.935,-12.1004,-0.396,365047453.0,442453946.3,,,,,,,20240313.0,20240313.0,20240313.0,20240313
2024-03-14,000001.SH,3038.2339,3042.4131,3059.9975,3020.637,3043.8346,-5.6007,-0.184,364072290.0,436338838.3,,,,,,,20240314.0,20240314.0,20240314.0,20240314
2024-03-15,000001.SH,3054.6359,3031.5229,3056.4473,3023.2152,3038.2339,16.402,0.5399,360268463.0,405917704.0,,,,,,,20240315.0,20240315.0,20240315.0,20240315
2024-03-18,000001.SH,3084.9262,3057.2093,3085.3124,3055.9221,3054.6359,30.2903,0.9916,406653508.0,485520636.5,,,,,,,20240318.0,20240318.0,20240318.0,20240318
2024-03-19,000001.SH,3062.7558,3077.9805,3090.0459,3062.6279,3084.9262,-22.1704,-0.7187,384123680.0,446930657.8,,,,,,,20240319.0,20240319.0,20240319.0,20240319
2024-03-20,000001.SH,3079.6859,3058.6478,3081.7547,3056.645,3062.7558,16.9301,0.5528,349187729.0,407432569.7,,,,,,,20240320.0,20240320.0,20240320.0,20240320
2024-03-21,000001.SH,3077.113,3084.4116,3090.0513,3069.272,3079.6859,-2.5729,-0.0835,366877968.0,437634616.3,,,,,,,20240321.0,20240321.0,20240321.0,20240321
2024-03-22,000001.SH,3048.0336,3070.5481,3073.2058,3027.7615,3077.113,-29.0794,-0.945,394740486.0,456762466.6,,,,,,,20240322.0,20240322.0,20240322.0,20240322
2024-03-25,000001.SH,3026.3055,3040.501,3065.2611,3026.3055,3048.0336,-21.7281,-0.7129,387485389.0,443472341.3,,,,,,,20240325.0,20240325.0,20240325.0,20240325
2024-03-26,000001.SH,3031.4809,3026.9218,3036.4939,3006.2597,3026.3055,5.1754,0.171,345928787.0,396410716.1,,,,,,,20240326.0,20240326.0,20240326.0,20240326
2024-03-27,000001.SH,2993.1388,3026.8138,3030.4495,2993.1388,3031.4809,-38.3421,-1.2648,343198010.0,376242896.1,,,,,,,20240327.0,20240327.0,20240327.0,20240327
2024-03-28,000001.SH,3010.6636,2988.5899,3033.3666,2984.1201,2993.1388,17.5248,0.5855,353200026.0,392929088.7,,,,,,,20240328.0,20240328.0,20240328.0,20240328
2024-03-29,000001.SH,3041.1669,3008.3757,3041.2978,3008.1672,3010.6636,30.5033,1.0132,334822785.0,364571210.1,,,,,,,20240329.0,20240329.0,20240329.0,20240329
2024-04-01,000001.SH,3077.3786,3049.0207,3078.4883,3049.0207,3041.1669,36.2117,1.1907,375393640.0,420902006.8,,,,,,,20240401.0,20240401.0,20240401.0,20240401
2024-04-02,000001.SH,3074.9586,3076.8752,3085.5365,3063.9808,3077.3786,-2.42,-0.0786,367304262.0,396705813.3,,,,,,,20240402.0,20240402.0,20240402.0,20240402
2024-04-03,000001.SH,3069.2959,3074.8929,3079.02,3057.3972,3074.9586,-5.6627,-0.1842,363211380.0,392704394.0,,,,,,,20240403.0,20240403.0,20240403.0,20240403
2024-04-08,000001.SH,3047.0526,3057.3255,3077.3512,3045.4692,3069.2959,-22.2433,-0.7247,402936740.0,421808399.7,,,,,,,20240408.0,20240408.0,20240408.0,20240408
2024-04-09,000001.SH,3048.5369,3044.6136,3051.5851,3033.2089,3047.0526,1.4843,0.0487,333489965.0,347834663.5,,,,,,,20240409.0,20240409.0,20240409.0,20240409
2024-04-10,000001.SH,3027.3349,3045.9609,3049.6072,3013.5897,3048.5369,-21.202,-0.6955,348991721.0,364717833.5,,,,,,,20240410.0,20240410.0,20240410.0,20240410
2024-04-11,000001.SH,3034.2464,3013.5727,3050.3372,3009.8972,3027.3349,6.9115,0.2283,340894392.0,364147836.5,,,,,,,20240411.0,20240411.0,20240411.0,20240411
2024-04-12,000001.SH,3019.4735,3035.5773,3043.5599,3014.8297,3034.2464,-14.7729,-0.4869,334229771.0,363119193.0,,,,,,,20240412.0,20240412.0,20240412.0,20240412
2024-04-15,000001.SH,3057.3776,3013.6722,3066.9412,2995.542,3019.4735,37.9041,1.2553,461239244.0,459849043.3,,,,,,,20240415.0,20240415.0,20240415.0,20240415
2024-04-16,000001.SH,3007.0681,3043.5505,3052.4346,3005.34,3057.3776,-50.3095,-1.6455,448070473.0,435170805.5,,,,,,,20240416.0,20240416.0,20240416.0,20240416
2024-04-17,000001.SH,3071.3806,3008.0614,3071.3806,3002.0564,3007.0681,64.3125,2.1387,413358368.0,416254660.8,,,,,,,20240417.0,20240417.0,20240417.0,20240417
2024-04-18,000001.SH,3074.2246,3060.0309,3102.5527,3057.7606,3071.3806,2.844,0.0926,416321349.0,441432075.8,,,,,,,20240418.0,20240418.0,20240418.0,20240418
2024-04-19,000001.SH,3065.261,3060.2989,3080.3227,3055.0577,3074.2246,-8.9636,-0.2916,375543855.0,396614941.1,,,,,,,20240419.0,20240419.0,20240419.0,20240419
2024-04-22,000001.SH,3044.5952,3059.0649,3078.4226,3042.542,3065.261,-20.6658,-0.6742,357216399.0,382192259.2,,,,,,,20240422.0,20240422.0,20240422.0,20240422
2024-04-23,000001.SH,3021.9775,3038.6118,3044.9438,3016.5169,3044.5952,-22.6177,-0.7429,325595128.0,348651765.4,,,,,,,20240423.0,20240423.0,20240423.0,20240423
2024-04-24,000001.SH,3044.8223,3029.4028,3045.6398,3019.1239,3021.9775,22.8448,0.756,305264093.0,335157362.7,,,,,,,20240424.0,20240424.0,20240424.0,20240424
2024-04-25,000001.SH,3052.9,3037.9273,3060.2635,3034.6499,3044.8223,8.0777,0.2653,292280148.0,315797661.2,,,,,,,20240425.0,20240425.0,20240425.0,20240425
2024-04-26,000001.SH,3088.6357,3054.9793,3092.43,3054.9793,3052.9,35.7357,1.1705,439382563.0,484160093.0,,,,,,,20240426.0,20240426.0,20240426.0,20240426
2024-04-29,000001.SH,3113.0432,3086.6819,3119.6857,3080.5858,3088.6357,24.4075,0.7902,506925445.0,554918811.2,,,,,,,20240429.0,20240429.0,20240429.0,20240429
2024-04-30,000001.SH,3104.8245,3110.1594,3123.2876,3104.2943,3113.0432,-8.2187,-0.264,440213213.0,473803228.5,,,,,,,20240430.0,20240430.0,20240430.0,20240430
2024-05-06,000001.SH,3140.7204,3132.5115,3142.3816,3126.7689,3104.8245,35.8959,1.1561,450656899.0,511256135.6,,,,,,,20240506.0,20240506.0,20240506.0,20240506
2024-05-07,000001.SH,3147.738,3139.6637,3151.219,3133.6904,3140.7204,7.0176,0.2234,379102564.0,426951665.9,,,,,,,20240507.0,20240507.0,20240507.0,20240507
2024-05-08,000001.SH,3128.4798,3141.4874,3144.9856,3126.1729,3147.738,-19.2582,-0.6118,334000320.0,367220116.5,,,,,,,20240508.0,20240508.0,20240508.0,20240508
2024-05-09,000001.SH,3154.3201,3128.1644,3158.4646,3128.1644,3128.4798,25.8403,0.826,360881462.0,398979066.9,,,,,,,20240509.0,20240509.0,20240509.0,20240509
2024-05-10,000001.SH,3154.5472,3158.5891,3163.1441,3137.1517,3154.3201,0.2271,0.0072,384287495.0,406707822.8,,,,,,,20240510.0,20240510.0,20240510.0,20240510
2024-05-13,000001.SH,3148.0207,3139.4753,3157.3656,3126.1697,3154.5472,-6.5265,-0.2069,397030565.0,425963088.2,,,,,,,20240513.0,20240513.0,20240513.0,20240513
2024-05-14,000001.SH,3145.7743,3148.8488,3155.8071,3137.6091,3148.0207,-2.2464,-0.0714,343526194.0,370069674.9,,,,,,,20240514.0,20240514.0,20240514.0,20240514
2024-05-15,000001.SH,3119.9021,3141.2518,3142.9725,3117.9287,3145.7743,-25.8722,-0.8224,321027962.0,333005622.2,,,,,,,20240515.0,20240515.0,20240515.0,20240515
2024-05-16,000001.SH,3122.401,3127.1841,3137.8779,3116.1627,3119.9021,2.4989,0.0801,367417361.0,377502921.5,,,,,,,20240516.0,20240516.0,20240516.0,20240516
2024-05-17,000001.SH,3154.0263,3121.7126,3154.0263,3116.7842,3122.401,31.6253,1.0129,383915244.0,389572549.3,,,,,,,20240517.0,20240517.0,20240517.0,20240517
2024-05-20,000001.SH,3171.1451,3156.1482,3174.2658,3155.9903,3154.0263,17.1188,0.5428,426867280.0,448816915.0,,,,,,,20240520.0,20240520.0,20240520.0,20240520
2024-05-21,000001.SH,3157.9657,3164.6826,3165.2237,3148.342,3171.1451,-13.1794,-0.4156,335783572.0,346584200.8,,,,,,,20240521.0,20240521.0,20240521.0,20240521
2024-05-22,000001.SH,3158.5399,3157.1889,3166.9191,3152.457,3157.9657,0.5742,0.0182,354098082.0,364137830.7,,,,,,,20240522.0,20240522.0,20240522.0,20240522
2024-05-23,000001.SH,3116.387,3149.8752,3150.6282,3110.2773,3158.5399,-42.1529,-1.3346,353943727.0,356689462.9,,,,,,,20240523.0,20240523.0,20240523.0,20240523
2024-05-24,000001.SH,3088.8705,3110.7533,3130.4245,3087.7941,3116.387,-27.5165,-0.883,306532279.0,322748606.4,,,,,,,20240524.0,20240524.0,20240524.0,20240524
2024-05-27,000001.SH,3124.0427,3094.14,3125.5064,3091.9893,3088.8705,35.1722,1.1387,319396765.0,345383767.8,,,,,,,20240527.0,20240527.0,20240527.0,20240527
2024-05-28,000001.SH,3109.5721,3122.3877,3130.3103,3106.3645,3124.0427,-14.4706,-0.4632,310066974.0,320985406.5,,,,,,,20240528.0,20240528.0,20240528.0,20240528
2024-05-29,000001.SH,3111.0176,3108.0267,3128.1365,3100.9797,3109.5721,1.4455,0.0465,289970346.0,297512177.3,,,,,,,20240529.0,20240529.0,20240529.0,20240529
2024-05-30,000001.SH,3091.6778,3103.7078,3121.218,3085.3841,3111.0176,-19.3398,-0.6217,302380762.0,318475183.0,,,,,,,20240530.0,20240530.0,20240530.0,20240530
2024-05-31,000001.SH,3086.8134,3094.7587,3107.6035,3086.8134,3091.6778,-4.8644,-0.1573,276072816.0,301121881.3,,,,,,,20240531.0,20240531.0,20240531.0,20240531
2024-06-03,000001.SH,3078.4887,3085.9814,3097.2043,3061.2766,3086.8134,-8.3247,-0.2697,357563362.0,367608352.5,,,,,,,20240603.0,20240603.0,20240603.0,20240603
2024-06-04,000001.SH,3091.1992,3071.3196,3095.3221,3063.5879,3078.4887,12.7105,0.4129,309287598.0,325589691.9,,,,,,,20240604.0,20240604.0,20240604.0,20240604
2024-06-05,000001.SH,3065.4034,3086.0509,3092.3459,3064.7359,3091.1992,-25.7958,-0.8345,290542344.0,299722764.4,,,,,,,20240605.0,20240605.0,20240605.0,20240605
2024-06-06,000001.SH,3048.7939,3069.4393,3077.6725,3040.8295,3065.4034,-16.6095,-0.5418,369867104.0,371317019.0,,,,,,,20240606.0,20240606.0,20240606.0,20240606
2024-06-07,000001.SH,3051.2787,3053.9153,3065.0247,3031.0443,3048.7939,2.4848,0.0815,316342484.0,318911097.5,,,,,,,20240607.0,20240607.0,20240607.0,20240607
2024-06-11,000001.SH,3028.0451,3042.1338,3043.1997,3013.8611,3051.2787,-23.2336,-0.7614,310481942.0,332683377.8,,,,,,,20240611.0,20240611.0,20240611.0,20240611
2024-06-12,000001.SH,3037.4675,3025.2963,3042.0423,3021.3085,3028.0451,9.4224,0.3112,279452106.0,312058601.5,,,,,,,20240612.0,20240612.0,20240612.0,20240612
2024-06-13,000001.SH,3028.9187,3038.0859,3040.4021,3022.8224,3037.4675,-8.5488,-0.2814,297862463.0,336871037.1,,,,,,,20240613.0,20240613.0,20240613.0,20240613
2024-06-14,000001.SH,3032.6333,3020.9588,3037.9046,3011.5773,3028.9187,3.7146,0.1226,348746753.0,396194698.3,,,,,,,20240614.0,20240614.0,20240614.0,20240614
2024-06-17,000001.SH,3015.8907,3017.7169,3026.6242,3012.0452,3032.6333,-16.7426,-0.5521,295763448.0,338146875.6,,,,,,,20240617.0,20240617.0,20240617.0,20240617
2024-06-18,000001.SH,3030.2464,3015.0713,3031.9758,3012.5234,3015.8907,14.3557,0.476,273625999.0,317319995.7,,,,,,,20240618.0,20240618.0,20240618.0,20240618
2024-06-19,000001.SH,3018.0491,3029.0993,3030.2259,3015.3263,3030.2464,-12.1973,-0.4025,261296248.0,300290286.7,,,,,,,20240619.0,20240619.0,20240619.0,20240619
2024-06-20,000001.SH,3005.4369,3015.7224,3028.5143,3001.7677,3018.0491,-12.6122,-0.4179,295515907.0,324101266.4,,,,,,,20240620.0,20240620.0,20240620.0,20240620
2024-06-21,000001.SH,2998.1377,2998.2413,3011.9141,2985.9291,3005.4369,-7.2992,-0.2429,255001251.0,280275384.8,,,,,,,20240621.0,20240621.0,20240621.0,20240621
2024-06-24,000001.SH,2963.0989,2982.8263,2990.6429,2960.1267,2998.1377,-35.0388,-1.1687,298653884.0,318595817.7,,,,,,,20240624.0,20240624.0,20240624.0,20240624
2024-06-25,000001.SH,2949.9963,2962.7654,2971.6534,2935.5382,2963.0989,-13.1026,-0.4422,273209938.0,296569297.3,,,,,,,20240625.0,20240625.0,20240625.0,20240625
2024-06-26,000001.SH,2972.5251,2943.4471,2976.669,2933.3304,2949.9963,22.5288,0.7637,282388409.0,276215175.5,,,,,,,20240626.0,20240626.0,20240626.0,20240626
2024-06-27,000001.SH,2945.8524,2962.6964,2963.0644,2944.8979,2972.5251,-26.6727,-0.8973,270548519.0,266670979.4,,,,,,,20240627.0,20240627.0,20240627.0,20240627
2024-06-28,000001.SH,2967.4028,2940.3032,2985.4679,2939.984,2945.8524,21.5504,0.7316,315201432.0,313347004.2,,,,,,,20240628.0,20240628.0,20240628.0,20240628
2024-07-01,000001.SH,2994.7303,2965.2452,2996.4086,2961.8556,2967.4028,27.3275,0.9209,297782235.0,294321888.8,,,,,,,20240701.0,20240701.0,20240701.0,20240701
2024-07-02,000001.SH,2997.0111,2992.8556,3004.987,2989.4701,2994.7303,2.2808,0.0762,281364683.0,282559369.5,,,,,,,20240702.0,20240702.0,20240702.0,20240702
2024-07-03,000001.SH,2982.3756,2995.6642,2998.5369,2978.0686,2997.0111,-14.6355,-0.4883,246284642.0,257840296.8,,,,,,,20240703.0,20240703.0,20240703.0,20240703
2024-07-04,000001.SH,2957.567,2984.8303,2995.5695,2955.2895,2982.3756,-24.8086,-0.8318,274268789.0,259006711.0,,,,,,,20240704.0,20240704.0,20240704.0,20240704
2024-07-05,000001.SH,2949.9333,2954.3723,2957.1069,2920.2046,2957.567,-7.6337,-0.2581,272324556.0,271508929.4,,,,,,,20240705.0,20240705.0,20240705.0,20240705
2024-07-08,000001.SH,2922.4498,2939.8367,2947.61,2917.2322,2949.9333,-27.4835,-0.9317,277533424.0,270872022.9,,,,,,,20240708.0,20240708.0,20240708.0,20240708
2024-07-09,000001.SH,2959.3724,2919.5729,2963.7822,2904.0389,2922.4498,36.9226,1.2634,315062031.0,320361092.8,,,,,,,20240709.0,20240709.0,20240709.0,20240709
2024-07-10,000001.SH,2939.3636,2949.0261,2958.8594,2935.3304,2959.3724,-20.0088,-0.6761,301549456.0,306035255.4,,,,,,,20240710.0,20240710.0,20240710.0,20240710
2024-07-11,000001.SH,2970.3874,2957.2502,2971.3608,2947.4027,2939.3636,31.0238,1.0555,328372424.0,337653177.1,,,,,,,20240711.0,20240711.0,20240711.0,20240711
2024-07-12,000001.SH,2971.295,2965.6121,2977.1417,2963.3033,2970.3874,0.9076,0.0306,303713014.0,302581576.0,,,,,,,20240712.0,20240712.0,20240712.0,20240712
2024-07-15,000001.SH,2974.0107,2963.8472,2977.3126,2959.1288,2971.295,2.7157,0.0914,268992597.0,268733339.5,,,,,,,20240715.0,20240715.0,20240715.0,20240715
2024-07-16,000001.SH,2976.3043,2963.9001,2977.3613,2959.6655,2974.0107,2.2936,0.0771,260783630.0,279121370.5,,,,,,,20240716.0,20240716.0,20240716.0,20240716
2024-07-17,000001.SH,2962.8549,2970.8081,2972.7949,2957.948,2976.3043,-13.4494,-0.4519,282307991.0,305469106.0,,,,,,,20240717.0,20240717.0,20240717.0,20240717
2024-07-18,000001.SH,2977.1334,2951.1434,2978.0919,2937.9045,2962.8549,14.2785,0.4819,278022665.0,301283750.6,,,,,,,20240718.0,20240718.0,20240718.0,20240718
2024-07-19,000001.SH,2982.3086,2963.5144,2986.2425,2955.1199,2977.1334,5.1752,0.1738,280932413.0,319112460.5,,,,,,,20240719.0,20240719.0,20240719.0,20240719
2024-07-22,000001.SH,2964.2155,2978.1932,2978.6007,2946.5608,2982.3086,-18.0931,-0.6067,278749559.0,316415459.9,,,,,,,20240722.0,20240722.0,20240722.0,20240722
2024-07-23,000001.SH,2915.3685,2960.5004,2960.5004,2915.3682,2964.2155,-48.847,-1.6479,296295994.0,307194049.9,,,,,,,20240723.0,20240723.0,20240723.0,20240723
2024-07-24,000001.SH,2901.9518,2909.1521,2922.0298,2894.2885,2915.3685,-13.4167,-0.4602,306118853.0,288660361.6,,,,,,,20240724.0,20240724.0,20240724.0,20240724
2024-07-25,000001.SH,2886.7416,2891.8918,2897.7674,2872.8497,2901.9518,-15.2102,-0.5241,274639500.0,273281622.5,,,,,,,20240725.0,20240725.0,20240725.0,20240725
2024-07-26,000001.SH,2890.8973,2885.9953,2899.1162,2875.3959,2886.7416,4.1557,0.144,278387536.0,275443435.0,,,,,,,20240726.0,20240726.0,20240726.0,20240726
2024-07-29,000001.SH,2891.8453,2889.4726,2898.9512,2878.5825,2890.8973,0.948,0.0328,256899727.0,260094898.4,,,,,,,20240729.0,20240729.0,20240729.0,20240729
2024-07-30,000001.SH,2879.2996,2885.2152,2885.2152,2865.1493,2891.8453,-12.5457,-0.4338,262478837.0,269477482.6,,,,,,,20240730.0,20240730.0,20240730.0,20240730
2024-07-31,000001.SH,2938.7493,2877.5409,2940.5927,2876.3009,2879.2996,59.4497,2.0647,412723417.0,418871723.4,,,,,,,20240731.0,20240731.0,20240731.0,20240731
2024-08-01,000001.SH,2932.3871,2940.12,2947.8768,2928.8262,2938.7493,-6.3622,-0.2165,346621137.0,352586120.4,,,,,,,20240801.0,20240801.0,20240801.0,20240801
2024-08-02,000001.SH,2905.3375,2913.0198,2931.2593,2902.7202,2932.3871,-27.0496,-0.9224,312205039.0,314917985.4,,,,,,,20240802.0,20240802.0,20240802.0,20240802
2024-08-05,000001.SH,2860.6978,2889.3634,2919.0252,2860.6978,2905.3375,-44.6397,-1.5365,355540572.0,356863001.4,,,,,,,20240805.0,20240805.0,20240805.0,20240805
2024-08-06,000001.SH,2867.2837,2878.6508,2888.2009,2845.335,2860.6978,6.5859,0.2302,297300803.0,295835558.8,,,,,,,20240806.0,20240806.0,20240806.0,20240806
2024-08-07,000001.SH,2869.8338,2864.0101,2886.9417,2857.7247,2867.2837,2.5501,0.0889,263097150.0,263793649.8,,,,,,,20240807.0,20240807.0,20240807.0,20240807
2024-08-08,000001.SH,2869.9014,2864.758,2886.3994,2850.8745,2869.8338,0.0676,0.0024,289128632.0,271107919.5,,,,,,,20240808.0,20240808.0,20240808.0,20240808
2024-08-09,000001.SH,2862.1941,2879.8726,2887.8489,2862.1941,2869.9014,-7.7073,-0.2686,284253916.0,252884027.0,,,,,,,20240809.0,20240809.0,20240809.0,20240809
2024-08-12,000001.SH,2858.2046,2858.8946,2869.2688,2851.2952,2862.1941,-3.9895,-0.1394,244241371.0,217626684.5,,,,,,,20240812.0,20240812.0,20240812.0,20240812
2024-08-13,000001.SH,2867.946,2860.4099,2867.946,2845.3099,2858.2046,9.7414,0.3408,231674601.0,210908509.4,,,,,,,20240813.0,20240813.0,20240813.0,20240813
2024-08-14,000001.SH,2850.6539,2866.2434,2866.2434,2850.401,2867.946,-17.2921,-0.6029,217885170.0,207457552.4,,,,,,,20240814.0,20240814.0,20240814.0,20240814
2024-08-15,000001.SH,2877.3579,2844.2005,2889.0866,2839.3875,2850.6539,26.704,0.9368,271900000.0,254987115.6,,,,,,,20240815.0,20240815.0,20240815.0,20240815
2024-08-16,000001.SH,2879.4298,2877.9403,2888.6753,2873.0601,2877.3579,2.0719,0.072,263653441.0,243608265.4,,,,,,,20240816.0,20240816.0,20240816.0,20240816
2024-08-19,000001.SH,2893.6738,2877.9542,2905.1547,2877.7709,2879.4298,14.244,0.4947,261687730.0,242994885.3,,,,,,,20240819.0,20240819.0,20240819.0,20240819
2024-08-20,000001.SH,2866.661,2895.5506,2896.5194,2855.3293,2893.6738,-27.0128,-0.9335,263658002.0,237307804.0,,,,,,,20240820.0,20240820.0,20240820.0,20240820
2024-08-21,000001.SH,2856.5839,2858.9388,2863.891,2848.1509,2866.661,-10.0771,-0.3515,229200027.0,209909187.8,,,,,,,20240821.0,20240821.0,20240821.0,20240821
2024-08-22,000001.SH,2848.7718,2856.2001,2861.6071,2845.5024,2856.5839,-7.8121,-0.2735,245399415.0,230124077.2,,,,,,,20240822.0,20240822.0,20240822.0,20240822
2024-08-23,000001.SH,2854.3675,2844.7703,2860.7327,2839.3371,2848.7718,5.5957,0.1964,226692565.0,214581900.3,,,,,,,20240823.0,20240823.0,20240823.0,20240823
2024-08-26,000001.SH,2855.5203,2855.4741,2860.6545,2844.3828,2854.3675,1.1528,0.0404,227351523.0,216806649.0,,,,,,,20240826.0,20240826.0,20240826.0,20240826
2024-08-27,000001.SH,2848.7312,2850.8773,2853.7804,2843.1576,2855.5203,-6.7891,-0.2378,230693006.0,215686326.2,,,,,,,20240827.0,20240827.0,20240827.0,20240827
2024-08-28,000001.SH,2837.4293,2844.3269,2852.5621,2830.9615,2848.7312,-11.3019,-0.3967,228730623.0,213862368.7,,,,,,,20240828.0,20240828.0,20240828.0,20240828
2024-08-29,000001.SH,2823.106,2829.4506,2831.4309,2815.3829,2837.4293,-14.3233,-0.5048,277510534.0,257644228.8,,,,,,,20240829.0,20240829.0,20240829.0,20240829
2024-08-30,000001.SH,2842.2142,2819.6498,2867.9649,2817.0141,2823.106,19.1082,0.6769,397516975.0,384092892.1,,,,,,,20240830.0,20240830.0,20240830.0,20240830
2024-09-02,000001.SH,2811.035,2832.3499,2839.2784,2810.3739,2842.2142,-31.1792,-1.097,340714193.0,314813036.7,,,,,,,20240902.0,20240902.0,20240902.0,20240902
2024-09-03,000001.SH,2802.9787,2809.1733,2814.903,2794.9111,2811.035,-8.0563,-0.2866,275736139.0,252782482.5,,,,,,,20240903.0,20240903.0,20240903.0,20240903
2024-09-04,000001.SH,2784.2783,2786.5046,2800.6065,2781.9352,2802.9787,-18.7004,-0.6672,257453500.0,234711697.3,,,,,,,20240904.0,20240904.0,20240904.0,20240904
2024-09-05,000001.SH,2788.3141,2785.2635,2796.0186,2777.471,2784.2783,4.0358,0.1449,242040948.0,227514507.2,,,,,,,20240905.0,20240905.0,20240905.0,20240905
2024-09-06,000001.SH,2765.8066,2791.7645,2804.0932,2765.6394,2788.3141,-22.5075,-0.8072,253645375.0,228570135.0,,,,,,,20240906.0,20240906.0,20240906.0,20240906
2024-09-09,000001.SH,2736.4876,2754.7237,2756.556,2726.9667,2765.8066,-29.319,-1.0601,261468847.0,236605848.5,,,,,,,20240909.0,20240909.0,20240909.0,20240909
2024-09-10,000001.SH,2744.1921,2737.881,2750.1181,2718.6273,2736.4876,7.7045,0.2815,262159015.0,226408493.0,,,,,,,20240910.0,20240910.0,20240910.0,20240910
2024-09-11,000001.SH,2721.7952,2732.7314,2732.7314,2710.6208,2744.1921,-22.3969,-0.8162,242264900.0,219755948.4,,,,,,,20240911.0,20240911.0,20240911.0,20240911
2024-09-12,000001.SH,2717.1231,2722.1382,2734.6832,2716.5552,2721.7952,-4.6721,-0.1717,240084315.0,218571098.7,,,,,,,20240912.0,20240912.0,20240912.0,20240912
2024-09-13,000001.SH,2704.0896,2718.9864,2728.7797,2703.3689,2717.1231,-13.0335,-0.4797,251270038.0,227818801.1,,,,,,,20240913.0,20240913.0,20240913.0,20240913
2024-09-18,000001.SH,2717.2813,2705.3451,2724.1141,2689.6952,2704.0896,13.1917,0.4878,247817132.0,213090588.6,,,,,,,20240918.0,20240918.0,20240918.0,20240918
2024-09-19,000001.SH,2736.0222,2723.2053,2747.7402,2697.7756,2717.2813,18.7409,0.6897,315208389.0,280536046.2,,,,,,,20240919.0,20240919.0,20240919.0,20240919
2024-09-20,000001.SH,2736.8139,2734.2277,2741.1552,2717.9451,2736.0222,0.7917,0.0289,285644627.0,255433329.9,,,,,,,20240920.0,20240920.0,20240920.0,20240920
2024-09-23,000001.SH,2748.9177,2735.3895,2760.4799,2731.3571,2736.8139,12.1038,0.4423,257642154.0,235214505.9,,,,,,,20240923.0,20240923.0,20240923.0,20240923
2024-09-24,000001.SH,2863.1255,2770.7543,2863.1519,2761.3717,2748.9177,114.2078,4.1546,477619545.0,442795296.9,,,,,,,20240924.0,20240924.0,20240924.0,20240924
2024-09-25,000001.SH,2896.3057,2901.4185,2952.4511,2889.048,2863.1255,33.1802,1.1589,568259816.0,516698093.6,,,,,,,20240925.0,20240925.0,20240925.0,20240925
2024-09-26,000001.SH,3000.9526,2893.7451,3000.9526,2889.0143,2896.3057,104.6469,3.6131,576319261.0,524669070.9,,,,,,,20240926.0,20240926.0,20240926.0,20240926
2024-09-27,000001.SH,3087.5286,3049.1026,3087.5286,3017.4453,3000.9526,86.576,2.885,492287163.0,480612559.5,,,,,,,20240927.0,20240927.0,20240927.0,20240927
2024-09-30,000001.SH,3336.4974,3194.7224,3358.5883,3153.697,3087.5286,248.9688,8.0637,1102337917.0,1167772550.0,,,,,,,20240930.0,20240930.0,20240930.0,20240930
2024-10-08,000001.SH,3489.7751,3674.4048,3674.4048,3372.1868,3336.4974,153.2777,4.594,1313460195.0,1510513250.8,,,,,,,20241008.0,20241008.0,20241008.0,20241008
2024-10-09,000001.SH,3258.8578,3427.2199,3437.1571,3249.1591,3489.7751,-230.9173,-6.617,992757256.0,1264311454.4,,,,,,,20241009.0,20241009.0,20241009.0,20241009
2024-10-10,000001.SH,3301.9259,3277.6916,3379.8053,3228.1248,3258.8578,43.0681,1.3216,834500257.0,947788515.0,,,,,,,20241010.0,20241010.0,20241010.0,20241010
2024-10-11,000001.SH,3217.7377,3287.8727,3297.7517,3187.9882,3301.9259,-84.1882,-2.5497,606027433.0,664332794.5,,,,,,,20241011.0,20241011.0,20241011.0,20241011
2024-10-14,000001.SH,3284.3225,3241.4275,3294.6199,3203.901,3217.7377,66.5848,2.0693,631466859.0,701499242.6,,,,,,,20241014.0,20241014.0,20241014.0,20241014
2024-10-15,000001.SH,3201.2919,3265.7461,3285.2147,3201.2919,3284.3225,-83.0306,-2.5281,566054558.0,619091471.9,,,,,,,20241015.0,20241015.0,20241015.0,20241015
2024-10-16,000001.SH,3202.948,3169.1685,3236.848,3167.7364,3201.2919,1.6561,0.0517,515813997.0,533062408.9,,,,,,,20241016.0,20241016.0,20241016.0,20241016
2024-10-17,000001.SH,3169.3843,3220.7334,3241.5675,3169.3843,3202.948,-33.5637,-1.0479,528611772.0,557347351.4,,,,,,,20241017.0,20241017.0,20241017.0,20241017
2024-10-18,000001.SH,3261.5633,3165.9745,3313.9784,3152.8213,3169.3843,92.179,2.9084,693014623.0,827948922.1,,,,,,,20241018.0,20241018.0,20241018.0,20241018
2024-10-21,000001.SH,3268.11,3276.0598,3300.664,3239.0965,3261.5633,6.5467,0.2007,668150299.0,855781454.0,,,,,,,20241021.0,20241021.0,20241021.0,20241021
2024-10-22,000001.SH,3285.8669,3263.8224,3294.9612,3255.1375,3268.11,17.7569,0.5433,574913781.0,698861461.3,,,,,,,20241022.0,20241022.0,20241022.0,20241022
2024-10-23,000001.SH,3302.8028,3285.2474,3331.0823,3277.0663,3285.8669,16.9359,0.5154,650444128.0,760066419.6,,,,,,,20241023.0,20241023.0,20241023.0,20241023
2024-10-24,000001.SH,3280.2625,3287.8243,3292.9448,3266.8823,3302.8028,-22.5403,-0.6825,519827074.0,585248947.0,,,,,,,20241024.0,20241024.0,20241024.0,20241024
2024-10-25,000001.SH,3299.7003,3280.7616,3319.3571,3276.1303,3280.2625,19.4378,0.5926,595651707.0,677255321.3,,,,,,,20241025.0,20241025.0,20241025.0,20241025
2024-10-28,000001.SH,3322.1975,3300.4634,3322.1975,3279.715,3299.7003,22.4972,0.6818,672373131.0,717510218.0,,,,,,,20241028.0,20241028.0,20241028.0,20241028
2024-10-29,000001.SH,3286.407,3328.0885,3340.4584,3284.2108,3322.1975,-35.7905,-1.0773,725326154.0,806573822.3,,,,,,,20241029.0,20241029.0,20241029.0,20241029
2024-10-30,000001.SH,3266.2378,3273.6421,3291.6795,3244.8063,3286.407,-20.1692,-0.6137,669018090.0,730619786.7,,,,,,,20241030.0,20241030.0,20241030.0,20241030
2024-10-31,000001.SH,3279.8244,3267.975,3295.7421,3252.3899,3266.2378,13.5866,0.416,784649094.0,864970969.0,,,,,,,20241031.0,20241031.0,20241031.0,20241031
2024-11-01,000001.SH,3272.0142,3275.5768,3305.3181,3258.7346,3279.8244,-7.8102,-0.2381,852055320.0,878112793.9,,,,,,,20241101.0,20241101.0,20241101.0,20241101
2024-11-04,000001.SH,3310.2072,3275.6787,3310.2072,3263.8421,3272.0142,38.193,1.1673,665077454.0,692341763.3,,,,,,,20241104.0,20241104.0,20241104.0,20241104
2024-11-05,000001.SH,3386.9869,3306.8098,3386.9869,3302.0472,3310.2072,76.7797,2.3195,821124902.0,929931429.4,,,,,,,20241105.0,20241105.0,20241105.0,20241105
2024-11-06,000001.SH,3383.8062,3395.2217,3420.9986,3367.0812,3386.9869,-3.1807,-0.0939,895855930.0,1026807640.4,,,,,,,20241106.0,20241106.0,20241106.0,20241106
2024-11-07,000001.SH,3470.6609,3359.9851,3470.6609,3356.258,3383.8062,86.8547,2.5668,959556680.0,1048841306.1,,,,,,,20241107.0,20241107.0,20241107.0,20241107
2024-11-08,000001.SH,3452.2971,3502.1331,3509.8182,3443.193,3470.6609,-18.3638,-0.5291,964034562.0,1107932295.6,,,,,,,20241108.0,20241108.0,20241108.0,20241108
2024-11-11,000001.SH,3470.0657,3432.3672,3471.1222,3416.7266,3452.2971,17.7686,0.5147,818025436.0,1024334899.5,,,,,,,20241111.0,20241111.0,20241111.0,20241111
2024-11-12,000001.SH,3421.9701,3469.8908,3489.4244,3402.0422,3470.0657,-48.0956,-1.386,817926524.0,1039600859.3,,,,,,,20241112.0,20241112.0,20241112.0,20241112
2024-11-13,000001.SH,3439.2778,3406.9164,3442.2983,3404.5254,3421.9701,17.3077,0.5058,673662348.0,829435317.0,,,,,,,20241113.0,20241113.0,20241113.0,20241113
2024-11-14,000001.SH,3379.8389,3429.5054,3441.7746,3376.1528,3439.2778,-59.4389,-1.7282,631556690.0,762884198.8,,,,,,,20241114.0,20241114.0,20241114.0,20241114
2024-11-15,000001.SH,3330.7263,3369.8092,3391.3204,3330.7263,3379.8389,-49.1126,-1.4531,630285583.0,745937122.4,,,,,,,20241115.0,20241115.0,20241115.0,20241115
2024-11-18,000001.SH,3323.8486,3344.6904,3386.9031,3309.0076,3330.7263,-6.8777,-0.2065,743950692.0,755809644.5,,,,,,,20241118.0,20241118.0,20241118.0,20241118
2024-11-19,000001.SH,3346.0098,3324.8831,3346.7577,3284.133,3323.8486,22.1612,0.6667,625024151.0,651575376.3,,,,,,,20241119.0,20241119.0,20241119.0,20241119
2024-11-20,000001.SH,3367.9893,3337.6778,3375.2482,3333.0023,3346.0098,21.9795,0.6569,566154289.0,627858323.2,,,,,,,20241120.0,20241120.0,20241120.0,20241120
2024-11-21,000001.SH,3370.4039,3362.9444,3378.5175,3348.8552,3367.9893,2.4146,0.0717,530331830.0,614517433.7,,,,,,,20241121.0,20241121.0,20241121.0,20241121
2024-11-22,000001.SH,3267.1916,3368.043,3372.0034,3267.1916,3370.4039,-103.2123,-3.0623,630687790.0,707626460.3,,,,,,,20241122.0,20241122.0,20241122.0,20241122
2024-11-25,000001.SH,3263.7597,3274.884,3285.4555,3232.9178,3267.1916,-3.4319,-0.105,538897390.0,596502088.3,,,,,,,20241125.0,20241125.0,20241125.0,20241125
2024-11-26,000001.SH,3259.7572,3256.8576,3285.3281,3252.8661,3263.7597,-4.0025,-0.1226,472219304.0,509490596.3,,,,,,,20241126.0,20241126.0,20241126.0,20241126
2024-11-27,000001.SH,3309.7789,3250.591,3309.8805,3227.3553,3259.7572,50.0217,1.5345,511202303.0,571617596.0,,,,,,,20241127.0,20241127.0,20241127.0,20241127
2024-11-28,000001.SH,3295.6983,3308.2797,3319.2559,3290.3641,3309.7789,-14.0806,-0.4254,511953047.0,558164131.7,,,,,,,20241128.0,20241128.0,20241128.0,20241128
2024-11-29,000001.SH,3326.4557,3295.2096,3357.5013,3293.6899,3295.6983,30.7574,0.9333,580227102.0,663851511.0,,,,,,,20241129.0,20241129.0,20241129.0,20241129
2024-12-02,000001.SH,3363.9823,3328.482,3369.3032,3323.0091,3326.4557,37.5266,1.1281,668477762.0,709509517.8,,,,,,,20241202.0,20241202.0,20241202.0,20241202
2024-12-03,000001.SH,3378.8063,3366.2853,3386.6176,3348.3742,3363.9823,14.824,0.4407,663030139.0,683982592.8,,,,,,,20241203.0,20241203.0,20241203.0,20241203
2024-12-04,000001.SH,3364.6498,3376.5715,3388.0241,3352.9434,3378.8063,-14.1565,-0.419,621028862.0,653467546.7,,,,,,,20241204.0,20241204.0,20241204.0,20241204
2024-12-05,000001.SH,3368.8553,3353.0573,3377.055,3353.0573,3364.6498,4.2055,0.125,543885746.0,565551128.3,,,,,,,20241205.0,20241205.0,20241205.0,20241205
2024-12-06,000001.SH,3404.0764,3370.9405,3418.2608,3364.2061,3368.8553,35.2211,1.0455,698186572.0,685981058.1,,,,,,,20241206.0,20241206.0,20241206.0,20241206
2024-12-09,000001.SH,3402.5343,3402.6288,3426.6451,3385.9588,3404.0764,-1.5421,-0.0453,694905205.0,649443191.3,,,,,,,20241209.0,20241209.0,20241209.0,20241209
2024-12-10,000001.SH,3422.6607,3490.2892,3494.8669,3417.7654,3402.5343,20.1264,0.5915,794668034.0,860483994.8,,,,,,,20241210.0,20241210.0,20241210.0,20241210
2024-12-11,000001.SH,3432.4902,3416.0874,3437.8103,3416.0874,3422.6607,9.8295,0.2872,681544610.0,692929618.7,,,,,,,20241211.0,20241211.0,20241211.0,20241211
2024-12-12,000001.SH,3461.4998,3432.2786,3464.1162,3425.9755,3432.4902,29.0096,0.8451,700096689.0,734168982.7,,,,,,,20241212.0,20241212.0,20241212.0,20241212
2024-12-13,000001.SH,3391.8782,3442.9259,3442.9259,3390.7537,3461.4998,-69.6216,-2.0113,777464144.0,850714863.0,,,,,,,20241213.0,20241213.0,20241213.0,20241213
2024-12-16,000001.SH,3386.3312,3390.083,3401.9263,3376.5358,3391.8782,-5.547,-0.1635,625578996.0,675237492.9,,,,,,,20241216.0,20241216.0,20241216.0,20241216
2024-12-17,000001.SH,3361.485,3381.8141,3396.2074,3357.7694,3386.3312,-24.8462,-0.7337,568941505.0,584789337.3,,,,,,,20241217.0,20241217.0,20241217.0,20241217
2024-12-18,000001.SH,3382.2081,3371.2955,3396.4603,3371.2955,3361.485,20.7231,0.6165,512524979.0,539790684.4,,,,,,,20241218.0,20241218.0,20241218.0,20241218
2024-12-19,000001.SH,3370.0331,3355.9041,3377.5321,3346.469,3382.2081,-12.175,-0.36,513909063.0,559130979.0,,,,,,,20241219.0,20241219.0,20241219.0,20241219
2024-12-20,000001.SH,3368.0693,3364.481,3390.6182,3362.8193,3370.0331,-1.9638,-0.0583,490964621.0,596821938.6,,,,,,,20241220.0,20241220.0,20241220.0,20241220
2024-12-23,000001.SH,3351.2571,3367.9037,3384.9918,3348.277,3368.0693,-16.8122,-0.4992,556747248.0,623117789.3,,,,,,,20241223.0,20241223.0,20241223.0,20241223
2024-12-24,000001.SH,3393.5281,3353.5354,3394.9044,3352.9474,3351.2571,42.271,1.2613,471992673.0,530758037.6,,,,,,,20241224.0,20241224.0,20241224.0,20241224
2024-12-25,000001.SH,3393.3501,3395.1072,3406.2125,3374.0113,3393.5281,-0.178,-0.0052,471315592.0,522168241.9,,,,,,,20241225.0,20241225.0,20241225.0,20241225
2024-12-26,000001.SH,3398.0765,3389.3383,3401.0951,3380.255,3393.3501,4.7264,0.1393,422177271.0,518937022.6,,,,,,,20241226.0,20241226.0,20241226.0,20241226
2024-12-27,000001.SH,3400.142,3397.2939,3418.952,3388.3215,3398.0765,2.0655,0.0608,500488130.0,586090438.9,,,,,,,20241227.0,20241227.0,20241227.0,20241227
2024-12-30,000001.SH,3407.3259,3395.3962,3412.8414,3394.9648,3400.142,7.1839,0.2113,455262383.0,522245330.2,,,,,,,20241230.0,20241230.0,20241230.0,20241230
2024-12-31,000001.SH,3351.763,3406.9652,3413.4545,3351.763,3407.3259,-55.5629,-1.6307,502731062.0,562584237.4,,,,,,,20241231.0,20241231.0,20241231.0,20241231
2025-01-02,000001.SH,3262.5607,3347.9392,3351.722,3242.0865,3351.763,-89.2023,-2.6614,561375199.0,603340526.7,,,,,,,20250102.0,20250102.0,20250102.0,20250102
2025-01-03,000001.SH,3211.4299,3267.0766,3273.5656,3205.7755,3262.5607,-51.1308,-1.5672,517592014.0,523159754.7,,,,,,,20250103.0,20250103.0,20250103.0,20250103
2025-01-06,000001.SH,3206.9228,3209.7832,3219.4877,3185.4631,3211.4299,-4.5071,-0.1403,430978403.0,444188212.8,,,,,,,20250106.0,20250106.0,20250106.0,20250106
2025-01-07,000001.SH,3229.6439,3203.3068,3230.8529,3190.4612,3206.9228,22.7211,0.7085,409660529.0,436388386.6,,,,,,,20250107.0,20250107.0,20250107.0,20250107
2025-01-08,000001.SH,3230.1679,3218.8577,3246.2908,3175.7247,3229.6439,0.524,0.0162,472864390.0,508148444.9,,,,,,,20250108.0,20250108.0,20250108.0,20250108
2025-01-09,000001.SH,3211.3933,3220.7205,3228.9725,3205.9103,3230.1679,-18.7746,-0.5812,382943557.0,434445510.3,,,,,,,20250109.0,20250109.0,20250109.0,20250109
2025-01-10,000001.SH,3168.5238,3211.7068,3220.1073,3168.5238,3211.3933,-42.8695,-1.3349,403663348.0,465939368.0,,,,,,,20250110.0,20250110.0,20250110.0,20250110
2025-01-13,000001.SH,3160.755,3148.8259,3172.7,3140.9775,3168.5238,-7.7688,-0.2452,372742023.0,411773991.8,,,,,,,20250113.0,20250113.0,20250113.0,20250113
2025-01-14,000001.SH,3240.94,3165.1613,3245.2196,3159.432,3160.755,80.185,2.5369,469212704.0,538983836.0,,,,,,,20250114.0,20250114.0,20250114.0,20250114
2025-01-15,000001.SH,3227.1167,3234.7152,3245.9042,3222.2359,3240.94,-13.8233,-0.4265,404723199.0,466216166.9,,,,,,,20250115.0,20250115.0,20250115.0,20250115
2025-01-16,000001.SH,3236.032,3239.0261,3265.2824,3217.0966,3227.1167,8.9153,0.2763,430655539.0,499055442.4,,,,,,,20250116.0,20250116.0,20250116.0,20250116
2025-01-17,000001.SH,3241.8212,3226.7616,3256.5067,3219.7734,3236.032,5.7892,0.1789,383599260.0,456553133.0,,,,,,,20250117.0,20250117.0,20250117.0,20250117
2025-01-20,000001.SH,3244.3776,3256.1492,3268.2626,3238.1214,3241.8212,2.5564,0.0789,403337948.0,469741031.4,,,,,,,20250120.0,20250120.0,20250120.0,20250120
2025-01-21,000001.SH,3242.6226,3256.8325,3258.6103,3229.0689,3244.3776,-1.755,-0.0541,384583718.0,468263378.9,,,,,,,20250121.0,20250121.0,20250121.0,20250121
2025-01-22,000001.SH,3213.6237,3235.4925,3235.5013,3203.3801,3242.6226,-28.9989,-0.8943,364817518.0,452312867.4,,,,,,,20250122.0,20250122.0,20250122.0,20250122
2025-01-23,000001.SH,3230.1637,3237.5988,3273.5203,3229.5716,3213.6237,16.54,0.5147,458246803.0,539800587.2,,,,,,,20250123.0,20250123.0,20250123.0,20250123
2025-01-24,000001.SH,3252.6264,3222.8774,3260.0112,3221.7121,3230.1637,22.4627,0.6954,398653033.0,480685058.0,,,,,,,20250124.0,20250124.0,20250124.0,20250124
2025-01-27,000001.SH,3250.6007,3256.6136,3274.3924,3250.6007,3252.6264,-2.0257,-0.0623,387467642.0,450231535.8,,,,,,,20250127.0,20250127.0,20250127.0,20250127
2025-02-05,000001.SH,3229.4876,3270.1604,3271.022,3220.2794,3250.6007,-21.1131,-0.6495,406388181.0,521103029.3,,,,,,,20250205.0,20250205.0,20250205.0,20250205
2025-02-06,000001.SH,3270.6594,3226.575,3271.4271,3225.8459,3229.4876,41.1718,1.2749,460842730.0,590421697.8,,,,,,,20250206.0,20250206.0,20250206.0,20250206
2025-02-07,000001.SH,3303.6666,3269.2269,3324.428,3262.5085,3270.6594,33.0072,1.0092,600558451.0,757613811.2,,,,,,,20250207.0,20250207.0,20250207.0,20250207
2025-02-10,000001.SH,3322.1698,3308.04,3325.3558,3299.2429,3303.6666,18.5032,0.5601,546589749.0,677038155.5,,,,,,,20250210.0,20250210.0,20250210.0,20250210
2025-02-11,000001.SH,3318.0569,3323.6694,3324.1727,3304.4443,3322.1698,-4.1129,-0.1238,511943541.0,632166670.9,,,,,,,20250211.0,20250211.0,20250211.0,20250211
2025-02-12,000001.SH,3346.3854,3312.2572,3346.3854,3310.3904,3318.0569,28.3285,0.8538,513437828.0,647387578.5,,,,,,,20250212.0,20250212.0,20250212.0,20250212
2025-02-13,000001.SH,3332.4826,3343.2347,3359.1807,3332.4826,3346.3854,-13.9028,-0.4155,568631161.0,705799792.0,,,,,,,20250213.0,20250213.0,20250213.0,20250213
2025-02-14,000001.SH,3346.7242,3328.483,3349.0836,3322.5289,3332.4826,14.2416,0.4274,532332965.0,667555376.4,,,,,,,20250214.0,20250214.0,20250214.0,20250214
2025-02-17,000001.SH,3355.8296,3355.4171,3357.1212,3333.1948,3346.7242,9.1054,0.2721,589546569.0,750113054.9,,,,,,,20250217.0,20250217.0,20250217.0,20250217
2025-02-18,000001.SH,3324.4906,3348.9827,3366.0119,3314.3006,3355.8296,-31.339,-0.9339,562679240.0,696798784.1,,,,,,,20250218.0,20250218.0,20250218.0,20250218
2025-02-19,000001.SH,3351.5392,3320.7801,3352.0867,3320.5809,3324.4906,27.0486,0.8136,502912965.0,675146370.4,,,,,,,20250219.0,20250219.0,20250219.0,20250219
2025-02-20,000001.SH,3350.7833,3347.5893,3355.5571,3338.0335,3351.5392,-0.7559,-0.0226,504357114.0,670099045.7,,,,,,,20250220.0,20250220.0,20250220.0,20250220
2025-02-21,000001.SH,3379.1128,3356.6947,3381.0575,3339.0256,3350.7833,28.3295,0.8455,608190206.0,855656954.8,,,,,,,20250221.0,20250221.0,20250221.0,20250221
2025-02-24,000001.SH,3373.0276,3374.0813,3384.8106,3355.8694,3379.1128,-6.0852,-0.1801,598188203.0,802847050.1,,,,,,,20250224.0,20250224.0,20250224.0,20250224
2025-02-25,000001.SH,3346.0398,3345.6534,3369.5583,3337.8448,3373.0276,-26.9878,-0.8001,527578562.0,727509770.1,,,,,,,20250225.0,20250225.0,20250225.0,20250225
2025-02-26,000001.SH,3380.2144,3351.2093,3380.2144,3351.2093,3346.0398,34.1746,1.0213,553992031.0,747887357.9,,,,,,,20250226.0,20250226.0,20250226.0,20250226
2025-02-27,000001.SH,3388.0622,3378.4494,3388.7808,3353.5712,3380.2144,7.8478,0.2322,575815020.0,774059980.1,,,,,,,20250227.0,20250227.0,20250227.0,20250227
2025-02-28,000001.SH,3320.8973,3374.6636,3383.1909,3318.7162,3388.0622,-67.1649,-1.9824,568319504.0,758054890.4,,,,,,,20250228.0,20250228.0,20250228.0,20250228
2025-03-03,000001.SH,3316.9253,3328.3955,3349.0169,3304.5931,3320.8973,-3.972,-0.1196,502417862.0,643980683.0,,,,,,,20250303.0,20250303.0,20250303.0,20250303
2025-03-04,000001.SH,3324.2099,3300.498,3327.8242,3297.5304,3316.9253,7.2846,0.2196,429996111.0,568728427.2,,,,,,,20250304.0,20250304.0,20250304.0,20250304
2025-03-05,000001.SH,3341.9649,3324.6962,3342.7143,3314.1478,3324.2099,17.755,0.5341,460952696.0,587767599.8,,,,,,,20250305.0,20250305.0,20250305.0,20250305
2025-03-06,000001.SH,3381.0983,3353.5703,3387.0538,3348.684,3341.9649,39.1334,1.171,539992709.0,736438106.7,,,,,,,20250306.0,20250306.0,20250306.0,20250306
2025-03-07,000001.SH,3372.5458,3373.1808,3390.9442,3363.9288,3381.0983,-8.5525,-0.253,517663551.0,687879051.0,,,,,,,20250307.0,20250307.0,20250307.0,20250307
2025-03-10,000001.SH,3366.163,3373.2588,3375.7978,3347.1859,3372.5458,-6.3828,-0.1893,450380832.0,595026433.9,,,,,,,20250310.0,20250310.0,20250310.0,20250310
2025-03-11,000001.SH,3379.8284,3335.4394,3379.8287,3334.8313,3366.163,13.6654,0.406,448468323.0,592285777.9,,,,,,,20250311.0,20250311.0,20250311.0,20250311
2025-03-12,000001.SH,3371.9235,3385.6853,3392.4086,3370.2204,3379.8284,-7.9049,-0.2339,502195100.0,648501625.9,,,,,,,20250312.0,20250312.0,20250312.0,20250312
2025-03-13,000001.SH,3358.7285,3371.0945,3377.1183,3341.1182,3371.9235,-13.195,-0.3913,519013479.0,636211623.5,,,,,,,20250313.0,20250313.0,20250313.0,20250313
2025-03-14,000001.SH,3419.5616,3361.6861,3421.2333,3360.6063,3358.7285,60.8331,1.8112,582663388.0,750041647.2,,,,,,,20250314.0,20250314.0,20250314.0,20250314
2025-03-17,000001.SH,3426.1285,3430.8093,3436.3516,3422.4618,3419.5616,6.5669,0.192,515685138.0,639349980.4,,,,,,,20250317.0,20250317.0,20250317.0,20250317
2025-03-18,000001.SH,3429.7593,3434.5653,3437.0654,3423.3005,3426.1285,3.6308,0.106,454916063.0,586338207.3,,,,,,,20250318.0,20250318.0,20250318.0,20250318
2025-03-19,000001.SH,3426.4291,3424.1726,3439.0463,3414.5933,3429.7593,-3.3302,-0.0971,440316299.0,559970207.9,,,,,,,20250319.0,20250319.0,20250319.0,20250319
2025-03-20,000001.SH,3408.9482,3425.2157,3427.0454,3404.662,3426.4291,-17.4809,-0.5102,451630682.0,565607596.6,,,,,,,20250320.0,20250320.0,20250320.0,20250320
2025-03-21,000001.SH,3364.8307,3401.7593,3414.7094,3355.8396,3408.9482,-44.1175,-1.2942,520862630.0,623164007.3,,,,,,,20250321.0,20250321.0,20250321.0,20250321
2025-03-24,000001.SH,3370.0283,3364.8342,3373.6936,3340.2383,3364.8307,5.1976,0.1545,513310260.0,586745474.4,,,,,,,20250324.0,20250324.0,20250324.0,20250324
2025-03-25,000001.SH,3369.9763,3370.0008,3379.9884,3361.0462,3370.0283,-0.052,-0.0015,456357393.0,516435662.2,,,,,,,20250325.0,20250325.0,20250325.0,20250325
2025-03-26,000001.SH,3368.6973,3365.6658,3382.3424,3365.6658,3369.9763,-1.279,-0.038,428533770.0,485185602.3,,,,,,,20250326.0,20250326.0,20250326.0,20250326
2025-03-27,000001.SH,3373.7489,3362.7123,3394.0349,3351.1739,3368.6973,5.0516,0.15,414776314.0,496457111.7,,,,,,,20250327.0,20250327.0,20250327.0,20250327
2025-03-28,000001.SH,3351.3068,3372.0388,3375.0528,3346.0807,3373.7489,-22.4421,-0.6652,412284289.0,468807615.3,,,,,,,20250328.0,20250328.0,20250328.0,20250328
2025-03-31,000001.SH,3335.7462,3343.3442,3361.7415,3317.7381,3351.3068,-15.5606,-0.4643,472571978.0,531475775.8,,,,,,,20250331.0,20250331.0,20250331.0,20250331
2025-04-01,000001.SH,3348.4351,3340.7121,3357.6215,3338.7788,3335.7462,12.6889,0.3804,422588670.0,499415666.0,,,,,,,20250401.0,20250401.0,20250401.0,20250401
2025-04-02,000001.SH,3350.1266,3344.1711,3361.134,3343.1155,3348.4351,1.6915,0.0505,350127364.0,411666039.5,,,,,,,20250402.0,20250402.0,20250402.0,20250402
2025-04-03,000001.SH,3342.0077,3319.6057,3358.4256,3319.6057,3350.1266,-8.1189,-0.2423,400517827.0,486510413.0,,,,,,,20250403.0,20250403.0,20250403.0,20250403
2025-04-07,000001.SH,3096.5762,3193.1024,3217.7818,3040.6932,3342.0077,-245.4315,-7.3438,662199584.0,735367327.5,,,,,,,20250407.0,20250407.0,20250407.0,20250407
2025-04-08,000001.SH,3145.5491,3094.2619,3145.5491,3085.1229,3096.5762,48.9729,1.5815,662242387.0,730166160.7,,,,,,,20250408.0,20250408.0,20250408.0,20250408
2025-04-09,000001.SH,3186.8099,3110.0101,3186.8099,3070.0778,3145.5491,41.2608,1.3117,684797174.0,755430247.4,,,,,,,20250409.0,20250409.0,20250409.0,20250409
2025-04-10,000001.SH,3223.6379,3227.8362,3239.9408,3201.5714,3186.8099,36.828,1.1556,591208273.0,682356544.8,,,,,,,20250410.0,20250410.0,20250410.0,20250410
2025-04-11,000001.SH,3238.2268,3219.5053,3249.8536,3211.3497,3223.6379,14.5889,0.4526,475531804.0,580791402.2,,,,,,,20250411.0,20250411.0,20250411.0,20250411
2025-04-14,000001.SH,3262.8075,3251.9779,3272.7203,3244.7327,3238.2268,24.5807,0.7591,471373220.0,543811431.5,,,,,,,20250414.0,20250414.0,20250414.0,20250414
2025-04-15,000001.SH,3267.6623,3260.685,3268.9848,3246.3369,3262.8075,4.8548,0.1488,396662895.0,456332610.4,,,,,,,20250415.0,20250415.0,20250415.0,20250415
2025-04-16,000001.SH,3276.0039,3267.665,3276.0045,3233.7911,3267.6623,8.3416,0.2553,429534854.0,489200692.7,,,,,,,20250416.0,20250416.0,20250416.0,20250416
2025-04-17,000001.SH,3280.3412,3261.7177,3285.9154,3258.1451,3276.0039,4.3373,0.1324,382012698.0,442596764.0,,,,,,,20250417.0,20250417.0,20250417.0,20250417
2025-04-18,000001.SH,3276.7304,3270.3534,3283.0896,3262.3916,3280.3412,-3.6108,-0.1101,358836193.0,380313472.6,,,,,,,20250418.0,20250418.0,20250418.0,20250418
2025-04-21,000001.SH,3291.4341,3273.1383,3298.6398,3270.0131,3276.7304,14.7037,0.4487,379307588.0,429391687.8,,,,,,,20250421.0,20250421.0,20250421.0,20250421
2025-04-22,000001.SH,3299.7571,3289.1664,3311.1529,3288.3316,3291.4341,8.323,0.2529,403167615.0,452675442.0,,,,,,,20250422.0,20250422.0,20250422.0,20250422
2025-04-23,000001.SH,3296.3552,3308.1514,3312.1923,3293.0633,3299.7571,-3.4019,-0.1031,411633212.0,486209315.2,,,,,,,20250423.0,20250423.0,20250423.0,20250423
2025-04-24,000001.SH,3297.2881,3295.1487,3313.5087,3286.2363,3296.3552,0.9329,0.0283,392844749.0,434706037.2,,,,,,,20250424.0,20250424.0,20250424.0,20250424
2025-04-25,000001.SH,3295.06,3300.3916,3305.2618,3288.7545,3297.2881,-2.2281,-0.0676,411043192.0,445417627.3,,,,,,,20250425.0,20250425.0,20250425.0,20250425
2025-04-28,000001.SH,3288.4147,3292.0559,3296.9318,3279.8773,3295.06,-6.6453,-0.2017,410665863.0,441916383.1,,,,,,,20250428.0,20250428.0,20250428.0,20250428
2025-04-29,000001.SH,3286.6548,3281.4453,3294.9815,3277.6271,3288.4147,-1.7599,-0.0535,388961672.0,430881033.5,,,,,,,20250429.0,20250429.0,20250429.0,20250429
2025-04-30,000001.SH,3279.0314,3284.0812,3292.2002,3277.5499,3286.6548,-7.6234,-0.232,435794335.0,505572584.2,,,,,,,20250430.0,20250430.0,20250430.0,20250430
2025-05-06,000001.SH,3316.1135,3295.2504,3316.4476,3286.9886,3279.0314,37.0821,1.1309,474369617.0,551825065.6,,,,,,,20250506.0,20250506.0,20250506.0,20250506
2025-05-07,000001.SH,3342.6651,3354.9737,3356.6884,3324.8088,3316.1135,26.5516,0.8007,511159606.0,595230089.1,,,,,,,20250507.0,20250507.0,20250507.0,20250507
2025-05-08,000001.SH,3351.9958,3331.2052,3359.7309,3327.9024,3342.6651,9.3307,0.2791,428377766.0,501611375.5,,,,,,,20250508.0,20250508.0,20250508.0,20250508
2025-05-09,000001.SH,3341.9989,3350.405,3351.2198,3335.127,3351.9958,-9.9969,-0.2982,398909191.0,464862361.5,,,,,,,20250509.0,20250509.0,20250509.0,20250509
2025-05-12,000001.SH,3369.2445,3352.9698,3372.4724,3344.2687,3341.9989,27.2456,0.8152,418239910.0,522080702.4,,,,,,,20250512.0,20250512.0,20250512.0,20250512
2025-05-13,000001.SH,3374.8707,3386.2344,3386.2344,3370.2516,3369.2445,5.6262,0.167,426240700.0,506608943.8,,,,,,,20250513.0,20250513.0,20250513.0,20250513
2025-05-14,000001.SH,3403.9481,3374.2353,3417.3142,3368.0781,3374.8707,29.0774,0.8616,464934441.0,534872944.6,,,,,,,20250514.0,20250514.0,20250514.0,20250514
2025-05-15,000001.SH,3380.8214,3398.4272,3402.8656,3378.0208,3403.9481,-23.1267,-0.6794,424100916.0,461292249.4,,,,,,,20250515.0,20250515.0,20250515.0,20250515
2025-05-16,000001.SH,3367.4619,3374.7061,3380.29,3356.6609,3380.8214,-13.3595,-0.3952,395401030.0,435647042.7,,,,,,,20250516.0,20250516.0,20250516.0,20250516
2025-05-19,000001.SH,3367.5829,3365.8823,3373.5994,3356.6483,3367.4619,0.121,0.0036,403074805.0,437177569.2,,,,,,,20250519.0,20250519.0,20250519.0,20250519
2025-05-20,000001.SH,3380.478,3371.6886,3387.804,3369.9629,3367.5829,12.8951,0.3829,405544534.0,450290477.2,,,,,,,20250520.0,20250520.0,20250520.0,20250520
2025-05-21,000001.SH,3387.5736,3380.2094,3394.7541,3380.2094,3380.478,7.0956,0.2099,412496165.0,465956993.4,,,,,,,20250521.0,20250521.0,20250521.0,20250521
2025-05-22,000001.SH,3380.1885,3381.865,3390.5925,3376.2331,3387.5736,-7.3851,-0.218,394217206.0,438334515.3,,,,,,,20250522.0,20250522.0,20250522.0,20250522
2025-05-23,000001.SH,3348.3717,3376.8691,3389.4686,3348.3717,3380.1885,-31.8168,-0.9413,400227004.0,468587869.6,,,,,,,20250523.0,20250523.0,20250523.0,20250523
2025-05-26,000001.SH,3346.8388,3346.561,3362.307,3336.3552,3348.3717,-1.5329,-0.0458,347562101.0,400526568.4,,,,,,,20250526.0,20250526.0,20250526.0,20250526
2025-05-27,000001.SH,3340.687,3346.5029,3351.5718,3332.4895,3346.8388,-6.1518,-0.1838,344071157.0,394408732.9,,,,,,,20250527.0,20250527.0,20250527.0,20250527
2025-05-28,000001.SH,3339.9319,3341.8518,3348.234,3336.7273,3340.687,-0.7551,-0.0226,341555443.0,389341214.7,,,,,,,20250528.0,20250528.0,20250528.0,20250528
2025-05-29,000001.SH,3363.4455,3340.4012,3368.6334,3337.415,3339.9319,23.5136,0.704,393233806.0,453741382.2,,,,,,,20250529.0,20250529.0,20250529.0,20250529
2025-05-30,000001.SH,3347.4873,3358.8093,3361.2751,3341.6484,3363.4455,-15.9582,-0.4745,385602170.0,443358967.7,,,,,,,20250530.0,20250530.0,20250530.0,20250530
2025-06-03,000001.SH,3361.9755,3340.0666,3366.9974,3340.0666,3347.4873,14.4882,0.4328,398060772.0,468292670.3,,,,,,,20250603.0,20250603.0,20250603.0,20250603
2025-06-04,000001.SH,3376.2029,3363.391,3379.6401,3363.391,3361.9755,14.2274,0.4232,386494643.0,446844610.7,,,,,,,20250604.0,20250604.0,20250604.0,20250604
2025-06-05,000001.SH,3384.0985,3378.2169,3387.7645,3371.1457,3376.2029,7.8956,0.2339,406252093.0,498241228.9,,,,,,,20250605.0,20250605.0,20250605.0,20250605
2025-06-06,000001.SH,3385.3579,3384.2949,3391.451,3379.7641,3384.0985,1.2594,0.0372,380122886.0,452743716.1,,,,,,,20250606.0,20250606.0,20250606.0,20250606
2025-06-09,000001.SH,3399.7716,3388.7783,3402.0503,3383.0742,3385.3579,14.4137,0.4258,427347947.0,511879937.0,,,,,,,20250609.0,20250609.0,20250609.0,20250609
2025-06-10,000001.SH,3384.8163,3402.013,3406.4515,3365.6674,3399.7716,-14.9553,-0.4399,481618568.0,557427629.0,,,,,,,20250610.0,20250610.0,20250610.0,20250610
2025-06-11,000001.SH,3402.3159,3385.4568,3413.5132,3385.4568,3384.8163,17.4996,0.517,424090313.0,501807385.8,,,,,,,20250611.0,20250611.0,20250611.0,20250611
2025-06-12,000001.SH,3402.658,3397.972,3408.2049,3388.8657,3402.3159,0.3421,0.0101,409490610.0,501624560.6,,,,,,,20250612.0,20250612.0,20250612.0,20250612
2025-06-13,000001.SH,3376.996,3397.4844,3401.5526,3370.5924,3402.658,-25.662,-0.7542,510065221.0,605384839.4,,,,,,,20250613.0,20250613.0,20250613.0,20250613
2025-06-16,000001.SH,3388.7293,3369.3661,3389.7563,3368.8764,3376.996,11.7333,0.3474,405383278.0,481594409.5,,,,,,,20250616.0,20250616.0,20250616.0,20250616
2025-06-17,000001.SH,3387.4049,3388.1801,3393.3127,3376.4201,3388.7293,-1.3244,-0.0391,390012447.0,458038158.7,,,,,,,20250617.0,20250617.0,20250617.0,20250617
2025-06-18,000001.SH,3388.8086,3386.136,3391.7087,3369.9859,3387.4049,1.4037,0.0414,378684891.0,441011095.4,,,,,,,20250618.0,20250618.0,20250618.0,20250618
2025-06-19,000001.SH,3362.1082,3384.2932,3386.9194,3353.9355,3388.8086,-26.7004,-0.7879,415327655.0,473258595.4,,,,,,,20250619.0,20250619.0,20250619.0,20250619
2025-06-20,000001.SH,3359.8954,3358.9128,3370.7984,3357.7061,3362.1082,-2.2128,-0.0658,350223662.0,410873272.6,,,,,,,20250620.0,20250620.0,20250620.0,20250620
2025-06-23,000001.SH,3381.5816,3349.4603,3389.4524,3347.6508,3359.8954,21.6862,0.6454,384561397.0,442789178.5,,,,,,,20250623.0,20250623.0,20250623.0,20250623
2025-06-24,000001.SH,3420.566,3380.08,3423.7835,3380.08,3381.5816,38.9844,1.1528,460963800.0,544882077.6,,,,,,,20250624.0,20250624.0,20250624.0,20250624
2025-06-25,000001.SH,3455.9736,3419.0914,3459.0093,3417.4105,3420.566,35.4076,1.0351,509384064.0,620173277.6,,,,,,,20250625.0,20250625.0,20250625.0,20250625
2025-06-26,000001.SH,3448.4534,3451.7193,3462.752,3446.1855,3455.9736,-7.5202,-0.2176,496541077.0,603095111.9,,,,,,,20250626.0,20250626.0,20250626.0,20250626
2025-06-27,000001.SH,3424.2267,3450.6863,3462.6273,3421.0403,3448.4534,-24.2267,-0.7025,523129432.0,605731616.3,,,,,,,20250627.0,20250627.0,20250627.0,20250627
2025-06-30,000001.SH,3444.4256,3423.4738,3447.46,3420.1118,3424.2267,20.1989,0.5899,457348049.0,567137246.0,,,,,,,20250630.0,20250630.0,20250630.0,20250630
2025-07-01,000001.SH,3457.7474,3445.8457,3459.5866,3441.0379,3444.4256,13.3218,0.3868,444356739.0,553556536.2,,,,,,,20250701.0,20250701.0,20250701.0,20250701
2025-07-02,000001.SH,3454.7924,3458.171,3461.328,3447.9557,3457.7474,-2.955,-0.0855,498116776.0,543130721.7,,,,,,,20250702.0,20250702.0,20250702.0,20250702
2025-07-03,000001.SH,3461.1506,3456.1519,3463.6198,3446.9739,3454.7924,6.3582,0.184,438543465.0,500211767.8,,,,,,,20250703.0,20250703.0,20250703.0,20250703
2025-07-04,000001.SH,3472.3192,3459.5924,3497.2248,3455.4938,3461.1506,11.1686,0.3227,500195210.0,567241277.9,,,,,,,20250704.0,20250704.0,20250704.0,20250704
2025-07-07,000001.SH,3473.1271,3467.9849,3474.8007,3462.7923,3472.3192,0.8079,0.0233,436631340.0,476197431.4,,,,,,,20250707.0,20250707.0,20250707.0,20250707
2025-07-08,000001.SH,3497.4753,3474.6316,3499.8857,3474.6316,3473.1271,24.3482,0.701,493484773.0,567506524.8,,,,,,,20250708.0,20250708.0,20250708.0,20250708
2025-07-09,000001.SH,3493.0495,3498.724,3512.6687,3491.2007,3497.4753,-4.4258,-0.1265,523920088.0,595962525.1,,,,,,,20250709.0,20250709.0,20250709.0,20250709
2025-07-10,000001.SH,3509.6818,3491.4973,3526.5899,3491.4973,3493.0495,16.6323,0.4762,564159805.0,613160543.9,,,,,,,20250710.0,20250710.0,20250710.0,20250710
2025-07-11,000001.SH,3510.1772,3511.3656,3555.2179,3506.7994,3509.6818,0.4954,0.0141,664185249.0,753549049.1,,,,,,,20250711.0,20250711.0,20250711.0,20250711
2025-07-14,000001.SH,3519.6498,3513.2515,3532.1183,3513.2515,3510.1772,9.4726,0.2699,572084705.0,623102482.3,,,,,,,20250714.0,20250714.0,20250714.0,20250714
2025-07-15,000001.SH,3504.9988,3519.8052,3527.0379,3483.3798,3519.6498,-14.651,-0.4163,572074726.0,646851665.1,,,,,,,20250715.0,20250715.0,20250715.0,20250715
2025-07-16,000001.SH,3503.7769,3502.8987,3511.8058,3489.1368,3504.9988,-1.2219,-0.0349,470878578.0,572419318.7,,,,,,,20250716.0,20250716.0,20250716.0,20250716
2025-07-17,000001.SH,3516.8255,3500.3715,3517.2847,3499.1856,3503.7769,13.0486,0.3724,472211056.0,609791010.3,,,,,,,20250717.0,20250717.0,20250717.0,20250717
2025-07-18,000001.SH,3534.4827,3519.4752,3536.0143,3518.2313,3516.8255,17.6572,0.5021,493484088.0,643627574.9,,,,,,,20250718.0,20250718.0,20250718.0,20250718
2025-07-21,000001.SH,3559.7912,3542.8164,3560.6285,3542.5677,3534.4827,25.3085,0.716,633649736.0,730905862.9,,,,,,,20250721.0,20250721.0,20250721.0,20250721
2025-07-22,000001.SH,3581.8611,3561.6316,3584.7185,3547.252,3559.7912,22.0699,0.62,716155230.0,840573441.9,,,,,,,20250722.0,20250722.0,20250722.0,20250722
2025-07-23,000001.SH,3582.298,3588.8777,3613.0223,3577.5942,3581.8611,0.4369,0.0122,767672388.0,857045959.5,,,,,,,20250723.0,20250723.0,20250723.0,20250723
2025-07-24,000001.SH,3605.7269,3578.9121,3608.7278,3577.1131,3582.298,23.4289,0.654,773265835.0,852239625.3,,,,,,,20250724.0,20250724.0,20250724.0,20250724
2025-07-25,000001.SH,3593.6553,3604.4505,3610.0287,3586.22,3605.7269,-12.0716,-0.3348,697189549.0,821609575.9,,,,,,,20250725.0,20250725.0,20250725.0,20250725
2025-07-28,000001.SH,3597.9369,3594.2313,3606.2742,3582.1489,3593.6553,4.2816,0.1191,594187877.0,761265438.4,,,,,,,20250728.0,20250728.0,20250728.0,20250728
2025-07-29,000001.SH,3609.7113,3595.8099,3611.3532,3585.9435,3597.9369,11.7744,0.3273,610642058.0,793606423.7,,,,,,,20250729.0,20250729.0,20250729.0,20250729
2025-07-30,000001.SH,3615.7167,3608.354,3636.1664,3593.7338,3609.7113,6.0054,0.1664,637221916.0,819627949.1,,,,,,,20250730.0,20250730.0,20250730.0,20250730
2025-07-31,000001.SH,3573.2082,3604.6959,3606.3744,3562.6072,3615.7167,-42.5085,-1.1757,654509349.0,845893058.1,,,,,,,20250731.0,20250731.0,20250731.0,20250731
2025-08-01,000001.SH,3559.9518,3568.2608,3581.7457,3550.0434,3573.2082,-13.2564,-0.371,509563080.0,684645226.0,,,,,,,20250801.0,20250801.0,20250801.0,20250801
2025-08-04,000001.SH,3583.3088,3547.1629,3583.3088,3547.1629,3559.9518,23.357,0.6561,458573618.0,639775598.5,,,,,,,20250804.0,20250804.0,20250804.0,20250804
2025-08-05,000001.SH,3617.5976,3588.8077,3617.5976,3586.9686,3583.3088,34.2888,0.9569,499797780.0,656382505.1,,,,,,,20250805.0,20250805.0,20250805.0,20250805
2025-08-06,000001.SH,3633.9949,3615.808,3634.3135,3613.9894,3617.5976,16.3973,0.4533,512467273.0,707221251.6,,,,,,,20250806.0,20250806.0,20250806.0,20250806
2025-08-07,000001.SH,3639.6666,3637.7811,3645.117,3622.5224,3633.9949,5.6717,0.1561,535501202.0,749699997.3,,,,,,,20250807.0,20250807.0,20250807.0,20250807
2025-08-08,000001.SH,3635.1281,3634.8546,3645.3667,3625.4508,3639.6666,-4.5385,-0.1247,526407572.0,713569731.1,,,,,,,20250808.0,20250808.0,20250808.0,20250808
2025-08-11,000001.SH,3647.5467,3637.0534,3656.8517,3629.6267,3635.1281,12.4186,0.3416,551393348.0,751329446.8,,,,,,,20250811.0,20250811.0,20250811.0,20250811
2025-08-12,000001.SH,3665.9177,3647.9625,3669.0384,3647.9625,3647.5467,18.371,0.5037,536623739.0,778161034.2,,,,,,,20250812.0,20250812.0,20250812.0,20250812
2025-08-13,000001.SH,3683.4648,3668.6581,3688.6276,3666.5468,3665.9177,17.5471,0.4787,613528884.0,887022595.7,,,,,,,20250813.0,20250813.0,20250813.0,20250813
2025-08-14,000001.SH,3666.4426,3685.5223,3704.7715,3662.5695,3683.4648,-17.0222,-0.4621,647829587.0,949464273.6,,,,,,,20250814.0,20250814.0,20250814.0,20250814
2025-08-15,000001.SH,3696.7705,3659.8146,3702.2553,3658.3762,3666.4426,30.3279,0.8272,678521703.0,960624988.9,,,,,,,20250815.0,20250815.0,20250815.0,20250815
2025-08-18,000001.SH,3728.0273,3712.4952,3745.939,3702.3802,3696.7705,31.2568,0.8455,776016669.0,1133941943.2,,,,,,,20250818.0,20250818.0,20250818.0,20250818
2025-08-19,000001.SH,3727.2879,3728.4851,3746.669,3718.1467,3728.0273,-0.7394,-0.0198,696099750.0,1060899235.7,,,,,,,20250819.0,20250819.0,20250819.0,20250819
2025-08-20,000001.SH,3766.2104,3716.6847,3767.43,3704.9912,3727.2879,38.9225,1.0443,679836426.0,1017500164.1,,,,,,,20250820.0,20250820.0,20250820.0,20250820
2025-08-21,000001.SH,3771.0989,3770.6757,3787.9806,3757.9918,3766.2104,4.8885,0.1298,691552959.0,997741900.8,,,,,,,20250821.0,20250821.0,20250821.0,20250821
2025-08-22,000001.SH,3825.7592,3772.2769,3825.7592,3772.2769,3771.0989,54.6603,1.4495,698136277.0,1095091495.7,,,,,,,20250822.0,20250822.0,20250822.0,20250822
2025-08-25,000001.SH,3883.5617,3848.1629,3883.5617,3839.9724,3825.7592,57.8025,1.5109,885474802.0,1360903869.0,,,,,,,20250825.0,20250825.0,20250825.0,20250825
2025-08-26,000001.SH,3868.382,3871.471,3888.5985,3859.7575,3883.5617,-15.1797,-0.3909,734565305.0,1114187895.3,,,,,,,20250826.0,20250826.0,20250826.0,20250826
2025-08-27,000001.SH,3800.3499,3869.6116,3887.198,3800.3499,3868.382,-68.0321,-1.7587,858633499.0,1326848744.0,,,,,,,20250827.0,20250827.0,20250827.0,20250827
2025-08-28,000001.SH,3843.5974,3796.7112,3845.0871,3761.4221,3800.3499,43.2475,1.138,788351947.0,1265185534.2,,,,,,,20250828.0,20250828.0,20250828.0,20250828
2025-08-29,000001.SH,3857.9274,3842.8234,3867.6058,3839.2059,3843.5974,14.33,0.3728,739462366.0,1221691851.6,,,,,,,20250829.0,20250829.0,20250829.0,20250829
2025-09-01,000001.SH,3875.5304,3869.7457,3879.0453,3853.6584,3857.9274,17.603,0.4563,747709536.0,1208347980.9,,,,,,,20250901.0,20250901.0,20250901.0,20250901
2025-09-02,000001.SH,3858.1334,3877.0858,3885.3145,3828.6775,3875.5304,-17.397,-0.4489,762618833.0,1222777664.0,,,,,,,20250902.0,20250902.0,20250902.0,20250902
2025-09-03,000001.SH,3813.5566,3865.286,3868.3877,3794.8837,3858.1334,-44.5768,-1.1554,645668510.0,1012296084.0,,,,,,,20250903.0,20250903.0,20250903.0,20250903
2025-09-04,000001.SH,3765.8759,3807.7571,3808.3955,3732.8404,3813.5566,-47.6807,-1.2503,710227933.0,1107892043.2,,,,,,,20250904.0,20250904.0,20250904.0,20250904
2025-09-05,000001.SH,3812.5143,3761.8801,3817.1589,3745.3091,3765.8759,46.6384,1.2384,626223380.0,979061710.2,,,,,,,20250905.0,20250905.0,20250905.0,20250905
2025-09-08,000001.SH,3826.8407,3811.6692,3833.143,3803.6033,3812.5143,14.3264,0.3758,660066898.0,1025883750.0,,,,,,,20250908.0,20250908.0,20250908.0,20250908
2025-09-09,000001.SH,3807.2923,3816.6574,3834.671,3791.7243,3826.8407,-19.5484,-0.5108,600239380.0,917795306.2,,,,,,,20250909.0,20250909.0,20250909.0,20250909
2025-09-10,000001.SH,3812.2212,3806.5842,3826.9959,3794.0574,3807.2923,4.9289,0.1295,534539825.0,821113584.5,,,,,,,20250910.0,20250910.0,20250910.0,20250910
2025-09-11,000001.SH,3875.3094,3806.0564,3875.3094,3796.4345,3812.2212,63.0882,1.6549,617012930.0,1016794001.4,,,,,,,20250911.0,20250911.0,20250911.0,20250911
2025-09-12,000001.SH,3870.5984,3875.5072,3892.7375,3866.5388,3875.3094,-4.711,-0.1216,700641784.0,1093807300.7,,,,,,,20250912.0,20250912.0,20250912.0,20250912
2025-09-15,000001.SH,3860.5036,3876.0974,3879.7365,3855.9725,3870.5984,-10.0948,-0.2608,644793944.0,986171993.9,,,,,,,20250915.0,20250915.0,20250915.0,20250915
2025-09-16,000001.SH,3861.8651,3865.9801,3876.6901,3838.6483,3860.5036,1.3615,0.0353,673439723.0,989786137.9,,,,,,,20250916.0,20250916.0,20250916.0,20250916
2025-09-17,000001.SH,3876.3409,3854.0726,3882.6687,3848.9455,3861.8651,14.4758,0.3748,663434713.0,1006679080.9,,,,,,,20250917.0,20250917.0,20250917.0,20250917
2025-09-18,000001.SH,3831.6562,3876.0592,3899.9594,3800.9953,3876.3409,-44.6847,-1.1528,876027389.0,1365962423.6,,,,,,,20250918.0,20250918.0,20250918.0,20250918
2025-09-19,000001.SH,3820.0894,3830.4437,3843.1696,3811.9029,3831.6562,-11.5668,-0.3019,682292613.0,1016348310.7,,,,,,,20250919.0,20250919.0,20250919.0,20250919
2025-09-22,000001.SH,3828.5764,3822.0096,3831.7404,3806.2016,3820.0894,8.487,0.2222,568325686.0,941799982.1,,,,,,,20250922.0,20250922.0,20250922.0,20250922
2025-09-23,000001.SH,3821.8327,3830.1379,3838.6059,3774.5282,3828.5764,-6.7437,-0.1761,701902868.0,1071697826.1,,,,,,,20250923.0,20250923.0,20250923.0,20250923
2025-09-24,000001.SH,3853.6422,3804.4833,3854.923,3804.3279,3821.8327,31.8095,0.8323,602056670.0,1015707870.5,,,,,,,20250924.0,20250924.0,20250924.0,20250924
2025-09-25,000001.SH,3853.3021,3852.431,3866.1058,3840.459,3853.6422,-0.3401,-0.0088,589950531.0,1001211369.1,,,,,,,20250925.0,20250925.0,20250925.0,20250925
2025-09-26,000001.SH,3828.106,3839.8553,3856.6062,3828.106,3853.3021,-25.1961,-0.6539,551275335.0,927864903.4,,,,,,,20250926.0,20250926.0,20250926.0,20250926
2025-09-29,000001.SH,3862.5317,3828.1656,3881.0023,3809.5352,3828.106,34.4257,0.8993,608466399.0,968212397.6,,,,,,,20250929.0,20250929.0,20250929.0,20250929
2025-09-30,000001.SH,3882.7774,3869.7046,3887.57,3866.2808,3862.5317,20.2457,0.5242,569734631.0,973274951.6,,,,,,,20250930.0,20250930.0,20250930.0,20250930
2025-10-09,000001.SH,3933.9724,3898.307,3936.5761,3885.7437,3882.7774,51.195,1.3185,725218501.0,1216888716.1,,,,,,,20251009.0,20251009.0,20251009.0,20251009
2025-10-10,000001.SH,3897.0281,3915.4752,3933.0053,3886.305,3933.9724,-36.9443,-0.9391,718917673.0,1132127151.7,,,,,,,20251010.0,20251010.0,20251010.0,20251010
2025-10-13,000001.SH,3889.5022,3800.1055,3895.83,3800.1055,3897.0281,-7.5259,-0.1931,709506101.0,1085413591.3,,,,,,,20251013.0,20251013.0,20251013.0,20251013
2025-10-14,000001.SH,3865.2289,3910.7825,3918.4357,3851.1209,3889.5022,-24.2733,-0.6241,800839631.0,1209983827.7,,,,,,,20251014.0,20251014.0,20251014.0,20251014
2025-10-15,000001.SH,3912.2095,3867.5364,3912.2912,3857.6668,3865.2289,46.9806,1.2155,645012955.0,961552165.6,,,,,,,20251015.0,20251015.0,20251015.0,20251015
2025-10-16,000001.SH,3916.228,3900.6834,3931.05,3899.1673,3912.2095,4.0185,0.1027,595451491.0,869264580.5,,,,,,,20251016.0,20251016.0,20251016.0,20251016
2025-10-17,000001.SH,3839.7553,3912.0403,3921.0648,3835.3648,3916.228,-76.4727,-1.9527,617563018.0,873181597.9,,,,,,,20251017.0,20251017.0,20251017.0,20251017
2025-10-20,000001.SH,3863.8926,3865.5523,3877.7215,3850.3673,3839.7553,24.1373,0.6286,549261712.0,772503219.6,,,,,,,20251020.0,20251020.0,20251020.0,20251020
2025-10-21,000001.SH,3916.3322,3870.7488,3919.3183,3868.1453,3863.8926,52.4396,1.3572,599415713.0,837938398.3,,,,,,,20251021.0,20251021.0,20251021.0,20251021
2025-10-22,000001.SH,3913.7576,3896.0736,3918.5924,3893.325,3916.3322,-2.5746,-0.0657,543117344.0,741524798.4,,,,,,,20251022.0,20251022.0,20251022.0,20251022
2025-10-23,000001.SH,3922.4101,3904.159,3926.2171,3877.5294,3913.7576,8.6525,0.2211,565189264.0,718931052.0,,,,,,,20251023.0,20251023.0,20251023.0,20251023
2025-10-24,000001.SH,3950.3115,3929.115,3950.3115,3928.9598,3922.4101,27.9014,0.7113,567858443.0,858491253.2,,,,,,,20251024.0,20251024.0,20251024.0,20251024
2025-10-27,000001.SH,3996.9445,3969.2197,3999.0667,3963.1017,3950.3115,46.633,1.1805,637589545.0,1043404043.2,,,,,,,20251027.0,20251027.0,20251027.0,20251027
2025-10-28,000001.SH,3988.2239,3986.8912,4010.7275,3976.8326,3996.9445,-8.7206,-0.2182,577357684.0,940760864.5,,,,,,,20251028.0,20251028.0,20251028.0,20251028
2025-10-29,000001.SH,4016.331,3990.2655,4016.331,3986.9414,3988.2239,28.1071,0.7048,612917466.0,968215713.3,,,,,,,20251029.0,20251029.0,20251029.0,20251029
2025-10-30,000001.SH,3986.9008,4007.8207,4025.7048,3984.8284,4016.331,-29.4302,-0.7328,668485609.0,1070058589.4,,,,,,,20251030.0,20251030.0,20251030.0,20251030
2025-10-31,000001.SH,3954.79,3985.0641,3986.7433,3951.7308,3986.9008,-32.1108,-0.8054,675615406.0,1031104616.8,,,,,,,20251031.0,20251031.0,20251031.0,20251031
2025-11-03,000001.SH,3976.5207,3954.0783,3977.3051,3937.0215,3954.79,21.7307,0.5495,641245945.0,941703699.3,,,,,,,20251103.0,20251103.0,20251103.0,20251103
2025-11-04,000001.SH,3960.186,3973.4575,3985.8822,3938.5197,3976.5207,-16.3347,-0.4108,615493792.0,852938368.4,,,,,,,20251104.0,20251104.0,20251104.0,20251104
2025-11-05,000001.SH,3969.2483,3922.5844,3979.7537,3922.5844,3960.186,9.0623,0.2288,614991618.0,827133576.9,,,,,,,20251105.0,20251105.0,20251105.0,20251105
2025-11-06,000001.SH,4007.7599,3973.3493,4008.7991,3973.3493,3969.2483,38.5116,0.9702,627367547.0,930275554.4,,,,,,,20251106.0,20251106.0,20251106.0,20251106
2025-11-07,000001.SH,3997.5557,3994.3167,4012.0054,3993.691,4007.7599,-10.2042,-0.2546,596507034.0,875486746.4,,,,,,,20251107.0,20251107.0,20251107.0,20251107
2025-11-10,000001.SH,4018.5972,4001.7939,4018.6958,3990.8359,3997.5557,21.0415,0.5264,634049993.0,960588645.8,,,,,,,20251110.0,20251110.0,20251110.0,20251110
2025-11-11,000001.SH,4002.7576,4023.877,4024.939,3991.5156,4018.5972,-15.8396,-0.3942,581994921.0,858362142.6,,,,,,,20251111.0,20251111.0,20251111.0,20251111
2025-11-12,000001.SH,4000.1396,3996.5648,4020.3775,3980.6756,4002.7576,-2.618,-0.0654,586193228.0,840467209.9,,,,,,,20251112.0,20251112.0,20251112.0,20251112
2025-11-13,000001.SH,4029.5012,3996.5143,4030.3983,3994.7712,4000.1396,29.3616,0.734,613031061.0,876400923.6,,,,,,,20251113.0,20251113.0,20251113.0,20251113
2025-11-14,000001.SH,3990.4921,4007.1258,4034.0786,3990.3074,4029.5012,-39.0091,-0.9681,622017118.0,837969502.2,,,,,,,20251114.0,20251114.0,20251114.0,20251114
2025-11-17,000001.SH,3972.0348,3988.5564,3992.4041,3958.9484,3990.4921,-18.4573,-0.4625,592017950.0,805733125.7,,,,,,,20251117.0,20251117.0,20251117.0,20251117
2025-11-18,000001.SH,3939.8131,3962.4437,3966.8854,3926.5885,3972.0348,-32.2217,-0.8112,594411046.0,790948598.4,,,,,,,20251118.0,20251118.0,20251118.0,20251118
2025-11-19,000001.SH,3946.7424,3937.9198,3960.0518,3930.0745,3939.8131,6.9293,0.1759,531149601.0,720908759.2,,,,,,,20251119.0,20251119.0,20251119.0,20251119
2025-11-20,000001.SH,3931.0512,3960.6993,3967.971,3927.5124,3946.7424,-15.6912,-0.3976,534749540.0,711341284.0,,,,,,,20251120.0,20251120.0,20251120.0,20251120
2025-11-21,000001.SH,3834.8908,3896.6646,3912.0063,3834.749,3931.0512,-96.1604,-2.4462,631646251.0,824931134.8,,,,,,,20251121.0,20251121.0,20251121.0,20251121
2025-11-24,000001.SH,3836.7655,3848.6565,3854.3305,3816.5757,3834.8908,1.8747,0.0489,504601716.0,715539247.4,,,,,,,20251124.0,20251124.0,20251124.0,20251124
2025-11-25,000001.SH,3870.0228,3850.571,3882.0299,3845.1383,3836.7655,33.2573,0.8668,478727611.0,722788782.8,,,,,,,20251125.0,20251125.0,20251125.0,20251125
2025-11-26,000001.SH,3864.1844,3867.429,3879.9231,3861.1769,3870.0228,-5.8384,-0.1509,457589755.0,701019872.5,,,,,,,20251126.0,20251126.0,20251126.0,20251126
2025-11-27,000001.SH,3875.2594,3867.1971,3895.5892,3864.1311,3864.1844,11.075,0.2866,444021947.0,698519107.2,,,,,,,20251127.0,20251127.0,20251127.0,20251127
2025-11-28,000001.SH,3888.5962,3870.9438,3888.8885,3856.25,3875.2594,13.3368,0.3442,449931973.0,645755815.1,,,,,,,20251128.0,20251128.0,20251128.0,20251128
2025-12-01,000001.SH,3914.0061,3894.2132,3914.4644,3890.9485,3888.5962,25.4099,0.6534,537554133.0,785658341.9,,,,,,,20251201.0,20251201.0,20251201.0,20251201
2025-12-02,000001.SH,3897.7116,3908.4559,3908.7688,3888.3275,3914.0061,-16.2945,-0.4163,455584494.0,627440672.5,,,,,,,20251202.0,20251202.0,20251202.0,20251202
2025-12-03,000001.SH,3877.9996,3894.1556,3901.696,3869.9528,3897.7116,-19.712,-0.5057,485617270.0,647166528.2,,,,,,,20251203.0,20251203.0,20251203.0,20251203
2025-12-04,000001.SH,3875.7933,3879.7417,3888.8595,3859.0491,3877.9996,-2.2063,-0.0569,445040290.0,623712571.5,,,,,,,20251204.0,20251204.0,20251204.0,20251204
2025-12-05,000001.SH,3902.8076,3873.1207,3907.7816,3863.3137,3875.7933,27.0143,0.697,500368768.0,716742448.9,,,,,,,20251205.0,20251205.0,20251205.0,20251205
2025-12-08,000001.SH,3924.0778,3909.226,3936.3111,3904.7377,3902.8076,21.2702,0.545,547349789.0,839439003.4,,,,,,,,,20251208.0,20251208
2025-12-09,000001.SH,3909.5216,3916.5087,3923.8986,3902.1278,3924.0778,-14.5562,-0.3709,524538256.0,781160399.4,,,,,,,,,20251209.0,20251209
2025-12-11,000001.SH,3873.3176,3903.8948,3904.9632,3862.821,3900.496,-27.1784,-0.6968,525658600.0,764350151.6,,,,,,,,,,20251211
