date,ts_code,open,high,low,close,pre_close,change,p_change,volume,amount,date,date.1
2019-12-16,600309.SH,50.92,52.23,50.3,51.94,50.48,1.4600000000000009,2.89,187059.05,993463.388,20191216,
2019-12-17,600309.SH,51.92,52.13,51.26,51.79,51.94,-0.14999999999999858,-0.29,115357.83,613091.085,20191217,
2019-12-18,600309.SH,51.69,51.75,50.78,51.03,51.79,-0.759999999999998,-1.47,119077.77,627234.645,20191218,
2019-12-19,600309.SH,51.07,51.33,50.53,50.82,51.03,-0.21000000000000085,-0.41,78196.73,409721.244,20191219,
2019-12-20,600309.SH,50.88,51.72,50.82,51.59,50.82,0.7700000000000031,1.52,89936.48,475314.853,20191220,
2019-12-23,600309.SH,51.79,52.35,51.08,51.5,51.59,-0.09000000000000341,-0.17,114599.73,611165.079,20191223,
2019-12-24,600309.SH,51.5,51.99,51.08,51.65,51.5,0.14999999999999858,0.29,53814.25,285126.832,20191224,
2019-12-25,600309.SH,51.48,52.47,51.22,52.44,51.65,0.7899999999999991,1.53,86300.51,463353.889,20191225,
2019-12-26,600309.SH,51.21,51.66,49.57,50.87,52.44,-1.5700000000000003,-2.99,235739.63,1233161.951,20191226,
2019-12-27,600309.SH,50.68,53.3,50.63,52.86,50.87,1.990000000000002,3.91,209545.8,1129873.571,20191227,
2019-12-30,600309.SH,53.05,54.95,52.98,54.47,52.86,1.6099999999999994,3.05,189875.02,1060949.095,20191230,
2019-12-31,600309.SH,54.42,55.57,54.11,54.58,54.47,0.10999999999999943,0.2,142068.42,799017.256,20191231,
2020-01-02,600309.SH,54.9,55.97,54.12,54.31,54.58,-0.269999999999996,-0.49,213379.65,1203715.724,20200102,
2020-01-03,600309.SH,54.32,56.13,54.32,55.33,54.31,1.019999999999996,1.88,177848.57,1015667.484,20200103,
2020-01-06,600309.SH,55.1,55.73,52.13,53.64,55.33,-1.6899999999999977,-3.05,274945.34,1527480.168,20200106,
2020-01-07,600309.SH,53.64,54.41,53.05,53.23,53.64,-0.4100000000000037,-0.76,200630.06,1105506.853,20200107,
2020-01-08,600309.SH,53.27,53.44,52.28,52.72,53.23,-0.509999999999998,-0.96,167528.74,910461.285,20200108,
2020-01-09,600309.SH,53.13,53.99,52.47,53.8,52.72,1.0799999999999983,2.05,127669.54,702827.111,20200109,
2020-01-10,600309.SH,53.8,53.9,52.02,52.82,53.8,-0.9799999999999969,-1.82,187824.92,1016849.753,20200110,
2020-01-13,600309.SH,52.95,53.06,51.84,52.86,52.82,0.03999999999999915,0.08,144255.18,778521.014,20200113,
2020-01-14,600309.SH,53.01,54.28,53.01,53.51,52.86,0.6499999999999986,1.23,183043.21,1013027.63,20200114,
2020-01-15,600309.SH,53.45,53.48,52.06,52.44,53.51,-1.0700000000000003,-2.0,126227.78,682182.534,20200115,
2020-01-16,600309.SH,52.8,53.57,52.38,52.58,52.44,0.14000000000000057,0.27,97108.76,528028.022,20200116,
2020-01-17,600309.SH,52.73,52.86,52.14,52.4,52.58,-0.17999999999999972,-0.34,76582.52,412892.084,20200117,
2020-01-20,600309.SH,52.58,53.35,52.36,52.99,52.4,0.5900000000000034,1.13,112633.16,613371.706,20200120,
2020-01-21,600309.SH,53.16,53.23,51.4,52.26,52.99,-0.730000000000004,-1.38,155823.29,834594.605,20200121,
2020-01-22,600309.SH,51.89,52.64,51.52,52.4,52.26,0.14000000000000057,0.27,112027.86,602444.077,20200122,
2020-01-23,600309.SH,52.28,52.28,49.48,50.44,52.4,-1.9600000000000009,-3.74,240974.03,1251921.557,20200123,
2020-02-03,600309.SH,45.4,47.42,45.4,47.12,50.44,-3.3200000000000003,-6.58,334513.73,1602993.991,20200203,
2020-02-04,600309.SH,47.42,48.88,47.37,48.07,47.12,0.9500000000000028,2.02,309379.81,1526612.544,20200204,
2020-02-05,600309.SH,47.91,49.07,47.56,48.11,48.07,0.03999999999999915,0.08,304609.08,1513464.165,20200205,
2020-02-06,600309.SH,48.13,48.56,47.62,48.32,48.11,0.21000000000000085,0.44,224178.11,1108531.267,20200206,
2020-02-07,600309.SH,48.08,48.08,46.92,47.47,48.32,-0.8500000000000014,-1.76,221106.48,1078758.848,20200207,
2020-02-10,600309.SH,47.43,48.9,46.82,48.88,47.47,1.4100000000000037,2.97,284831.29,1402658.671,20200210,
2020-02-11,600309.SH,48.98,49.41,48.3,48.59,48.88,-0.28999999999999915,-0.59,175447.37,880127.742,20200211,
2020-02-12,600309.SH,48.61,49.98,48.39,49.01,48.59,0.4199999999999946,0.86,216298.59,1096924.043,20200212,
2020-02-13,600309.SH,49.26,49.9,48.73,48.8,49.01,-0.21000000000000085,-0.43,158584.71,804326.129,20200213,
2020-02-14,600309.SH,48.56,49.15,48.14,48.55,48.8,-0.25,-0.51,121214.83,604508.358,20200214,
2020-02-17,600309.SH,48.4,50.04,48.34,50.04,48.55,1.490000000000002,3.07,174412.53,889158.3,20200217,
2020-02-18,600309.SH,50.14,50.21,48.98,49.35,50.04,-0.6899999999999977,-1.38,148928.92,756828.817,20200218,
2020-02-19,600309.SH,49.27,50.48,48.74,49.75,49.35,0.3999999999999986,0.81,194586.3,997606.624,20200219,
2020-02-20,600309.SH,49.58,50.33,49.51,50.16,49.75,0.4099999999999966,0.82,187390.01,961239.872,20200220,
2020-02-21,600309.SH,50.14,51.0,49.75,49.96,50.16,-0.19999999999999574,-0.4,213120.34,1102241.218,20200221,
2020-02-24,600309.SH,49.56,49.59,48.37,48.58,49.96,-1.3800000000000026,-2.76,270795.35,1356815.397,20200224,
2020-02-25,600309.SH,47.62,47.99,46.64,47.39,48.58,-1.1899999999999977,-2.45,281896.59,1371344.187,20200225,
2020-02-26,600309.SH,46.51,47.52,46.22,47.09,47.39,-0.29999999999999716,-0.63,207956.59,1003870.502,20200226,
2020-02-27,600309.SH,47.26,48.72,47.13,48.45,47.09,1.3599999999999994,2.89,225607.38,1117951.862,20200227,
2020-02-28,600309.SH,47.65,47.65,45.67,45.71,48.45,-2.740000000000002,-5.66,265274.68,1270387.987,20200228,
2020-03-02,600309.SH,45.75,49.22,45.75,48.74,45.71,3.030000000000001,6.63,292356.55,1452574.626,20200302,
2020-03-03,600309.SH,49.47,49.75,47.66,47.93,48.74,-0.8100000000000023,-1.66,241275.14,1203537.098,20200303,
2020-03-04,600309.SH,48.15,49.06,47.93,48.49,47.93,0.5600000000000023,1.17,149874.55,747308.935,20200304,
2020-03-05,600309.SH,48.73,51.48,48.72,50.73,48.49,2.239999999999995,4.62,394935.61,2050353.05,20200305,
2020-03-06,600309.SH,50.27,51.54,50.04,50.14,50.73,-0.5899999999999963,-1.16,178618.14,927678.987,20200306,
2020-03-09,600309.SH,48.59,48.59,47.03,47.15,50.14,-2.990000000000002,-5.96,413346.56,2017187.074,20200309,
2020-03-10,600309.SH,46.36,48.34,46.35,48.16,47.15,1.009999999999998,2.14,199225.96,974106.39,20200310,
2020-03-11,600309.SH,48.19,48.21,47.13,47.2,48.16,-0.9599999999999937,-1.99,138359.96,677176.187,20200311,
2020-03-12,600309.SH,46.55,46.55,44.38,45.16,47.2,-2.0400000000000063,-4.32,345961.3,1612544.58,20200312,
2020-03-13,600309.SH,42.76,44.15,42.03,43.69,45.16,-1.4699999999999989,-3.26,345161.21,1539395.4,20200313,
2020-03-16,600309.SH,43.92,44.11,40.7,41.23,43.69,-2.460000000000001,-5.63,316937.5,1375066.509,20200316,
2020-03-17,600309.SH,41.16,42.18,39.04,40.28,41.23,-0.9499999999999957,-2.3,291380.82,1210679.201,20200317,
2020-03-18,600309.SH,41.1,42.13,40.17,40.51,40.28,0.22999999999999687,0.57,293329.01,1245292.853,20200318,
2020-03-19,600309.SH,40.41,41.09,38.35,39.24,40.51,-1.269999999999996,-3.14,441182.69,1779700.252,20200319,
2020-03-20,600309.SH,39.66,40.55,39.02,39.42,39.24,0.17999999999999972,0.46,330074.38,1351879.798,20200320,
2020-03-23,600309.SH,37.78,38.24,36.54,37.36,39.42,-2.0600000000000023,-5.23,365657.24,1409991.882,20200323,
2020-03-24,600309.SH,38.28,38.43,37.1,38.09,37.36,0.730000000000004,1.95,229554.68,895744.421,20200324,
2020-03-25,600309.SH,39.37,40.38,39.21,40.12,38.09,2.029999999999994,5.33,262502.38,1076300.674,20200325,
2020-03-26,600309.SH,39.74,40.73,39.38,39.96,40.12,-0.1599999999999966,-0.4,146030.8,602458.455,20200326,
2020-03-27,600309.SH,40.72,40.79,39.68,40.11,39.96,0.14999999999999858,0.38,139577.41,577476.12,20200327,
2020-03-30,600309.SH,39.31,39.33,38.69,38.87,40.11,-1.240000000000002,-3.09,158445.11,635405.955,20200330,
2020-03-31,600309.SH,39.74,40.81,39.16,40.08,38.87,1.2100000000000009,3.11,184378.12,759023.687,20200331,
2020-04-01,600309.SH,40.33,40.96,39.9,40.22,40.08,0.14000000000000057,0.35,155269.72,646346.66,20200401,
2020-04-02,600309.SH,39.75,41.01,39.65,41.01,40.22,0.7899999999999991,1.96,179259.49,746090.079,20200402,
2020-04-03,600309.SH,41.01,42.88,40.91,41.71,41.01,0.7000000000000028,1.71,234536.86,1017387.519,20200403,
2020-04-07,600309.SH,42.56,42.81,42.07,42.37,41.71,0.6599999999999966,1.58,157448.12,687373.918,20200407,
2020-04-08,600309.SH,42.15,42.53,41.71,42.16,42.37,-0.21000000000000085,-0.5,117229.57,507296.082,20200408,
2020-04-09,600309.SH,42.14,42.51,41.78,41.96,42.16,-0.19999999999999574,-0.47,71453.78,309408.339,20200409,
2020-04-10,600309.SH,41.98,42.31,41.22,41.69,41.96,-0.2700000000000031,-0.64,114911.07,494995.324,20200410,
2020-04-13,600309.SH,41.4,41.93,40.95,41.13,41.69,-0.5599999999999952,-1.34,96395.75,408947.874,20200413,
2020-04-14,600309.SH,41.75,42.77,41.44,42.74,41.13,1.6099999999999994,3.91,154978.13,676714.306,20200414,
2020-04-15,600309.SH,43.15,43.15,41.79,41.88,42.74,-0.8599999999999994,-2.01,127256.32,554333.442,20200415,
2020-04-16,600309.SH,41.72,41.77,40.89,41.01,41.88,-0.8700000000000045,-2.08,164744.14,696803.745,20200416,
2020-04-17,600309.SH,41.44,43.11,41.44,42.87,41.01,1.8599999999999994,4.54,247055.34,1083009.185,20200417,
2020-04-20,600309.SH,42.66,43.29,42.4,42.92,42.87,0.05000000000000426,0.12,105743.84,466598.343,20200420,
2020-04-21,600309.SH,42.56,42.56,41.31,41.74,42.92,-1.1799999999999997,-2.75,179154.4,770488.879,20200421,
2020-04-22,600309.SH,41.2,41.64,40.88,41.64,41.74,-0.10000000000000142,-0.24,141348.78,599949.975,20200422,
2020-04-23,600309.SH,41.74,42.19,41.36,41.7,41.64,0.060000000000002274,0.14,115265.81,495227.218,20200423,
2020-04-24,600309.SH,41.47,42.0,41.42,41.54,41.7,-0.1600000000000037,-0.38,85483.82,367112.097,20200424,
2020-04-27,600309.SH,41.37,41.37,40.13,40.86,41.54,-0.6799999999999997,-1.64,179949.05,751951.106,20200427,
2020-04-28,600309.SH,41.06,41.42,40.39,41.3,40.86,0.4399999999999977,1.08,128242.8,541277.985,20200428,
2020-04-29,600309.SH,41.3,42.37,40.97,42.16,41.3,0.8599999999999994,2.08,136765.7,589059.459,20200429,
2020-04-30,600309.SH,42.17,44.17,42.17,43.73,42.16,1.5700000000000003,3.72,207622.96,933809.393,20200430,
2020-05-06,600309.SH,43.0,44.7,43.0,44.53,43.73,0.8000000000000043,1.83,217344.92,986230.962,20200506,
2020-05-07,600309.SH,44.7,45.04,44.23,44.6,44.53,0.07000000000000028,0.16,129358.75,594851.262,20200507,
2020-05-08,600309.SH,44.62,46.16,44.62,45.51,44.6,0.9099999999999966,2.04,175599.29,824661.964,20200508,
2020-05-11,600309.SH,45.67,46.64,45.17,45.43,45.51,-0.0799999999999983,-0.18,143019.94,675520.493,20200511,
2020-05-12,600309.SH,45.43,45.9,44.7,45.22,45.43,-0.21000000000000085,-0.46,114888.34,534032.442,20200512,
2020-05-13,600309.SH,45.28,45.96,44.75,45.53,45.22,0.3100000000000023,0.69,88653.16,414316.371,20200513,
2020-05-14,600309.SH,45.37,45.37,44.71,44.71,45.53,-0.8200000000000003,-1.8,94320.79,435434.193,20200514,
2020-05-15,600309.SH,45.59,45.59,43.92,43.97,44.71,-0.740000000000002,-1.66,140233.67,622210.98,20200515,
2020-05-18,600309.SH,44.27,45.08,43.67,44.62,43.97,0.6499999999999986,1.48,105471.68,470661.698,20200518,
2020-05-19,600309.SH,45.47,47.95,45.47,47.75,44.62,3.1300000000000026,7.01,281563.8,1325413.163,20200519,
2020-05-20,600309.SH,47.4,48.09,47.17,47.4,47.75,-0.3500000000000014,-0.73,153363.0,731020.329,20200520,
2020-05-21,600309.SH,47.84,47.84,45.74,46.11,47.4,-1.2899999999999991,-2.72,161869.05,751180.431,20200521,
2020-05-22,600309.SH,46.12,46.32,44.29,44.7,46.11,-1.4099999999999966,-3.06,147799.17,664885.728,20200522,
2020-05-25,600309.SH,44.5,45.2,44.05,45.07,44.7,0.36999999999999744,0.83,118171.43,527745.442,20200525,
2020-05-26,600309.SH,45.23,46.8,45.16,46.6,45.07,1.5300000000000011,3.39,136490.41,629818.936,20200526,
2020-05-27,600309.SH,46.7,46.7,45.18,45.51,46.6,-1.0900000000000034,-2.34,98641.41,452240.296,20200527,
2020-05-28,600309.SH,45.91,46.15,44.69,45.05,45.51,-0.46000000000000085,-1.01,115333.01,521937.701,20200528,
2020-05-29,600309.SH,45.9,47.61,45.88,46.48,45.05,1.4299999999999997,3.17,241821.99,1133683.605,20200529,
2020-06-01,600309.SH,47.32,48.18,47.08,47.92,46.48,1.4400000000000048,3.1,229711.02,1101072.485,20200601,
2020-06-02,600309.SH,48.0,48.5,47.28,48.17,47.92,0.25,0.52,162641.21,781201.368,20200602,
2020-06-03,600309.SH,49.08,50.33,48.82,48.99,48.17,0.8200000000000003,1.7,185353.58,918393.585,20200603,
2020-06-04,600309.SH,49.75,49.76,48.58,49.09,48.99,0.10000000000000142,0.2,110888.18,543349.31,20200604,
2020-06-05,600309.SH,48.9,49.2,48.1,48.81,49.09,-0.28000000000000114,-0.57,114973.82,558004.073,20200605,
2020-06-08,600309.SH,49.5,50.48,49.11,49.79,48.81,0.9799999999999969,2.01,161124.03,805206.555,20200608,
2020-06-09,600309.SH,49.98,50.15,49.28,49.5,49.79,-0.28999999999999915,-0.58,84716.27,419503.704,20200609,
2020-06-10,600309.SH,49.51,50.17,48.88,49.16,49.5,-0.3400000000000034,-0.69,101386.38,499379.098,20200610,
2020-06-11,600309.SH,49.0,49.75,48.57,49.0,49.16,-0.1599999999999966,-0.33,106084.88,522171.46,20200611,
2020-06-12,600309.SH,48.0,48.59,47.32,48.5,49.0,-0.5,-1.02,149513.15,720432.094,20200612,
2020-06-15,600309.SH,48.03,48.34,47.11,47.16,48.5,-1.3400000000000034,-2.76,146050.24,695081.629,20200615,
2020-06-16,600309.SH,47.84,48.54,47.8,48.25,47.16,1.0900000000000034,2.31,112603.9,542296.16,20200616,
2020-06-17,600309.SH,48.24,48.39,47.39,47.82,48.25,-0.4299999999999997,-0.89,96866.02,461634.544,20200617,
2020-06-18,600309.SH,47.6,48.75,47.56,48.6,47.82,0.7800000000000011,1.63,119598.73,578139.373,20200618,
2020-06-19,600309.SH,48.5,49.34,48.37,48.94,48.6,0.3399999999999963,0.7,157486.14,770921.141,20200619,
2020-06-22,600309.SH,48.94,49.09,47.67,48.55,48.94,-0.39000000000000057,-0.8,169743.5,820363.727,20200622,
2020-06-23,600309.SH,48.51,48.66,47.85,48.02,48.55,-0.529999999999994,-1.09,132152.95,635037.302,20200623,
2020-06-24,600309.SH,48.14,50.7,48.14,50.02,48.02,2.0,4.16,255757.63,1277855.134,20200624,
2020-06-29,600309.SH,50.02,50.05,48.5,49.18,50.02,-0.8400000000000034,-1.68,171562.71,841441.604,20200629,
2020-06-30,600309.SH,49.5,50.07,49.3,49.99,49.18,0.8100000000000023,1.65,122866.15,611166.218,20200630,
2020-07-01,600309.SH,50.0,52.4,49.8,52.05,49.99,2.059999999999995,4.12,242429.87,1244049.622,20200701,
2020-07-02,600309.SH,51.8,54.77,51.71,54.26,52.05,2.210000000000001,4.25,337710.14,1806499.072,20200702,
2020-07-03,600309.SH,54.2,55.32,53.33,53.6,54.26,-0.6599999999999966,-1.22,210797.66,1138076.99,20200703,
2020-07-06,600309.SH,54.5,56.1,54.48,55.65,53.6,2.049999999999997,3.82,249210.96,1382950.099,20200706,
2020-07-07,600309.SH,55.8,57.2,54.91,55.19,55.65,-0.46000000000000085,-0.83,254363.5,1420264.571,20200707,
2020-07-08,600309.SH,54.45,56.26,54.41,55.04,55.19,-0.14999999999999858,-0.27,181837.15,1000783.181,20200708,
2020-07-09,600309.SH,55.2,55.91,54.41,55.0,55.04,-0.03999999999999915,-0.07,248883.73,1368152.85,20200709,
2020-07-10,600309.SH,54.61,55.13,53.57,53.79,55.0,-1.2100000000000009,-2.2,231480.95,1256008.157,20200710,
2020-07-13,600309.SH,53.9,55.2,53.8,55.2,53.79,1.4100000000000037,2.62,263347.28,1436940.428,20200713,
2020-07-14,600309.SH,55.0,56.25,54.1,54.96,55.2,-0.240000000000002,-0.43,209472.83,1155056.291,20200714,
2020-07-15,600309.SH,55.5,59.19,55.15,58.26,54.96,3.299999999999997,6.0,383678.59,2201824.953,20200715,
2020-07-16,600309.SH,57.6,59.85,56.26,56.99,58.26,-1.269999999999996,-2.18,389774.71,2267410.601,20200716,
2020-07-17,600309.SH,57.3,62.2,57.3,62.09,56.99,5.100000000000001,8.95,498712.91,3028678.75,20200717,
2020-07-20,600309.SH,62.6,67.06,62.6,65.3,62.09,3.2099999999999937,5.17,456847.67,2967883.766,20200720,
2020-07-21,600309.SH,65.0,65.33,63.16,64.57,65.3,-0.730000000000004,-1.12,292233.82,1879501.262,20200721,
2020-07-22,600309.SH,64.75,68.66,64.59,67.24,64.57,2.6700000000000017,4.14,310597.11,2064206.486,20200722,
2020-07-23,600309.SH,66.0,68.6,64.83,66.34,67.24,-0.8999999999999915,-1.34,301759.07,1994775.807,20200723,
2020-07-24,600309.SH,65.07,65.5,61.06,62.11,66.34,-4.230000000000004,-6.38,416313.8,2617090.397,20200724,
2020-07-27,600309.SH,63.0,64.77,62.9,63.65,62.11,1.5399999999999991,2.48,235265.04,1499970.082,20200727,
2020-07-28,600309.SH,64.38,68.64,63.08,66.18,63.65,2.5300000000000082,3.97,247858.59,1610534.883,20200728,
2020-07-29,600309.SH,64.7,66.62,63.99,65.65,66.18,-0.5300000000000011,-0.8,279163.14,1814043.416,20200729,
2020-07-30,600309.SH,68.1,69.38,66.68,67.07,65.65,1.4199999999999875,2.16,328917.14,2237921.556,20200730,
2020-07-31,600309.SH,67.09,69.8,66.8,67.59,67.07,0.5200000000000102,0.78,247655.76,1686211.966,20200731,
2020-08-03,600309.SH,67.49,67.68,65.0,67.6,67.59,0.009999999999990905,0.01,281444.16,1861124.154,20200803,
2020-08-04,600309.SH,67.61,68.8,66.48,66.89,67.6,-0.7099999999999937,-1.05,182129.92,1224977.758,20200804,
2020-08-05,600309.SH,66.25,68.5,66.25,68.5,66.89,1.6099999999999994,2.41,193859.35,1306697.8,20200805,
2020-08-06,600309.SH,69.2,70.65,68.01,69.7,68.5,1.2000000000000028,1.75,260832.79,1815010.145,20200806,
2020-08-07,600309.SH,69.11,69.58,66.23,67.57,69.7,-2.1300000000000097,-3.06,205138.28,1392664.711,20200807,
2020-08-10,600309.SH,67.5,67.5,65.19,66.9,67.57,-0.6699999999999875,-0.99,163024.84,1084552.19,20200810,
2020-08-11,600309.SH,67.5,68.65,66.5,66.7,66.9,-0.20000000000000284,-0.3,147899.59,1001375.379,20200811,
2020-08-12,600309.SH,66.45,66.98,63.42,64.44,66.7,-2.260000000000005,-3.39,225758.72,1458409.253,20200812,
2020-08-13,600309.SH,64.43,67.3,64.43,65.95,64.44,1.5100000000000051,2.34,192018.57,1266501.098,20200813,
2020-08-14,600309.SH,66.6,68.16,66.57,67.48,65.95,1.5300000000000011,2.32,114244.22,769493.729,20200814,
2020-08-17,600309.SH,68.41,68.5,66.5,67.19,67.48,-0.29000000000000625,-0.43,224430.64,1514486.704,20200817,
2020-08-18,600309.SH,67.8,69.18,65.81,68.99,67.19,1.7999999999999972,2.68,206635.35,1392966.433,20200818,
2020-08-19,600309.SH,68.44,68.62,67.31,67.66,68.99,-1.3299999999999983,-1.93,139854.46,950928.324,20200819,
2020-08-20,600309.SH,65.4,69.17,65.05,68.8,67.66,1.1400000000000006,1.68,224651.87,1522934.603,20200820,
2020-08-21,600309.SH,68.97,69.47,67.67,69.2,68.8,0.4000000000000057,0.58,128557.02,882945.595,20200821,
2020-08-24,600309.SH,69.26,72.11,69.26,71.2,69.2,2.0,2.89,243984.84,1739159.822,20200824,
2020-08-25,600309.SH,71.55,71.97,69.19,69.56,71.2,-1.6400000000000006,-2.3,176109.16,1234251.571,20200825,
2020-08-26,600309.SH,69.63,69.97,68.57,69.32,69.56,-0.2400000000000091,-0.35,112645.15,779749.05,20200826,
2020-08-27,600309.SH,70.01,70.8,68.6,70.34,69.32,1.0200000000000102,1.47,127656.85,891872.598,20200827,
2020-08-28,600309.SH,70.4,75.6,69.93,74.56,70.34,4.219999999999999,6.0,261375.69,1909957.366,20200828,
2020-08-31,600309.SH,74.97,75.3,73.08,73.29,74.56,-1.269999999999996,-1.7,178608.45,1322673.368,20200831,
2020-09-01,600309.SH,72.62,74.33,72.3,74.26,73.29,0.9699999999999989,1.32,117140.66,859517.006,20200901,
2020-09-02,600309.SH,74.6,74.95,72.6,73.5,74.26,-0.7600000000000051,-1.02,121114.77,889687.891,20200902,
2020-09-03,600309.SH,74.11,77.29,73.78,75.8,73.5,2.299999999999997,3.13,210623.83,1601312.209,20200903,
2020-09-04,600309.SH,73.93,78.05,73.2,77.5,75.8,1.7000000000000028,2.24,195954.8,1480594.473,20200904,
2020-09-07,600309.SH,77.22,78.17,71.6,72.88,77.5,-4.6200000000000045,-5.96,263970.78,1972263.45,20200907,
2020-09-08,600309.SH,72.49,73.85,69.6,73.68,72.88,0.8000000000000114,1.1,223940.23,1607632.24,20200908,
2020-09-09,600309.SH,71.2,71.39,68.02,69.7,73.68,-3.980000000000004,-5.4,217635.6,1522281.801,20200909,
2020-09-10,600309.SH,70.64,73.25,69.5,71.8,69.7,2.0999999999999943,3.01,180926.31,1293284.473,20200910,
2020-09-11,600309.SH,71.3,72.8,70.25,72.15,71.8,0.3500000000000085,0.49,152009.8,1087111.273,20200911,
2020-09-14,600309.SH,72.88,74.85,72.36,74.08,72.15,1.9299999999999926,2.67,175025.35,1294261.828,20200914,
2020-09-15,600309.SH,74.3,76.05,73.0,75.4,74.08,1.3200000000000074,1.78,135500.53,1015324.276,20200915,
2020-09-16,600309.SH,75.0,76.45,74.9,75.28,75.4,-0.12000000000000455,-0.16,115646.63,874057.386,20200916,
2020-09-17,600309.SH,76.0,76.97,74.3,75.9,75.28,0.6200000000000045,0.82,155451.59,1173800.213,20200917,
2020-09-18,600309.SH,74.96,76.93,74.3,74.99,75.9,-0.9100000000000108,-1.2,206957.24,1565291.689,20200918,
2020-09-21,600309.SH,75.6,76.36,74.8,76.0,74.99,1.0100000000000051,1.35,129710.44,981938.098,20200921,
2020-09-22,600309.SH,74.5,75.23,72.0,72.01,76.0,-3.989999999999995,-5.25,204627.6,1495446.561,20200922,
2020-09-23,600309.SH,72.44,73.06,70.38,71.1,72.01,-0.9100000000000108,-1.26,161367.09,1148238.8,20200923,
2020-09-24,600309.SH,71.04,71.04,69.31,69.59,71.1,-1.509999999999991,-2.12,130866.63,917303.814,20200924,
2020-09-25,600309.SH,71.71,71.71,68.7,69.03,69.59,-0.5600000000000023,-0.8,137351.4,955742.05,20200925,
2020-09-28,600309.SH,69.4,70.92,69.01,70.32,69.03,1.289999999999992,1.87,121413.98,850453.223,20200928,
2020-09-29,600309.SH,70.85,71.59,70.32,70.34,70.32,0.020000000000010232,0.03,110822.36,784896.675,20200929,
2020-09-30,600309.SH,70.32,70.98,68.7,69.3,70.34,-1.0400000000000063,-1.48,135117.21,939319.935,20200930,
2020-10-09,600309.SH,71.0,72.48,70.45,72.2,69.3,2.9000000000000057,4.18,141666.59,1014980.136,20201009,
2020-10-12,600309.SH,72.5,77.55,72.5,77.2,72.2,5.0,6.93,208908.56,1579185.799,20201012,
2020-10-13,600309.SH,77.0,81.11,76.38,79.1,77.2,1.8999999999999915,2.46,185673.01,1464871.062,20201013,
2020-10-14,600309.SH,79.79,81.18,79.46,80.15,79.1,1.0500000000000114,1.33,157264.36,1263626.378,20201014,
2020-10-15,600309.SH,80.14,81.07,79.24,79.57,80.15,-0.5800000000000125,-0.72,135584.79,1082329.351,20201015,
2020-10-16,600309.SH,79.8,80.78,78.32,79.6,79.57,0.030000000000001137,0.04,126840.42,1010620.309,20201016,
2020-10-19,600309.SH,80.48,81.8,78.62,79.3,79.6,-0.29999999999999716,-0.38,140784.03,1125929.642,20201019,
2020-10-20,600309.SH,78.95,80.08,78.78,79.9,79.3,0.6000000000000085,0.76,87639.98,697099.672,20201020,
2020-10-21,600309.SH,80.2,80.8,78.63,79.12,79.9,-0.7800000000000011,-0.98,98341.56,781674.542,20201021,
2020-10-22,600309.SH,79.59,79.8,77.6,78.41,79.12,-0.710000000000008,-0.9,82232.24,646839.832,20201022,
2020-10-23,600309.SH,77.66,80.88,76.83,78.7,78.41,0.29000000000000625,0.37,196350.18,1555349.072,20201023,
2020-10-26,600309.SH,77.97,78.69,74.9,76.5,78.7,-2.200000000000003,-2.8,166453.58,1265746.943,20201026,
2020-10-27,600309.SH,77.06,78.65,76.8,77.59,76.5,1.0900000000000034,1.42,113671.21,881672.094,20201027,
2020-10-28,600309.SH,80.0,82.95,79.4,82.3,77.59,4.709999999999994,6.07,260923.89,2119370.118,20201028,
2020-10-29,600309.SH,81.55,82.3,77.89,78.45,82.3,-3.8499999999999943,-4.68,283634.79,2245298.957,20201029,
2020-10-30,600309.SH,78.27,81.2,78.05,78.49,78.45,0.03999999999999204,0.05,169772.6,1351345.844,20201030,
2020-11-02,600309.SH,78.7,80.68,77.77,79.58,78.49,1.0900000000000034,1.39,157377.38,1256433.025,20201102,
2020-11-03,600309.SH,80.89,80.98,78.8,80.05,79.58,0.46999999999999886,0.59,123570.07,986951.713,20201103,
2020-11-04,600309.SH,79.18,83.16,79.18,83.13,80.05,3.0799999999999983,3.85,178668.84,1463810.886,20201104,
2020-11-05,600309.SH,83.45,84.7,81.8,83.55,83.13,0.4200000000000017,0.51,161085.04,1340138.264,20201105,
2020-11-06,600309.SH,84.55,87.22,83.06,85.86,83.55,2.3100000000000023,2.76,210337.74,1796066.421,20201106,
2020-11-09,600309.SH,87.1,88.88,85.17,87.4,85.86,1.5400000000000063,1.79,201444.86,1756287.429,20201109,
2020-11-10,600309.SH,88.28,91.88,87.5,90.24,87.4,2.839999999999989,3.25,223334.0,2014177.792,20201110,
2020-11-11,600309.SH,90.0,90.87,88.09,88.5,90.24,-1.7399999999999949,-1.93,151694.61,1356695.011,20201111,
2020-11-12,600309.SH,89.07,90.6,88.54,90.48,88.5,1.980000000000004,2.24,128138.83,1153895.525,20201112,
2020-11-13,600309.SH,89.02,90.0,86.22,87.9,90.48,-2.5799999999999983,-2.85,212054.58,1861462.085,20201113,
2020-11-16,600309.SH,88.98,92.71,87.12,91.95,87.9,4.049999999999997,4.61,228629.73,2074475.974,20201116,
2020-11-17,600309.SH,91.25,92.16,89.0,90.39,91.95,-1.5600000000000023,-1.7,169590.02,1535529.111,20201117,
2020-11-18,600309.SH,90.07,92.95,89.0,90.39,90.39,0.0,0.0,185967.65,1691113.116,20201118,
2020-11-19,600309.SH,89.5,90.0,86.82,89.49,90.39,-0.9000000000000057,-1.0,140040.45,1242752.486,20201119,
2020-11-20,600309.SH,89.4,91.4,89.25,90.6,89.49,1.1099999999999994,1.24,96553.41,876331.585,20201120,
2020-11-23,600309.SH,91.18,93.33,88.79,89.41,90.6,-1.1899999999999977,-1.31,228038.31,2077249.3,20201123,
2020-11-24,600309.SH,89.93,89.93,85.66,87.25,89.41,-2.1599999999999966,-2.42,291737.55,2537102.466,20201124,
2020-11-25,600309.SH,88.83,88.83,84.06,84.18,87.25,-3.069999999999993,-3.52,204509.36,1755581.339,20201125,
2020-11-26,600309.SH,83.7,84.2,80.08,82.1,84.18,-2.0800000000000125,-2.47,348681.6,2846587.804,20201126,
2020-11-27,600309.SH,83.0,85.49,82.2,83.88,82.1,1.7800000000000011,2.17,253161.93,2115467.47,20201127,
2020-11-30,600309.SH,83.0,84.2,81.2,81.2,83.88,-2.6799999999999926,-3.2,217216.81,1788697.586,20201130,
2020-12-01,600309.SH,81.77,84.23,81.22,84.0,81.2,2.799999999999997,3.45,189123.35,1571690.622,20201201,
2020-12-02,600309.SH,83.5,84.24,82.0,82.96,84.0,-1.0400000000000063,-1.24,121042.99,1003421.99,20201202,
2020-12-03,600309.SH,83.28,83.82,81.9,83.15,82.96,0.19000000000001194,0.23,121717.38,1010965.705,20201203,
2020-12-04,600309.SH,83.33,85.45,82.93,84.36,83.15,1.2099999999999937,1.46,140836.98,1189824.064,20201204,
2020-12-07,600309.SH,84.1,84.5,82.2,83.24,84.36,-1.1200000000000045,-1.33,130859.09,1086276.185,20201207,
2020-12-08,600309.SH,83.25,84.88,82.71,82.99,83.24,-0.25,-0.3,117957.35,987529.767,20201208,
2020-12-09,600309.SH,83.1,83.99,82.27,82.6,82.99,-0.39000000000000057,-0.47,85375.28,709037.504,20201209,
2020-12-10,600309.SH,81.88,83.5,81.29,82.12,82.6,-0.47999999999998977,-0.58,115308.55,949175.424,20201210,
2020-12-11,600309.SH,82.15,84.07,81.0,81.82,82.12,-0.30000000000001137,-0.37,141718.81,1170133.048,20201211,
2020-12-14,600309.SH,73.77,74.21,72.08,72.5,73.91,-1.4099999999999966,-1.91,183228.32,1473962.992,20201214,20201214.0
2020-12-15,600309.SH,72.93,76.2,72.54,75.96,72.5,3.4599999999999937,4.77,211773.58,1754756.623,20201215,20201215.0
2020-12-16,600309.SH,76.27,78.32,76.27,78.0,75.96,2.0400000000000063,2.69,179928.02,1545296.392,20201216,20201216.0
2020-12-17,600309.SH,78.09,79.4,77.18,77.64,78.0,-0.3599999999999994,-0.46,168852.78,1459558.8,20201217,20201217.0
2020-12-18,600309.SH,77.65,79.67,77.65,78.68,77.64,1.0400000000000065,1.34,158249.73,1382952.397,20201218,20201218.0
2020-12-21,600309.SH,78.5,80.34,77.52,80.23,78.68,1.5499999999999972,1.97,157955.57,1389421.313,20201221,20201221.0
2020-12-22,600309.SH,79.36,79.83,77.52,77.67,80.23,-2.5600000000000023,-3.19,178546.9,1549100.186,20201222,20201222.0
2020-12-23,600309.SH,77.76,79.76,77.24,78.55,77.67,0.8799999999999955,1.13,143076.76,1245753.797,20201223,20201223.0
2020-12-24,600309.SH,79.02,80.23,77.74,80.04,78.55,1.490000000000009,1.9,158654.19,1388199.739,20201224,20201224.0
2020-12-25,600309.SH,79.22,82.87,78.32,82.39,80.04,2.3499999999999943,2.94,196569.33,1758392.337,20201225,20201225.0
2020-12-28,600309.SH,82.1,82.85,79.11,79.49,82.39,-2.9000000000000057,-3.52,208185.35,1857971.165,20201228,20201228.0
2020-12-29,600309.SH,79.84,81.87,79.56,80.71,79.49,1.2199999999999989,1.53,163197.0,1461486.352,20201229,20201229.0
2020-12-30,600309.SH,80.47,82.46,80.4,82.4,80.71,1.690000000000012,2.09,123825.52,1122066.462,20201230,20201230.0
2020-12-31,600309.SH,81.19,82.64,80.13,82.24,82.4,-0.1600000000000108,-0.19,213631.34,1931135.191,20201231,20201231.0
2021-01-04,600309.SH,81.57,85.99,81.3,85.02,82.24,2.780000000000001,3.38,207791.08,1938645.348,20210104,20210104.0
2021-01-05,600309.SH,84.73,89.25,84.24,88.18,85.02,3.160000000000011,3.72,246270.77,2378965.761,20210105,20210105.0
2021-01-06,600309.SH,88.26,90.54,86.63,88.91,88.18,0.7299999999999898,0.83,207364.05,2039655.42,20210106,20210106.0
2021-01-07,600309.SH,93.77,97.79,92.67,96.65,88.91,7.740000000000009,8.71,553054.21,5893180.165,20210107,20210107.0
2021-01-08,600309.SH,96.66,98.99,96.39,98.46,96.65,1.809999999999988,1.87,285837.05,3088863.128,20210108,20210108.0
2021-01-11,600309.SH,98.44,100.42,96.04,98.17,98.46,-0.289999999999992,-0.29,248373.09,2712871.154,20210111,20210111.0
2021-01-12,600309.SH,97.14,102.8,96.82,102.09,98.17,3.9200000000000017,3.99,252848.11,2804848.806,20210112,20210112.0
2021-01-13,600309.SH,102.84,106.76,101.17,102.7,102.09,0.6099999999999994,0.6,250149.92,2879791.547,20210113,20210113.0
2021-01-14,600309.SH,100.78,102.59,98.11,99.05,102.7,-3.6500000000000057,-3.55,232267.23,2569565.701,20210114,20210114.0
2021-01-15,600309.SH,99.91,100.23,94.85,97.29,99.05,-1.759999999999991,-1.78,219452.95,2359701.186,20210115,20210115.0
2021-01-18,600309.SH,97.82,100.98,95.89,99.19,97.29,1.8999999999999917,1.95,193955.7,2125975.528,20210118,20210118.0
2021-01-19,600309.SH,99.29,101.36,95.75,97.1,99.19,-2.0900000000000034,-2.11,192540.43,2089901.48,20210119,20210119.0
2021-01-20,600309.SH,98.01,100.47,97.65,99.32,97.1,2.219999999999999,2.29,139101.16,1530773.576,20210120,20210120.0
2021-01-21,600309.SH,100.45,105.42,99.81,102.47,99.32,3.1500000000000057,3.17,243934.12,2788167.982,20210121,20210121.0
2021-01-22,600309.SH,102.45,106.85,101.67,105.23,102.47,2.760000000000005,2.69,164852.59,1920417.014,20210122,20210122.0
2021-01-25,600309.SH,105.6,107.77,103.35,105.25,105.23,0.019999999999996,0.02,195064.58,2282324.686,20210125,20210125.0
2021-01-26,600309.SH,104.15,106.77,102.7,105.69,105.25,0.4399999999999977,0.42,138868.4,1616892.132,20210126,20210126.0
2021-01-27,600309.SH,106.62,107.41,101.47,104.16,105.69,-1.5300000000000011,-1.45,184565.84,2125884.031,20210127,20210127.0
2021-01-28,600309.SH,102.56,104.68,99.82,100.6,104.16,-3.5600000000000023,-3.42,161301.0,1818237.849,20210128,20210128.0
2021-01-29,600309.SH,103.67,104.23,99.82,100.99,100.6,0.3900000000000005,0.39,164000.13,1854946.607,20210129,20210129.0
2021-02-01,600309.SH,102.47,109.37,102.47,109.37,100.99,8.38000000000001,8.3,275281.56,3266915.916,20210201,20210201.0
2021-02-02,600309.SH,109.48,109.57,104.38,109.38,109.37,0.0099999999999909,0.01,230557.52,2752560.632,20210202,20210202.0
2021-02-03,600309.SH,110.21,114.15,108.18,111.28,109.38,1.9000000000000057,1.74,222753.42,2764631.581,20210203,20210203.0
2021-02-04,600309.SH,111.65,117.79,111.29,117.43,111.28,6.150000000000006,5.53,238357.28,3065275.599,20210204,20210204.0
2021-02-05,600309.SH,118.61,119.14,110.8,111.79,117.43,-5.640000000000001,-4.8,288309.73,3665209.494,20210205,20210205.0
2021-02-08,600309.SH,111.81,119.14,109.1,119.14,111.79,7.349999999999994,6.57,229022.22,2933087.879,20210208,20210208.0
2021-02-09,600309.SH,120.41,124.11,117.89,124.11,119.14,4.969999999999999,4.17,240644.19,3239089.678,20210209,20210209.0
2021-02-10,600309.SH,122.4,127.45,122.24,126.85,124.11,2.739999999999995,2.21,192013.36,2674446.267,20210210,20210210.0
2021-02-18,600309.SH,132.34,135.66,128.16,130.06,126.85,3.210000000000008,2.53,305706.48,4464943.311,20210218,20210218.0
2021-02-19,600309.SH,128.37,132.16,119.03,124.19,130.06,-5.8700000000000045,-4.51,318423.89,4369687.268,20210219,20210219.0
2021-02-22,600309.SH,126.47,128.14,121.54,122.27,124.19,-1.9200000000000017,-1.55,372584.83,5124062.16,20210222,20210222.0
2021-02-23,600309.SH,122.52,124.21,116.44,118.15,122.27,-4.11999999999999,-3.37,287454.7,3818594.462,20210223,20210223.0
2021-02-24,600309.SH,120.44,122.82,113.94,116.37,118.15,-1.7800000000000011,-1.51,438074.3,5747916.484,20210224,20210224.0
2021-02-25,600309.SH,122.07,124.21,119.03,120.46,116.37,4.089999999999989,3.51,296340.87,3987642.307,20210225,20210225.0
2021-02-26,600309.SH,119.15,123.94,118.13,118.16,120.46,-2.299999999999997,-1.91,343157.7,4581239.632,20210226,20210226.0
2021-03-01,600309.SH,118.43,120.59,113.41,117.56,118.16,-0.5999999999999943,-0.51,386018.31,5001401.856,20210301,20210301.0
2021-03-02,600309.SH,119.24,119.32,109.48,110.59,117.56,-6.969999999999999,-5.93,425592.49,5349493.517,20210302,20210302.0
2021-03-03,600309.SH,111.17,114.36,110.93,113.68,110.59,3.0900000000000034,2.79,237466.26,2971333.638,20210303,20210303.0
2021-03-04,600309.SH,111.43,112.65,102.32,103.27,113.68,-10.41000000000001,-9.16,442867.33,5167819.46,20210304,20210304.0
2021-03-05,600309.SH,102.29,103.87,99.08,99.18,103.27,-4.089999999999989,-3.96,408049.88,4541174.013,20210305,20210305.0
2021-03-08,600309.SH,101.63,105.99,97.31,97.46,99.18,-1.720000000000013,-1.73,379864.48,4259063.234,20210308,20210308.0
2021-03-09,600309.SH,95.84,99.0,93.95,93.96,97.46,-3.5,-3.59,350230.5,3762710.493,20210309,20210309.0
2021-03-10,600309.SH,96.75,100.11,96.46,98.4,93.96,4.440000000000012,4.73,333670.2,3623294.268,20210310,20210310.0
2021-03-11,600309.SH,99.32,102.6,97.84,100.04,98.4,1.6400000000000006,1.67,343933.78,3825254.516,20210311,20210311.0
2021-03-12,600309.SH,102.82,105.18,102.08,105.08,100.04,5.039999999999992,5.04,359709.64,4146974.762,20210312,20210312.0
2021-03-15,600309.SH,106.41,106.99,100.36,102.33,105.08,-2.75,-2.62,294936.75,3371744.875,20210315,20210315.0
2021-03-16,600309.SH,102.35,106.14,102.33,105.86,102.33,3.530000000000001,3.45,209525.31,2422179.792,20210316,20210316.0
2021-03-17,600309.SH,105.84,107.81,102.08,106.59,105.86,0.730000000000004,0.69,242101.32,2836473.964,20210317,20210317.0
2021-03-18,600309.SH,107.77,107.92,105.69,106.76,106.59,0.1700000000000017,0.16,171183.73,2028002.399,20210318,20210318.0
2021-03-19,600309.SH,103.7,105.4,101.09,104.1,106.76,-2.660000000000011,-2.49,205998.13,2359240.839,20210319,20210319.0
2021-03-22,600309.SH,103.05,104.69,97.88,99.64,104.1,-4.459999999999994,-4.28,302156.38,3344615.782,20210322,20210322.0
2021-03-23,600309.SH,100.0,100.06,93.2,97.56,99.64,-2.0799999999999983,-2.09,377521.57,4000646.495,20210323,20210323.0
2021-03-24,600309.SH,96.82,96.82,90.57,91.56,97.56,-6.0,-6.15,356970.9,3648649.391,20210324,20210324.0
2021-03-25,600309.SH,91.1,95.71,90.97,93.84,91.56,2.280000000000001,2.49,234429.34,2429984.075,20210325,20210325.0
2021-03-26,600309.SH,95.44,98.46,93.97,97.77,93.84,3.9299999999999926,4.19,210693.83,2254145.743,20210326,20210326.0
2021-03-29,600309.SH,98.82,102.82,97.3,100.44,97.77,2.6700000000000017,2.73,231129.08,2571465.136,20210329,20210329.0
2021-03-30,600309.SH,100.59,101.52,98.82,100.5,100.44,0.0600000000000022,0.06,149530.5,1661357.514,20210330,20210330.0
2021-03-31,600309.SH,98.56,99.28,94.0,95.39,100.5,-5.109999999999999,-5.08,285188.34,3019966.476,20210331,20210331.0
2021-04-01,600309.SH,96.11,97.38,94.88,97.34,95.39,1.9500000000000028,2.04,154280.8,1642603.535,20210401,20210401.0
2021-04-02,600309.SH,98.03,101.15,97.76,100.72,97.34,3.3799999999999955,3.47,174603.44,1927507.432,20210402,20210402.0
2021-04-06,600309.SH,101.22,101.44,96.07,96.87,100.72,-3.8499999999999934,-3.82,195041.41,2101106.128,20210406,20210406.0
2021-04-07,600309.SH,98.13,98.77,94.49,96.59,96.87,-0.2800000000000011,-0.29,179475.35,1915003.116,20210407,20210407.0
2021-04-08,600309.SH,96.67,99.23,94.86,98.57,96.59,1.9799999999999895,2.05,194667.29,2110484.584,20210408,20210408.0
2021-04-09,600309.SH,100.94,101.08,96.25,96.57,98.57,-2.0,-2.03,172698.69,1866110.73,20210409,20210409.0
2021-04-12,600309.SH,99.36,99.36,89.43,90.4,96.57,-6.169999999999988,-6.39,484016.07,4959682.658,20210412,20210412.0
2021-04-13,600309.SH,91.24,96.35,90.42,94.34,90.4,3.9399999999999977,4.36,355990.49,3709357.852,20210413,20210413.0
2021-04-14,600309.SH,94.34,95.99,93.6,95.13,94.34,0.789999999999992,0.84,167507.05,1758712.241,20210414,20210414.0
2021-04-15,600309.SH,95.75,96.04,92.41,94.42,95.13,-0.7099999999999937,-0.75,147256.86,1523916.139,20210415,20210415.0
2021-04-16,600309.SH,95.3,96.08,91.51,93.54,94.42,-0.8799999999999955,-0.93,186311.54,1931906.095,20210416,20210416.0
2021-04-19,600309.SH,93.22,97.92,91.63,97.51,93.54,3.969999999999999,4.24,269725.98,2873251.101,20210419,20210419.0
2021-04-20,600309.SH,96.75,102.26,96.69,101.19,97.51,3.6799999999999926,3.77,274250.68,3046520.448,20210420,20210420.0
2021-04-21,600309.SH,99.3,101.87,98.76,101.01,101.19,-0.1799999999999926,-0.18,189075.79,2100983.267,20210421,20210421.0
2021-04-22,600309.SH,101.8,102.13,97.38,99.01,101.01,-2.0,-1.98,149929.85,1642987.023,20210422,20210422.0
2021-04-23,600309.SH,98.99,101.68,98.15,100.38,99.01,1.3699999999999903,1.38,156664.53,1739191.327,20210423,20210423.0
2021-04-26,600309.SH,101.45,103.45,99.04,99.4,100.38,-0.9799999999999898,-0.98,187198.84,2073813.428,20210426,20210426.0
2021-04-27,600309.SH,99.54,99.83,96.92,98.18,99.4,-1.2199999999999989,-1.23,141733.51,1522102.49,20210427,20210427.0
2021-04-28,600309.SH,98.71,99.26,95.2,99.15,98.18,0.9699999999999988,0.99,136979.28,1464351.441,20210428,20210428.0
2021-04-29,600309.SH,97.8,97.81,95.06,96.42,99.15,-2.730000000000004,-2.75,256199.43,2698836.147,20210429,20210429.0
2021-04-30,600309.SH,95.53,96.08,92.87,93.91,96.42,-2.510000000000005,-2.6,253039.5,2604226.707,20210430,20210430.0
2021-05-06,600309.SH,93.23,97.07,93.18,95.86,93.91,1.9500000000000028,2.08,204123.05,2137367.765,20210506,20210506.0
2021-05-07,600309.SH,96.29,100.52,95.06,97.45,95.86,1.5900000000000034,1.66,255933.74,2754694.198,20210507,20210507.0
2021-05-10,600309.SH,99.52,99.6,93.6,94.75,97.45,-2.700000000000003,-2.77,217645.31,2263259.823,20210510,20210510.0
2021-05-11,600309.SH,93.69,95.47,91.4,95.17,94.75,0.4200000000000017,0.44,195985.1,2008746.346,20210511,20210511.0
2021-05-12,600309.SH,94.14,97.22,94.14,96.73,95.17,1.5600000000000025,1.64,135641.87,1421036.591,20210512,20210512.0
2021-05-13,600309.SH,95.78,95.85,90.28,91.17,96.73,-5.560000000000002,-5.75,345500.38,3474534.271,20210513,20210513.0
2021-05-14,600309.SH,91.18,94.57,90.86,94.51,91.17,3.3400000000000034,3.66,257750.97,2615018.211,20210514,20210514.0
2021-05-17,600309.SH,93.07,100.23,93.05,99.6,94.51,5.089999999999989,5.39,351710.93,3798963.811,20210517,20210517.0
2021-05-18,600309.SH,100.2,100.95,97.79,99.12,99.6,-0.4799999999999897,-0.48,132789.0,1441767.048,20210518,20210518.0
2021-05-19,600309.SH,99.17,100.09,97.24,99.08,99.12,-0.0400000000000062,-0.04,112531.63,1215541.363,20210519,20210519.0
2021-05-20,600309.SH,97.8,98.09,94.91,96.05,99.08,-3.030000000000001,-3.06,201603.69,2115489.248,20210520,20210520.0
2021-05-21,600309.SH,97.23,97.33,93.58,94.6,96.05,-1.4500000000000028,-1.51,161537.82,1673675.855,20210521,20210521.0
2021-05-24,600309.SH,94.6,95.32,92.95,95.12,94.6,0.5200000000000102,0.55,153070.16,1575413.625,20210524,20210524.0
2021-05-25,600309.SH,95.35,99.92,94.79,99.8,95.12,4.679999999999993,4.92,269025.67,2888485.455,20210525,20210525.0
2021-05-26,600309.SH,100.5,103.08,100.41,102.32,99.8,2.519999999999996,2.53,252849.21,2832068.142,20210526,20210526.0
2021-05-27,600309.SH,99.64,102.36,99.06,101.46,102.32,-0.8599999999999994,-0.84,197032.83,2172015.713,20210527,20210527.0
2021-05-28,600309.SH,101.91,102.92,99.24,99.9,101.46,-1.559999999999988,-1.54,169196.17,1868425.814,20210528,20210528.0
2021-05-31,600309.SH,99.63,99.9,97.81,99.43,99.9,-0.4699999999999988,-0.47,179748.49,1937659.613,20210531,20210531.0
2021-06-01,600309.SH,98.73,107.08,98.73,106.8,99.43,7.36999999999999,7.41,340423.77,3857601.441,20210601,20210601.0
2021-06-02,600309.SH,107.4,107.67,104.73,106.29,106.8,-0.5099999999999909,-0.48,190022.35,2204227.712,20210602,20210602.0
2021-06-03,600309.SH,106.29,107.03,103.14,103.27,106.29,-3.0200000000000102,-2.84,193027.85,2209339.956,20210603,20210603.0
2021-06-04,600309.SH,102.55,104.97,102.37,104.11,103.27,0.8400000000000034,0.81,174009.06,1971022.186,20210604,20210604.0
2021-06-07,600309.SH,104.25,104.84,102.6,103.93,104.11,-0.1799999999999926,-0.17,171093.52,1939196.405,20210607,20210607.0
2021-06-08,600309.SH,104.22,104.36,100.23,101.51,103.93,-2.4200000000000017,-2.33,188903.83,2102147.754,20210608,20210608.0
2021-06-09,600309.SH,100.54,104.93,100.27,104.93,101.51,3.4200000000000017,3.37,250510.57,2822110.92,20210609,20210609.0
2021-06-10,600309.SH,104.2,105.48,103.65,104.35,104.93,-0.5800000000000125,-0.55,187007.83,2139565.817,20210610,20210610.0
2021-06-11,600309.SH,104.61,107.03,103.85,104.93,104.35,0.5800000000000125,0.56,201707.83,2327775.133,20210611,20210611.0
2021-06-15,600309.SH,104.98,109.59,104.38,104.86,104.93,-0.0700000000000073,-0.07,216299.62,2521983.428,20210615,20210615.0
2021-06-16,600309.SH,105.21,107.75,100.41,100.55,104.86,-4.310000000000002,-4.11,247320.07,2786682.312,20210616,20210616.0
2021-06-17,600309.SH,99.12,100.69,97.1,98.54,100.55,-2.009999999999991,-2.0,222748.52,2400083.705,20210617,20210617.0
2021-06-18,600309.SH,98.44,98.44,93.87,95.24,98.54,-3.300000000000012,-3.35,338609.18,3524989.449,20210618,20210618.0
2021-06-21,600309.SH,94.57,96.29,93.87,95.97,95.24,0.730000000000004,0.77,180901.25,1880618.747,20210621,20210621.0
2021-06-22,600309.SH,96.89,98.95,96.89,97.55,95.97,1.5799999999999983,1.65,156959.03,1679189.435,20210622,20210622.0
2021-06-23,600309.SH,97.8,97.8,95.55,95.87,97.55,-1.6799999999999926,-1.72,163753.63,1724873.483,20210623,20210623.0
2021-06-24,600309.SH,96.23,96.43,94.65,95.96,95.87,0.0899999999999892,0.09,110453.06,1155198.087,20210624,20210624.0
2021-06-25,600309.SH,95.66,100.52,95.66,100.09,95.96,4.13000000000001,4.3,255554.06,2750987.922,20210625,20210625.0
2021-06-28,600309.SH,100.54,100.91,97.8,98.96,100.09,-1.1300000000000097,-1.13,177660.93,1919128.084,20210628,20210628.0
2021-06-29,600309.SH,97.99,99.44,97.85,98.51,98.96,-0.4499999999999886,-0.45,134920.48,1453951.456,20210629,20210629.0
2021-06-30,600309.SH,98.51,100.71,97.9,99.47,98.51,0.9599999999999936,0.97,140679.21,1527716.235,20210630,20210630.0
2021-07-01,600309.SH,100.07,100.07,95.98,97.79,99.47,-1.6799999999999926,-1.69,158233.34,1683040.282,20210701,20210701.0
2021-07-02,600309.SH,96.44,97.34,94.67,95.01,97.79,-2.780000000000001,-2.84,174884.11,1820582.521,20210702,20210702.0
2021-07-05,600309.SH,96.11,103.1,95.97,102.98,95.01,7.969999999999999,8.39,477803.81,5259135.72,20210705,20210705.0
2021-07-06,600309.SH,104.2,108.77,104.2,108.68,102.98,5.700000000000003,5.54,408949.21,4787841.858,20210706,20210706.0
2021-07-07,600309.SH,106.94,108.91,105.82,108.68,108.68,0.0,0.0,281175.84,3314160.047,20210707,20210707.0
2021-07-08,600309.SH,109.07,113.03,108.92,109.59,108.68,0.9099999999999966,0.84,252155.63,3049427.277,20210708,20210708.0
2021-07-09,600309.SH,112.66,114.83,109.05,113.93,109.59,4.340000000000003,3.96,347375.22,4279713.143,20210709,20210709.0
2021-07-12,600309.SH,115.2,120.47,114.84,116.47,113.93,2.539999999999992,2.23,390208.57,5021198.507,20210712,20210712.0
2021-07-13,600309.SH,116.47,118.39,114.16,115.49,116.47,-0.980000000000004,-0.84,240314.24,3051878.037,20210713,20210713.0
2021-07-14,600309.SH,116.91,117.13,113.43,114.62,115.49,-0.8699999999999903,-0.75,163712.85,2058085.546,20210714,20210714.0
2021-07-15,600309.SH,115.54,120.29,115.08,118.32,114.62,3.6999999999999886,3.23,262129.23,3394212.532,20210715,20210715.0
2021-07-16,600309.SH,119.74,120.25,113.56,114.15,118.32,-4.169999999999988,-3.52,253676.65,3219893.549,20210716,20210716.0
2021-07-19,600309.SH,115.12,115.42,111.7,113.84,114.15,-0.3100000000000023,-0.27,179229.28,2225083.168,20210719,20210719.0
2021-07-20,600309.SH,111.33,111.33,108.02,110.07,113.84,-3.77000000000001,-3.31,260281.33,3119004.713,20210720,20210720.0
2021-07-21,600309.SH,111.4,112.33,109.91,111.31,110.07,1.240000000000009,1.13,199924.81,2432673.886,20210721,20210721.0
2021-07-22,600309.SH,112.12,114.7,111.21,112.06,111.31,0.75,0.67,207848.81,2560166.973,20210722,20210722.0
2021-07-23,600309.SH,112.61,113.7,108.59,108.68,112.06,-3.3799999999999955,-3.02,232451.37,2800000.481,20210723,20210723.0
2021-07-26,600309.SH,110.14,111.06,104.19,107.11,108.68,-1.5700000000000074,-1.44,209479.65,2465988.9,20210726,20210726.0
2021-07-27,600309.SH,108.45,108.77,102.15,102.32,107.11,-4.790000000000006,-4.47,245397.34,2827706.747,20210727,20210727.0
2021-07-28,600309.SH,101.46,102.32,98.01,99.49,102.32,-2.8299999999999983,-2.77,307526.94,3362936.135,20210728,20210728.0
2021-07-29,600309.SH,102.19,105.11,99.04,104.68,99.49,5.190000000000012,5.22,330380.51,3698632.665,20210729,20210729.0
2021-07-30,600309.SH,106.49,106.58,101.99,103.94,104.68,-0.7400000000000091,-0.71,284851.7,3233429.6,20210730,20210730.0
2021-08-02,600309.SH,103.18,110.14,102.84,109.68,103.94,5.740000000000009,5.52,319900.03,3759386.417,20210802,20210802.0
2021-08-03,600309.SH,110.14,110.95,106.7,110.23,109.68,0.5499999999999972,0.5,222120.54,2651090.522,20210803,20210803.0
2021-08-04,600309.SH,108.78,110.22,106.92,108.93,110.23,-1.2999999999999972,-1.18,174465.83,2066613.283,20210804,20210804.0
2021-08-05,600309.SH,108.18,108.18,104.49,105.8,108.93,-3.1300000000000097,-2.87,215172.31,2496831.487,20210805,20210805.0
2021-08-06,600309.SH,106.48,106.48,102.13,102.83,105.8,-2.969999999999999,-2.81,229405.72,2585373.331,20210806,20210806.0
2021-08-09,600309.SH,103.18,105.56,101.91,104.49,102.83,1.6599999999999966,1.61,201603.78,2291843.97,20210809,20210809.0
2021-08-10,600309.SH,103.3,104.57,102.08,104.0,104.49,-0.4899999999999949,-0.47,182311.71,2056378.505,20210810,20210810.0
2021-08-11,600309.SH,104.21,106.02,102.55,102.92,104.0,-1.0799999999999983,-1.04,158705.63,1801107.551,20210811,20210811.0
2021-08-12,600309.SH,103.19,103.47,99.95,100.62,102.92,-2.299999999999997,-2.23,233963.99,2584966.069,20210812,20210812.0
2021-08-13,600309.SH,101.09,105.11,100.62,103.74,100.62,3.1199999999999903,3.1,264387.25,2994860.36,20210813,20210813.0
2021-08-16,600309.SH,104.81,106.45,102.57,104.75,103.74,1.0100000000000051,0.97,290854.02,3341219.667,20210816,20210816.0
2021-08-17,600309.SH,104.91,105.79,101.09,101.47,104.75,-3.280000000000001,-3.13,209880.28,2373824.624,20210817,20210817.0
2021-08-18,600309.SH,101.55,102.18,99.07,100.22,101.47,-1.25,-1.23,145751.63,1597483.542,20210818,20210818.0
2021-08-19,600309.SH,99.66,99.66,96.66,97.78,100.22,-2.4399999999999977,-2.43,264599.11,2820304.336,20210819,20210819.0
2021-08-20,600309.SH,97.78,98.51,92.96,95.85,97.78,-1.9300000000000068,-1.97,277955.31,2901920.99,20210820,20210820.0
2021-08-23,600309.SH,95.85,97.72,95.12,96.98,95.85,1.1300000000000097,1.18,176267.38,1862672.556,20210823,20210823.0
2021-08-24,600309.SH,97.0,98.42,96.29,97.78,96.98,0.7999999999999972,0.82,190082.29,2027344.115,20210824,20210824.0
2021-08-25,600309.SH,98.44,98.44,95.47,96.99,97.78,-0.7900000000000063,-0.81,204570.24,2169381.048,20210825,20210825.0
2021-08-26,600309.SH,97.14,99.44,95.52,97.42,96.99,0.4300000000000068,0.44,201551.33,2148669.641,20210826,20210826.0
2021-08-27,600309.SH,96.89,97.2,95.15,95.7,97.42,-1.7199999999999989,-1.77,201678.49,2110554.328,20210827,20210827.0
2021-08-30,600309.SH,96.07,99.05,96.05,97.67,95.7,1.9699999999999989,2.06,209559.9,2237203.729,20210830,20210830.0
2021-08-31,600309.SH,99.12,99.61,95.84,97.53,97.67,-0.1400000000000005,-0.14,197366.71,2096143.306,20210831,20210831.0
2021-09-01,600309.SH,98.17,98.29,95.31,97.8,97.53,0.269999999999996,0.28,220595.96,2337825.337,20210901,20210901.0
2021-09-02,600309.SH,96.89,98.0,95.61,96.07,97.8,-1.730000000000004,-1.77,241023.83,2544445.106,20210902,20210902.0
2021-09-03,600309.SH,96.39,96.43,93.24,94.01,96.07,-2.059999999999988,-2.14,234843.3,2419447.975,20210903,20210903.0
2021-09-06,600309.SH,93.31,96.12,93.31,95.6,94.01,1.5899999999999892,1.69,189838.41,1970233.247,20210906,20210906.0
2021-09-07,600309.SH,95.52,98.3,94.31,97.83,95.6,2.230000000000004,2.33,227362.35,2408140.151,20210907,20210907.0
2021-09-08,600309.SH,96.89,100.25,96.52,99.1,97.83,1.269999999999996,1.3,260921.93,2815875.034,20210908,20210908.0
2021-09-09,600309.SH,98.56,100.07,95.5,96.52,99.1,-2.5799999999999983,-2.6,235099.65,2501945.401,20210909,20210909.0
2021-09-10,600309.SH,96.52,97.34,95.7,96.11,96.52,-0.4099999999999966,-0.42,147515.4,1555137.77,20210910,20210910.0
2021-09-13,600309.SH,96.42,105.73,96.11,105.73,96.11,9.620000000000005,10.01,556707.46,6257522.472,20210913,20210913.0
2021-09-14,600309.SH,106.76,107.24,102.22,102.57,105.73,-3.160000000000011,-2.99,410017.87,4670680.731,20210914,20210914.0
2021-09-15,600309.SH,102.55,102.57,97.64,101.1,102.57,-1.4699999999999989,-1.43,330455.7,3605691.407,20210915,20210915.0
2021-09-16,600309.SH,101.46,105.47,101.17,101.87,101.1,0.7700000000000102,0.76,306899.78,3475437.995,20210916,20210916.0
2021-09-17,600309.SH,101.87,102.83,99.79,102.4,101.87,0.5300000000000011,0.52,163602.71,1818756.519,20210917,20210917.0
2021-09-22,600309.SH,100.55,102.23,98.67,101.52,102.4,-0.8800000000000097,-0.86,142701.63,1562882.296,20210922,20210922.0
2021-09-23,600309.SH,101.98,102.74,97.8,98.11,101.52,-3.4099999999999966,-3.36,195199.65,2129049.036,20210923,20210923.0
2021-09-24,600309.SH,98.19,98.26,95.57,95.73,98.11,-2.3799999999999955,-2.43,227793.15,2396622.622,20210924,20210924.0
2021-09-27,600309.SH,95.91,96.82,93.29,94.28,95.73,-1.4500000000000028,-1.51,220952.48,2284667.07,20210927,20210927.0
2021-09-28,600309.SH,94.48,97.23,93.83,96.75,94.28,2.469999999999999,2.62,171618.59,1795973.213,20210928,20210928.0
2021-09-29,600309.SH,96.09,98.34,94.77,97.08,96.75,0.3299999999999983,0.34,175146.94,1860212.541,20210929,20210929.0
2021-09-30,600309.SH,97.09,98.09,96.15,97.57,97.08,0.4899999999999949,0.5,130729.87,1386812.595,20210930,20210930.0
2021-10-08,600309.SH,99.61,99.79,97.17,98.11,97.57,0.5400000000000063,0.55,132488.34,1422260.14,20211008,20211008.0
2021-10-11,600309.SH,98.38,99.49,96.48,97.07,98.11,-1.0400000000000065,-1.06,117910.87,1261178.733,20211011,20211011.0
2021-10-12,600309.SH,97.19,97.19,95.06,95.64,97.07,-1.4299999999999926,-1.47,123773.12,1293765.874,20211012,20211012.0
2021-10-13,600309.SH,95.68,96.31,93.97,94.72,95.64,-0.9200000000000016,-0.96,130807.64,1356611.479,20211013,20211013.0
2021-10-14,600309.SH,94.72,97.57,94.72,95.94,94.72,1.2199999999999989,1.29,117632.8,1237072.237,20211014,20211014.0
2021-10-15,600309.SH,95.06,96.54,94.88,95.95,95.94,0.0100000000000051,0.01,107933.79,1131329.969,20211015,20211015.0
2021-10-18,600309.SH,96.47,97.1,94.06,95.74,95.95,-0.2100000000000079,-0.22,126995.75,1324837.793,20211018,20211018.0
2021-10-19,600309.SH,96.01,101.38,95.97,99.5,95.74,3.760000000000005,3.93,339396.13,3683408.603,20211019,20211019.0
2021-10-20,600309.SH,100.54,104.02,98.62,98.8,99.5,-0.7000000000000028,-0.7,318394.81,3524404.741,20211020,20211020.0
2021-10-21,600309.SH,99.63,102.98,99.32,102.14,98.8,3.3400000000000034,3.38,267661.09,2981817.058,20211021,20211021.0
2021-10-22,600309.SH,102.36,102.87,100.22,101.49,102.14,-0.6500000000000057,-0.64,156188.89,1730561.399,20211022,20211022.0
2021-10-25,600309.SH,101.05,102.36,99.74,101.11,101.49,-0.3799999999999954,-0.37,161649.5,1782431.186,20211025,20211025.0
2021-10-26,600309.SH,102.08,102.37,99.65,99.87,101.11,-1.2399999999999949,-1.23,128855.33,1417846.121,20211026,20211026.0
2021-10-27,600309.SH,99.87,99.88,96.23,96.8,99.87,-3.0700000000000074,-3.07,192438.02,2048974.627,20211027,20211027.0
2021-10-28,600309.SH,97.2,97.68,94.77,95.52,96.8,-1.2800000000000011,-1.32,177829.71,1864512.599,20211028,20211028.0
2021-10-29,600309.SH,95.52,96.68,95.05,96.4,95.52,0.8800000000000097,0.92,148893.88,1563544.37,20211029,20211029.0
2021-11-01,600309.SH,96.07,97.45,94.93,95.43,96.4,-0.9699999999999988,-1.01,171467.28,1794735.956,20211101,20211101.0
2021-11-02,600309.SH,95.43,95.97,93.4,95.04,95.43,-0.3900000000000005,-0.41,223862.61,2317159.649,20211102,20211102.0
2021-11-03,600309.SH,94.69,94.86,93.12,93.75,95.04,-1.2900000000000065,-1.36,172136.32,1761693.791,20211103,20211103.0
2021-11-04,600309.SH,94.05,94.84,93.26,94.4,93.75,0.6500000000000057,0.69,122516.62,1263325.101,20211104,20211104.0
2021-11-05,600309.SH,94.35,94.69,91.4,91.92,94.4,-2.480000000000004,-2.63,272588.63,2749851.151,20211105,20211105.0
2021-11-08,600309.SH,91.29,92.82,89.65,91.85,91.92,-0.0700000000000073,-0.08,142571.37,1424821.25,20211108,20211108.0
2021-11-09,600309.SH,91.86,92.3,87.67,88.35,91.85,-3.5,-3.81,312777.84,3055020.769,20211109,20211109.0
2021-11-10,600309.SH,87.76,89.05,85.37,88.97,88.35,0.6200000000000045,0.7,223821.24,2132816.227,20211110,20211110.0
2021-11-11,600309.SH,87.77,90.69,87.3,90.38,88.97,1.4099999999999966,1.58,146257.61,1429802.01,20211111,20211111.0
2021-11-12,600309.SH,90.49,90.76,88.84,90.05,90.38,-0.3299999999999983,-0.37,106582.8,1046883.046,20211112,20211112.0
2021-11-15,600309.SH,90.02,90.54,87.62,89.14,90.05,-0.9099999999999966,-1.01,126826.7,1229128.48,20211115,20211115.0
2021-11-16,600309.SH,89.44,89.83,88.55,88.89,89.14,-0.25,-0.28,86404.77,843432.26,20211116,20211116.0
2021-11-17,600309.SH,88.84,90.95,88.81,89.95,88.89,1.0600000000000025,1.19,122053.41,1203292.386,20211117,20211117.0
2021-11-18,600309.SH,90.2,90.31,89.12,89.21,89.95,-0.7400000000000091,-0.82,92494.84,905243.064,20211118,20211118.0
2021-11-19,600309.SH,89.47,92.42,89.24,91.62,89.21,2.410000000000011,2.7,144446.34,1436777.135,20211119,20211119.0
2021-11-22,600309.SH,91.62,92.0,90.35,91.4,91.62,-0.2199999999999988,-0.24,112661.03,1124321.471,20211122,20211122.0
2021-11-23,600309.SH,91.4,91.4,89.85,90.31,91.4,-1.0900000000000034,-1.19,131945.37,1305059.696,20211123,20211123.0
2021-11-24,600309.SH,90.57,90.57,89.18,89.82,90.31,-0.4900000000000091,-0.54,86451.93,848568.984,20211124,20211124.0
2021-11-25,600309.SH,89.41,89.74,88.45,88.64,89.82,-1.1799999999999926,-1.31,116298.48,1129244.644,20211125,20211125.0
2021-11-26,600309.SH,88.15,89.48,87.76,88.15,88.64,-0.4899999999999949,-0.55,89909.95,870005.066,20211126,20211126.0
2021-11-29,600309.SH,86.65,88.15,86.38,86.83,88.15,-1.3200000000000074,-1.5,174113.61,1656490.576,20211129,20211129.0
2021-11-30,600309.SH,86.74,88.0,86.47,87.52,86.83,0.6899999999999977,0.79,119079.63,1138759.61,20211130,20211130.0
2021-12-01,600309.SH,87.64,88.39,86.38,86.83,87.52,-0.6899999999999977,-0.79,119370.47,1132734.467,20211201,20211201.0
2021-12-02,600309.SH,86.54,87.98,86.01,87.01,86.83,0.1800000000000068,0.21,127699.46,1213698.366,20211202,20211202.0
2021-12-03,600309.SH,86.66,87.11,85.52,86.85,87.01,-0.1600000000000108,-0.18,117381.54,1108207.66,20211203,20211203.0
2021-12-06,600309.SH,87.11,91.86,87.11,89.27,86.85,2.4200000000000017,2.79,234682.51,2301889.701,20211206,20211206.0
2021-12-07,600309.SH,90.02,91.66,89.15,90.95,89.27,1.6800000000000068,1.88,205624.85,2044034.279,20211207,20211207.0
2021-12-08,600309.SH,91.95,92.3,90.57,91.4,90.95,0.4500000000000028,0.49,151526.42,1513601.581,20211208,20211208.0
2021-12-09,600309.SH,91.4,94.49,90.99,94.01,91.4,2.6099999999999994,2.86,239412.09,2450971.77,20211209,20211209.0
2021-12-10,600309.SH,93.23,94.84,92.65,93.78,94.01,-0.2300000000000039,-0.24,162423.7,1665574.751,20211210,20211210.0
2021-12-13,600309.SH,95.61,101.97,95.61,97.62,93.78,3.8400000000000034,4.09,473738.65,5139860.779,20211213,20211213.0
2021-12-14,600309.SH,96.89,97.98,94.64,95.7,97.62,-1.9200000000000017,-1.97,177694.09,1869586.545,20211214,20211214.0
2021-12-15,600309.SH,95.53,96.78,93.99,94.31,95.7,-1.3900000000000006,-1.45,131406.55,1365905.669,20211215,20211215.0
2021-12-16,600309.SH,95.02,95.43,94.15,95.05,94.31,0.7399999999999949,0.78,93553.61,970479.787,20211216,20211216.0
2021-12-17,600309.SH,95.38,96.68,94.19,94.28,95.05,-0.769999999999996,-0.81,108492.98,1127474.874,20211217,20211217.0
2021-12-20,600309.SH,93.48,94.27,91.69,92.23,94.28,-2.049999999999997,-2.17,145504.7,1471517.179,20211220,20211220.0
2021-12-21,600309.SH,91.77,93.83,91.76,93.0,92.23,0.769999999999996,0.83,87601.47,892821.144,20211221,20211221.0
2021-12-22,600309.SH,93.05,93.42,91.66,92.77,93.0,-0.2300000000000039,-0.25,89042.37,901532.889,20211222,20211222.0
2021-12-23,600309.SH,92.94,94.07,92.65,93.82,92.77,1.0499999999999972,1.13,78870.0,805437.092,20211223,20211223.0
2021-12-24,600309.SH,94.04,94.12,91.95,92.55,93.82,-1.269999999999996,-1.35,72930.21,740061.659,20211224,20211224.0
2021-12-27,600309.SH,93.14,93.41,92.38,92.91,92.55,0.3599999999999994,0.39,61599.1,626360.711,20211227,20211227.0
2021-12-28,600309.SH,92.39,93.51,92.21,93.12,92.91,0.2100000000000079,0.23,68757.01,700760.468,20211228,20211228.0
2021-12-29,600309.SH,93.51,93.73,92.04,93.13,93.12,0.0099999999999909,0.01,77944.61,792420.32,20211229,20211229.0
2021-12-30,600309.SH,93.13,93.15,90.63,92.06,93.13,-1.0699999999999932,-1.15,122422.63,1232981.493,20211230,20211230.0
2021-12-31,600309.SH,92.06,92.92,91.31,92.32,92.06,0.2599999999999909,0.28,89415.07,901404.281,20211231,20211231.0
2022-01-04,600309.SH,92.36,92.8,90.29,91.45,92.32,-0.8699999999999903,-0.94,141545.23,1410441.164,20220104,20220104.0
2022-01-05,600309.SH,91.21,94.6,90.95,91.91,91.45,0.4599999999999937,0.5,133877.36,1360959.621,20220105,20220105.0
2022-01-06,600309.SH,91.42,93.95,91.4,92.27,91.91,0.3599999999999994,0.39,103596.34,1048617.28,20220106,20220106.0
2022-01-07,600309.SH,92.28,95.16,91.95,94.01,92.27,1.740000000000009,1.89,136442.6,1405192.082,20220107,20220107.0
2022-01-10,600309.SH,94.15,95.02,91.78,92.04,94.01,-1.9699999999999989,-2.1,126873.01,1284514.554,20220110,20220110.0
2022-01-11,600309.SH,91.57,92.13,89.58,89.76,92.04,-2.280000000000001,-2.48,118939.75,1177831.807,20220111,20220111.0
2022-01-12,600309.SH,89.74,91.01,88.68,90.66,89.76,0.8999999999999915,1.0,91404.42,899426.014,20220112,20220112.0
2022-01-13,600309.SH,90.22,91.04,88.55,88.73,90.66,-1.9299999999999928,-2.13,90773.09,888842.731,20220113,20220113.0
2022-01-14,600309.SH,88.69,89.47,87.2,87.84,88.73,-0.8900000000000006,-1.0,90253.3,870538.01,20220114,20220114.0
2022-01-17,600309.SH,88.02,88.64,87.13,87.32,87.84,-0.5200000000000102,-0.59,92002.4,882592.855,20220117,20220117.0
2022-01-18,600309.SH,88.01,90.75,87.93,90.31,87.32,2.990000000000009,3.42,179503.05,1758255.774,20220118,20220118.0
2022-01-19,600309.SH,90.12,90.18,87.77,88.18,90.31,-2.1299999999999955,-2.36,130630.64,1266282.776,20220119,20220119.0
2022-01-20,600309.SH,88.2,88.48,86.65,87.13,88.18,-1.0500000000000114,-1.19,113035.2,1078281.564,20220120,20220120.0
2022-01-21,600309.SH,87.02,87.18,84.92,85.62,87.13,-1.509999999999991,-1.73,133166.23,1248622.03,20220121,20220121.0
2022-01-24,600309.SH,85.28,85.49,83.45,85.4,85.62,-0.2199999999999988,-0.26,86861.15,805439.072,20220124,20220124.0
2022-01-25,600309.SH,84.98,85.33,82.79,82.81,85.4,-2.5900000000000034,-3.03,117104.58,1075534.996,20220125,20220125.0
2022-01-26,600309.SH,82.87,84.09,82.87,83.54,82.81,0.730000000000004,0.88,72607.54,664029.857,20220126,20220126.0
2022-01-27,600309.SH,84.12,85.01,83.22,84.12,83.54,0.5799999999999983,0.69,113264.15,1043710.567,20220127,20220127.0
2022-01-28,600309.SH,84.24,85.01,82.42,82.58,84.12,-1.5400000000000065,-1.83,114276.89,1039922.371,20220128,20220128.0
2022-02-07,600309.SH,83.13,85.44,82.99,84.67,82.58,2.0900000000000034,2.53,99522.1,919957.855,20220207,20220207.0
2022-02-08,600309.SH,84.27,85.93,83.73,85.92,84.67,1.25,1.48,103461.06,962535.687,20220208,20220208.0
2022-02-09,600309.SH,85.98,87.44,85.98,86.73,85.92,0.8100000000000023,0.94,109506.3,1040682.445,20220209,20220209.0
2022-02-10,600309.SH,87.05,89.44,86.45,88.3,86.73,1.5699999999999932,1.81,164161.16,1587332.61,20220210,20220210.0
2022-02-11,600309.SH,88.78,92.3,87.94,89.7,88.3,1.4000000000000057,1.59,198291.71,1962800.591,20220211,20220211.0
2022-02-14,600309.SH,88.66,91.63,88.52,90.6,89.7,0.8999999999999915,1.0,143407.93,1425114.256,20220214,20220214.0
2022-02-15,600309.SH,90.76,91.12,88.49,88.83,90.6,-1.769999999999996,-1.95,92990.41,907907.313,20220215,20220215.0
2022-02-16,600309.SH,89.48,90.47,87.84,89.12,88.83,0.2900000000000062,0.33,85487.05,833381.103,20220216,20220216.0
2022-02-17,600309.SH,89.46,89.89,88.08,89.38,89.12,0.2599999999999909,0.29,68651.97,671236.667,20220217,20220217.0
2022-02-18,600309.SH,88.97,90.03,88.53,89.96,89.38,0.5799999999999983,0.65,71969.84,703800.098,20220218,20220218.0
2022-02-21,600309.SH,89.4,90.89,88.82,89.64,89.96,-0.3199999999999932,-0.36,67815.85,664321.395,20220221,20220221.0
2022-02-22,600309.SH,88.8,89.26,87.16,87.93,89.64,-1.7099999999999935,-1.91,103969.21,999409.52,20220222,20220222.0
2022-02-23,600309.SH,88.62,88.66,86.38,87.11,87.93,-0.8200000000000074,-0.93,115211.67,1097414.61,20220223,20220223.0
2022-02-24,600309.SH,87.06,87.06,84.58,85.56,87.11,-1.5499999999999972,-1.78,126292.8,1183662.727,20220224,20220224.0
2022-02-25,600309.SH,86.07,87.91,86.02,86.38,85.56,0.8199999999999932,0.96,100309.36,953944.52,20220225,20220225.0
2022-02-28,600309.SH,86.83,88.05,86.23,86.65,86.38,0.2700000000000102,0.31,82881.83,787423.528,20220228,20220228.0
2022-03-01,600309.SH,86.7,87.24,84.85,85.99,86.65,-0.6600000000000108,-0.76,106204.18,995120.57,20220301,20220301.0
2022-03-02,600309.SH,85.92,86.62,85.01,85.09,85.99,-0.8999999999999915,-1.05,70872.21,662639.514,20220302,20220302.0
2022-03-03,600309.SH,85.12,87.28,85.11,85.68,85.09,0.5900000000000034,0.69,92800.85,873784.338,20220303,20220303.0
2022-03-04,600309.SH,85.53,85.65,83.31,83.61,85.68,-2.0700000000000074,-2.42,139373.49,1279538.892,20220304,20220304.0
2022-03-07,600309.SH,82.95,83.62,79.38,79.57,83.61,-4.040000000000006,-4.83,206360.81,1831700.242,20220307,20220307.0
2022-03-08,600309.SH,79.52,80.88,77.48,78.09,79.57,-1.4799999999999898,-1.86,163748.24,1416733.846,20220308,20220308.0
2022-03-09,600309.SH,79.39,79.66,73.42,76.41,78.09,-1.6800000000000068,-2.15,201646.24,1687613.703,20220309,20220309.0
2022-03-10,600309.SH,77.73,78.91,75.86,76.8,76.41,0.3900000000000005,0.51,217605.07,1841884.438,20220310,20220310.0
2022-03-11,600309.SH,75.86,76.14,74.01,75.69,76.8,-1.1099999999999994,-1.45,189313.29,1553884.764,20220311,20220311.0
2022-03-14,600309.SH,74.31,75.8,73.34,73.43,75.69,-2.259999999999991,-2.99,166502.25,1354026.726,20220314,20220314.0
2022-03-15,600309.SH,72.76,72.76,69.06,69.06,73.43,-4.3700000000000045,-5.95,269423.73,2086406.053,20220315,20220315.0
2022-03-16,600309.SH,70.29,71.98,67.18,71.59,69.06,2.530000000000001,3.66,280957.64,2146713.537,20220316,20220316.0
2022-03-17,600309.SH,72.67,74.84,72.3,73.62,71.59,2.030000000000001,2.84,253459.44,2045119.109,20220317,20220317.0
2022-03-18,600309.SH,74.02,74.78,72.33,74.15,73.62,0.5300000000000011,0.72,155145.64,1252171.217,20220318,20220318.0
2022-03-21,600309.SH,74.16,74.2,71.61,72.89,74.15,-1.2600000000000051,-1.7,171203.83,1364555.297,20220321,20220321.0
2022-03-22,600309.SH,72.91,74.58,72.03,72.25,72.89,-0.6400000000000006,-0.88,127255.81,1014713.518,20220322,20220322.0
2022-03-23,600309.SH,72.12,73.65,72.09,73.21,72.25,0.9599999999999936,1.33,123000.76,981657.6,20220323,20220323.0
2022-03-24,600309.SH,73.1,73.75,72.08,73.21,73.21,0.0,0.0,95711.3,763792.948,20220324,20220324.0
2022-03-25,600309.SH,72.22,74.03,71.06,71.16,73.21,-2.049999999999997,-2.8,120686.29,952428.494,20220325,20220325.0
2022-03-28,600309.SH,70.65,71.75,69.6,71.43,71.16,0.2700000000000102,0.38,92932.47,719129.614,20220328,20220328.0
2022-03-29,600309.SH,71.29,71.85,70.41,71.44,71.43,0.0099999999999909,0.01,85189.72,663519.729,20220329,20220329.0
2022-03-30,600309.SH,72.14,75.15,72.14,74.86,71.44,3.4200000000000017,4.79,165094.25,1333166.769,20220330,20220330.0
2022-03-31,600309.SH,74.4,74.82,73.44,73.94,74.86,-0.9200000000000016,-1.23,76964.85,623029.777,20220331,20220331.0
2022-04-01,600309.SH,73.73,79.92,73.31,78.63,73.94,4.689999999999998,6.34,312127.83,2654763.746,20220401,20220401.0
2022-04-06,600309.SH,78.04,80.18,77.77,79.23,78.63,0.6000000000000085,0.76,175051.94,1518006.099,20220406,20220406.0
2022-04-07,600309.SH,78.24,81.55,78.23,80.07,79.23,0.8399999999999892,1.06,189295.76,1667539.556,20220407,20220407.0
2022-04-08,600309.SH,79.43,81.52,79.43,80.91,80.07,0.8400000000000034,1.05,168421.02,1484911.227,20220408,20220408.0
2022-04-11,600309.SH,80.91,81.61,79.98,80.64,80.91,-0.269999999999996,-0.33,149863.18,1325241.493,20220411,20220411.0
2022-04-12,600309.SH,79.97,80.77,77.6,79.52,80.64,-1.1200000000000043,-1.39,125884.89,1094274.034,20220412,20220412.0
2022-04-13,600309.SH,79.49,80.21,78.66,79.16,79.52,-0.3599999999999994,-0.45,83577.19,725566.116,20220413,20220413.0
2022-04-14,600309.SH,79.41,80.68,78.93,79.16,79.16,0.0,0.0,98622.43,860160.163,20220414,20220414.0
2022-04-15,600309.SH,79.8,79.8,77.26,77.37,79.16,-1.789999999999992,-2.26,114082.4,972974.694,20220415,20220415.0
2022-04-18,600309.SH,76.78,77.28,76.23,76.59,77.37,-0.7800000000000011,-1.01,72765.27,609949.817,20220418,20220418.0
2022-04-19,600309.SH,76.23,77.05,74.45,75.44,76.59,-1.1500000000000057,-1.5,119383.98,986425.101,20220419,20220419.0
2022-04-20,600309.SH,75.58,76.05,73.12,73.42,75.44,-2.019999999999996,-2.68,110381.36,893680.138,20220420,20220420.0
2022-04-21,600309.SH,73.12,74.22,72.77,73.12,73.42,-0.2999999999999971,-0.41,106085.06,852150.333,20220421,20220421.0
2022-04-22,600309.SH,72.86,73.23,71.5,72.95,73.12,-0.1700000000000017,-0.23,124812.49,989744.581,20220422,20220422.0
2022-04-25,600309.SH,72.48,72.66,69.03,69.03,72.95,-3.9200000000000017,-5.37,153877.35,1190376.999,20220425,20220425.0
2022-04-26,600309.SH,68.57,71.61,67.41,70.65,69.03,1.6200000000000043,2.35,199095.57,1524199.537,20220426,20220426.0
2022-04-27,600309.SH,70.12,72.59,70.11,72.01,70.65,1.3599999999999994,1.92,180276.51,1408029.822,20220427,20220427.0
2022-04-28,600309.SH,71.93,73.18,71.11,73.1,72.01,1.0899999999999892,1.51,134342.23,1059221.002,20220428,20220428.0
2022-04-29,600309.SH,73.6,74.89,71.92,73.45,73.1,0.3500000000000085,0.48,131074.64,1018552.893,20220429,20220429.0
2022-05-05,600309.SH,74.96,77.93,74.19,77.08,73.45,3.629999999999996,4.94,201543.47,1634436.999,20220505,20220505.0
2022-05-06,600309.SH,76.22,76.28,74.37,75.01,77.08,-2.069999999999993,-2.69,107685.25,860714.641,20220506,20220506.0
2022-05-09,600309.SH,74.44,75.06,73.41,74.35,75.01,-0.6600000000000108,-0.88,74032.54,581047.711,20220509,20220509.0
2022-05-10,600309.SH,73.88,74.79,71.81,73.56,74.35,-0.789999999999992,-1.06,117495.82,912858.8,20220510,20220510.0
2022-05-11,600309.SH,73.59,78.46,73.59,77.47,73.56,3.9099999999999966,5.32,222281.6,1818666.683,20220511,20220511.0
2022-05-12,600309.SH,77.36,79.33,76.92,77.7,77.47,0.2300000000000039,0.3,109192.46,904885.677,20220512,20220512.0
2022-05-13,600309.SH,78.95,78.96,76.72,77.36,77.7,-0.3400000000000034,-0.44,66153.94,543561.889,20220513,20220513.0
2022-05-16,600309.SH,77.97,79.5,77.18,77.18,77.36,-0.1799999999999926,-0.23,82654.44,683970.709,20220516,20220516.0
2022-05-17,600309.SH,77.84,78.22,76.45,77.78,77.18,0.5999999999999943,0.78,65954.68,541004.003,20220517,20220517.0
2022-05-18,600309.SH,77.94,79.07,77.18,78.67,77.78,0.8900000000000006,1.14,81717.03,677244.366,20220518,20220518.0
2022-05-19,600309.SH,77.45,77.65,75.95,76.8,78.67,-1.8700000000000043,-2.38,93459.62,759623.446,20220519,20220519.0
2022-05-20,600309.SH,77.35,79.71,76.96,79.43,76.8,2.6300000000000097,3.42,150346.53,1258763.945,20220520,20220520.0
2022-05-23,600309.SH,79.43,79.67,77.84,78.45,79.43,-0.980000000000004,-1.23,72761.91,605507.665,20220523,20220523.0
2022-05-24,600309.SH,78.35,79.96,77.33,77.4,78.45,-1.0499999999999972,-1.34,82424.24,685714.202,20220524,20220524.0
2022-05-25,600309.SH,78.36,78.48,76.97,77.66,77.4,0.2599999999999909,0.34,61039.37,502538.842,20220525,20220525.0
2022-05-26,600309.SH,77.84,79.26,76.8,78.41,77.66,0.75,0.97,75126.42,621218.326,20220526,20220526.0
2022-05-27,600309.SH,79.25,80.55,78.49,78.79,78.41,0.3800000000000096,0.48,113280.96,956952.72,20220527,20220527.0
2022-05-30,600309.SH,79.35,80.84,78.99,80.52,78.79,1.7299999999999898,2.2,112072.31,954927.776,20220530,20220530.0
2022-05-31,600309.SH,80.2,80.2,78.74,79.37,80.52,-1.1499999999999917,-1.43,148225.92,1247287.16,20220531,20220531.0
2022-06-01,600309.SH,79.92,79.92,78.01,78.61,79.37,-0.7600000000000051,-0.96,92331.84,767780.212,20220601,20220601.0
2022-06-02,600309.SH,78.1,78.14,76.69,77.09,78.61,-1.519999999999996,-1.93,116573.73,951593.538,20220602,20220602.0
2022-06-06,600309.SH,77.09,78.59,75.82,78.32,77.09,1.2299999999999898,1.6,132900.37,1088615.957,20220606,20220606.0
2022-06-07,600309.SH,77.6,79.54,77.52,79.26,78.32,0.940000000000012,1.2,165484.57,1382876.76,20220607,20220607.0
2022-06-08,600309.SH,79.73,80.51,78.89,79.81,79.26,0.5499999999999972,0.69,149624.71,1264484.359,20220608,20220608.0
2022-06-09,600309.SH,79.58,82.45,79.58,80.93,79.81,1.1200000000000043,1.4,211649.56,1824953.609,20220609,20220609.0
2022-06-10,600309.SH,80.43,82.73,80.05,82.48,80.93,1.5499999999999972,1.92,208173.42,1801443.586,20220610,20220610.0
2022-06-13,600309.SH,81.25,82.28,79.82,80.21,82.48,-2.2700000000000102,-2.75,154942.61,1320672.013,20220613,20220613.0
2022-06-14,600309.SH,79.27,81.83,79.27,81.52,80.21,1.3100000000000025,1.63,131406.28,1124594.46,20220614,20220614.0
2022-06-15,600309.SH,82.1,89.28,82.1,86.98,81.52,5.460000000000008,6.7,423957.01,3903095.991,20220615,20220615.0
2022-06-16,600309.SH,88.21,89.16,85.01,85.15,86.98,-1.8299999999999983,-2.1,184780.2,1695664.187,20220616,20220616.0
2022-06-17,600309.SH,84.92,90.52,84.92,89.79,85.15,4.640000000000001,5.45,236477.61,2222761.286,20220617,20220617.0
2022-06-20,600309.SH,90.87,91.05,87.4,87.75,89.79,-2.0400000000000063,-2.27,184549.96,1728417.998,20220620,20220620.0
2022-06-21,600309.SH,87.28,88.79,87.14,87.84,87.75,0.0900000000000034,0.1,117458.8,1096153.534,20220621,20220621.0
2022-06-22,600309.SH,87.84,88.56,85.78,85.88,87.84,-1.960000000000008,-2.23,121121.24,1109643.78,20220622,20220622.0
2022-06-23,600309.SH,86.3,87.44,85.48,86.68,85.88,0.8000000000000114,0.93,92242.41,845096.358,20220623,20220623.0
2022-06-24,600309.SH,87.16,88.15,86.5,88.14,86.68,1.4599999999999935,1.68,139507.17,1292832.953,20220624,20220624.0
2022-06-27,600309.SH,88.5,91.33,87.8,90.25,88.14,2.1099999999999994,2.39,162994.23,1556562.059,20220627,20220627.0
2022-06-28,600309.SH,90.54,90.54,87.84,89.48,90.25,-0.769999999999996,-0.85,120898.18,1137129.58,20220628,20220628.0
2022-06-29,600309.SH,88.22,90.2,87.81,89.13,89.48,-0.3500000000000085,-0.39,142693.13,1350043.891,20220629,20220629.0
2022-06-30,600309.SH,89.16,92.75,88.7,91.51,89.13,2.3800000000000097,2.67,170794.59,1655687.621,20220630,20220630.0
2022-07-01,600309.SH,91.99,93.09,90.81,91.13,91.51,-0.3800000000000096,-0.42,97763.29,953346.68,20220701,20220701.0
2022-07-04,600309.SH,90.63,91.41,89.72,90.77,91.13,-0.3599999999999994,-0.4,106751.78,1025036.614,20220704,20220704.0
2022-07-05,600309.SH,91.33,93.02,89.07,91.28,90.77,0.5100000000000051,0.56,112654.37,1081852.657,20220705,20220705.0
2022-07-06,600309.SH,90.68,90.68,87.44,88.31,91.28,-2.969999999999999,-3.25,168588.59,1575499.263,20220706,20220706.0
2022-07-07,600309.SH,87.75,89.6,87.65,88.65,88.31,0.3400000000000034,0.39,88923.04,835799.187,20220707,20220707.0
2022-07-08,600309.SH,89.52,90.19,88.86,88.97,88.65,0.3199999999999932,0.36,67252.99,637070.866,20220708,20220708.0
2022-07-11,600309.SH,88.7,88.96,85.77,86.6,88.97,-2.3700000000000045,-2.66,112828.25,1034909.667,20220711,20220711.0
2022-07-12,600309.SH,86.07,88.55,86.07,87.29,86.6,0.6900000000000119,0.8,82826.38,766166.675,20220712,20220712.0
2022-07-13,600309.SH,87.09,87.97,86.8,87.28,87.29,-0.0100000000000051,-0.01,65879.34,609173.053,20220713,20220713.0
2022-07-14,600309.SH,87.26,87.26,85.56,86.32,87.28,-0.960000000000008,-1.1,68856.8,629002.13,20220714,20220714.0
2022-07-15,600309.SH,85.77,88.05,84.68,84.74,86.32,-1.5799999999999983,-1.83,137445.72,1252901.477,20220715,20220715.0
2022-07-18,600309.SH,84.82,87.42,84.63,86.96,84.74,2.219999999999999,2.62,88046.66,806814.943,20220718,20220718.0
2022-07-19,600309.SH,87.13,87.41,84.82,85.78,86.96,-1.1799999999999926,-1.36,99796.11,904676.666,20220719,20220719.0
2022-07-20,600309.SH,86.21,86.21,84.26,84.44,85.78,-1.3400000000000034,-1.56,148709.96,1335607.519,20220720,20220720.0
2022-07-21,600309.SH,84.44,84.93,82.28,82.46,84.44,-1.980000000000004,-2.34,164799.92,1451445.78,20220721,20220721.0
2022-07-22,600309.SH,83.03,83.6,81.39,81.89,82.46,-0.5699999999999932,-0.69,127753.56,1113118.212,20220722,20220722.0
2022-07-25,600309.SH,81.78,82.15,81.17,81.38,81.89,-0.5100000000000051,-0.62,62457.93,540035.255,20220725,20220725.0
2022-07-26,600309.SH,81.99,82.44,81.61,81.86,81.38,0.480000000000004,0.59,56724.35,492918.126,20220726,20220726.0
2022-07-27,600309.SH,81.86,82.07,80.04,80.44,81.86,-1.4200000000000017,-1.73,102206.27,871529.998,20220727,20220727.0
2022-07-28,600309.SH,80.46,81.98,80.24,80.34,80.44,-0.0999999999999943,-0.12,103329.28,886336.73,20220728,20220728.0
2022-07-29,600309.SH,81.05,81.59,78.19,78.97,80.34,-1.3700000000000043,-1.71,148111.78,1244753.862,20220729,20220729.0
2022-08-01,600309.SH,78.97,78.97,76.12,77.43,78.97,-1.539999999999992,-1.95,195240.55,1594145.02,20220801,20220801.0
2022-08-02,600309.SH,77.27,77.27,75.48,76.43,77.43,-1.0,-1.29,130160.9,1053055.403,20220802,20220802.0
2022-08-03,600309.SH,76.42,77.99,75.74,76.24,76.43,-0.1900000000000119,-0.25,117749.79,954401.719,20220803,20220803.0
2022-08-04,600309.SH,76.43,77.06,75.68,76.13,76.24,-0.1099999999999994,-0.14,116435.34,940960.011,20220804,20220804.0
2022-08-05,600309.SH,76.12,77.86,75.95,77.67,76.13,1.5400000000000065,2.02,86584.35,707062.007,20220805,20220805.0
2022-08-08,600309.SH,77.84,77.89,76.12,77.1,77.67,-0.5700000000000074,-0.73,105330.24,858499.158,20220808,20220808.0
2022-08-09,600309.SH,77.1,77.99,76.62,77.01,77.1,-0.0899999999999892,-0.12,79954.17,655117.963,20220809,20220809.0
2022-08-10,600309.SH,77.09,77.96,76.43,77.19,77.01,0.1799999999999926,0.23,95402.95,780352.133,20220810,20220810.0
2022-08-11,600309.SH,77.19,78.81,76.43,78.63,77.19,1.4399999999999975,1.87,122212.92,1011066.666,20220811,20220811.0
2022-08-12,600309.SH,78.77,83.75,77.84,82.91,78.63,4.280000000000001,5.44,293465.43,2526324.757,20220812,20220812.0
2022-08-15,600309.SH,82.74,83.95,82.09,83.08,82.91,0.1700000000000017,0.21,182571.76,1607588.218,20220815,20220815.0
2022-08-16,600309.SH,83.67,83.73,81.26,81.51,83.08,-1.5699999999999932,-1.89,138204.53,1200878.047,20220816,20220816.0
2022-08-17,600309.SH,81.33,81.97,80.12,81.14,81.51,-0.3700000000000045,-0.45,94365.92,810351.507,20220817,20220817.0
2022-08-18,600309.SH,81.38,81.85,79.9,80.19,81.14,-0.9500000000000028,-1.17,89799.12,767175.773,20220818,20220818.0
2022-08-19,600309.SH,79.56,81.12,79.56,80.09,80.19,-0.0999999999999943,-0.12,65012.92,554120.002,20220819,20220819.0
2022-08-22,600309.SH,79.82,84.6,79.75,84.31,80.09,4.219999999999999,5.27,192275.82,1696775.567,20220822,20220822.0
2022-08-23,600309.SH,84.83,86.63,83.12,85.75,84.31,1.4399999999999975,1.71,189970.13,1716739.597,20220823,20220823.0
2022-08-24,600309.SH,85.62,87.37,83.67,83.97,85.75,-1.7800000000000011,-2.08,130734.46,1179939.117,20220824,20220824.0
2022-08-25,600309.SH,84.45,84.77,82.09,84.44,83.97,0.4699999999999988,0.56,119050.05,1055025.433,20220825,20220825.0
2022-08-26,600309.SH,84.74,84.92,83.03,83.66,84.44,-0.7800000000000011,-0.92,99394.4,883773.828,20220826,20220826.0
2022-08-29,600309.SH,82.82,84.15,82.0,82.84,83.66,-0.8199999999999932,-0.98,164820.63,1444580.583,20220829,20220829.0
2022-08-30,600309.SH,82.55,83.86,81.25,83.45,82.84,0.6099999999999994,0.74,124323.73,1088151.998,20220830,20220830.0
2022-08-31,600309.SH,82.1,85.75,81.98,83.57,83.45,0.1199999999999903,0.14,178618.49,1589016.59,20220831,20220831.0
2022-09-01,600309.SH,83.6,84.42,82.82,83.13,83.57,-0.4399999999999977,-0.53,88192.87,781522.312,20220901,20220901.0
2022-09-02,600309.SH,83.28,83.58,81.61,82.04,83.13,-1.0899999999999892,-1.31,79980.35,698714.895,20220902,20220902.0
2022-09-05,600309.SH,82.71,84.92,82.57,83.64,82.04,1.5999999999999943,1.95,122136.22,1079626.572,20220905,20220905.0
2022-09-06,600309.SH,84.8,87.54,84.17,86.33,83.64,2.6899999999999977,3.22,193505.69,1773013.205,20220906,20220906.0
2022-09-07,600309.SH,86.05,87.32,84.94,85.41,86.33,-0.9200000000000016,-1.07,126221.06,1150881.747,20220907,20220907.0
2022-09-08,600309.SH,85.86,87.38,84.64,86.81,85.41,1.4000000000000057,1.64,129152.16,1185617.548,20220908,20220908.0
2022-09-09,600309.SH,87.12,90.73,86.5,90.21,86.81,3.3999999999999915,3.92,222659.48,2111686.329,20220909,20220909.0
2022-09-13,600309.SH,90.18,90.21,87.4,87.75,90.21,-2.4599999999999937,-2.73,176571.43,1657007.306,20220913,20220913.0
2022-09-14,600309.SH,86.74,87.46,85.66,86.2,87.75,-1.5499999999999972,-1.77,127333.68,1164987.814,20220914,20220914.0
2022-09-15,600309.SH,86.19,88.29,86.0,86.33,86.2,0.1299999999999954,0.15,123089.82,1135770.388,20220915,20220915.0
2022-09-16,600309.SH,85.99,86.62,85.01,85.28,86.33,-1.0499999999999972,-1.22,108718.54,987074.637,20220916,20220916.0
2022-09-19,600309.SH,85.75,87.7,84.45,86.2,85.28,0.9200000000000016,1.08,104449.62,957107.027,20220919,20220919.0
2022-09-20,600309.SH,86.14,86.8,83.98,84.49,86.2,-1.710000000000008,-1.98,93643.04,842371.23,20220920,20220920.0
2022-09-21,600309.SH,83.97,85.01,82.78,82.97,84.49,-1.519999999999996,-1.8,152845.0,1354408.021,20220921,20220921.0
2022-09-22,600309.SH,82.46,83.93,82.18,83.08,82.97,0.1099999999999994,0.13,90628.95,797862.243,20220922,20220922.0
2022-09-23,600309.SH,83.07,83.82,81.52,82.8,83.08,-0.2800000000000011,-0.34,81462.46,714058.087,20220923,20220923.0
2022-09-26,600309.SH,82.08,83.67,81.9,82.35,82.8,-0.4500000000000028,-0.54,75486.54,661704.418,20220926,20220926.0
2022-09-27,600309.SH,82.37,82.98,81.52,82.71,82.35,0.3599999999999994,0.44,83392.89,727065.613,20220927,20220927.0
2022-09-28,600309.SH,83.86,84.79,81.9,82.16,82.71,-0.5499999999999972,-0.66,106504.83,935462.391,20220928,20220928.0
2022-09-29,600309.SH,83.21,85.36,82.84,84.44,82.16,2.280000000000001,2.78,132140.63,1180901.616,20220929,20220929.0
2022-09-30,600309.SH,85.42,88.0,84.99,86.9,84.44,2.460000000000008,2.91,152911.43,1406135.8,20220930,20220930.0
2022-10-10,600309.SH,86.85,86.85,82.91,84.85,86.9,-2.050000000000012,-2.36,115885.11,1041592.071,20221010,20221010.0
2022-10-11,600309.SH,84.02,88.01,83.97,87.53,84.85,2.680000000000007,3.16,130021.23,1187887.66,20221011,20221011.0
2022-10-12,600309.SH,87.43,89.47,85.51,88.88,87.53,1.3499999999999943,1.54,155628.91,1445915.841,20221012,20221012.0
2022-10-13,600309.SH,87.74,88.48,86.33,87.74,88.88,-1.1400000000000006,-1.28,108579.38,1003640.185,20221013,20221013.0
2022-10-14,600309.SH,88.46,88.69,87.05,87.19,87.74,-0.5499999999999972,-0.63,93150.52,866729.82,20221014,20221014.0
2022-10-17,600309.SH,87.13,88.01,86.52,87.45,87.19,0.2600000000000051,0.3,66832.57,618087.128,20221017,20221017.0
2022-10-18,600309.SH,86.96,88.65,85.59,85.77,87.45,-1.6800000000000068,-1.92,121894.35,1114808.316,20221018,20221018.0
2022-10-19,600309.SH,85.76,86.6,80.37,80.68,85.77,-5.089999999999989,-5.93,239365.79,2091522.602,20221019,20221019.0
2022-10-20,600309.SH,80.2,83.13,79.75,81.77,80.68,1.0899999999999892,1.35,166229.72,1435878.352,20221020,20221020.0
2022-10-21,600309.SH,81.77,82.72,80.82,81.54,81.77,-0.2299999999999897,-0.28,93149.2,804813.591,20221021,20221021.0
2022-10-24,600309.SH,81.13,82.56,80.1,81.19,81.54,-0.3500000000000085,-0.43,146833.65,1257651.609,20221024,20221024.0
2022-10-25,600309.SH,77.13,80.1,76.43,78.78,81.19,-2.4099999999999966,-2.97,215461.15,1796945.82,20221025,20221025.0
2022-10-26,600309.SH,78.67,79.2,77.37,77.71,78.78,-1.0700000000000074,-1.36,162073.64,1344360.272,20221026,20221026.0
2022-10-27,600309.SH,77.44,79.4,77.44,78.43,77.71,0.7200000000000131,0.93,121248.37,1008993.052,20221027,20221027.0
2022-10-28,600309.SH,78.5,80.09,77.39,77.56,78.43,-0.8700000000000045,-1.11,116627.5,972413.455,20221028,20221028.0
2022-10-31,600309.SH,76.94,77.98,75.48,75.82,77.56,-1.740000000000009,-2.24,142233.7,1149969.188,20221031,20221031.0
2022-11-01,600309.SH,75.48,76.94,73.55,76.94,75.82,1.1200000000000043,1.48,179132.72,1434841.402,20221101,20221101.0
2022-11-02,600309.SH,76.27,77.8,75.48,77.17,76.94,0.2300000000000039,0.3,139612.48,1134365.045,20221102,20221102.0
2022-11-03,600309.SH,77.74,77.82,76.05,76.9,77.17,-0.269999999999996,-0.35,105483.26,857772.244,20221103,20221103.0
2022-11-04,600309.SH,76.43,78.42,76.24,77.76,76.9,0.8599999999999994,1.12,138320.2,1137325.811,20221104,20221104.0
2022-11-07,600309.SH,77.37,78.78,76.85,78.17,77.76,0.4099999999999966,0.53,113286.62,938217.03,20221107,20221107.0
2022-11-08,600309.SH,78.37,78.78,76.8,77.53,78.17,-0.6400000000000006,-0.82,86196.98,706409.549,20221108,20221108.0
2022-11-09,600309.SH,77.6,78.22,77.37,77.67,77.53,0.1400000000000005,0.18,68047.99,560433.451,20221109,20221109.0
2022-11-10,600309.SH,77.29,77.45,76.35,76.97,77.67,-0.7000000000000028,-0.9,64345.36,523332.926,20221110,20221110.0
2022-11-11,600309.SH,78.46,82.31,78.13,81.6,76.97,4.629999999999996,6.02,211947.72,1801229.665,20221111,20221111.0
2022-11-14,600309.SH,82.46,84.91,82.28,83.64,81.6,2.0400000000000063,2.5,192416.82,1711832.206,20221114,20221114.0
2022-11-15,600309.SH,83.6,84.43,81.78,84.15,83.64,0.5100000000000051,0.61,122273.03,1079307.518,20221115,20221115.0
2022-11-16,600309.SH,83.96,84.87,83.12,83.36,84.15,-0.7900000000000063,-0.94,79946.12,711602.655,20221116,20221116.0
2022-11-17,600309.SH,83.23,83.96,82.34,83.67,83.36,0.3100000000000023,0.37,69225.61,609368.859,20221117,20221117.0
2022-11-18,600309.SH,83.85,84.5,83.29,83.97,83.67,0.2999999999999971,0.36,75621.68,674030.403,20221118,20221118.0
2022-11-21,600309.SH,83.12,83.12,80.59,81.57,83.97,-2.4000000000000057,-2.86,102853.77,886034.749,20221121,20221121.0
2022-11-22,600309.SH,82.04,83.29,81.58,82.56,81.57,0.9900000000000092,1.21,82348.36,719951.507,20221122,20221122.0
2022-11-23,600309.SH,82.82,83.11,81.54,81.61,82.56,-0.9500000000000028,-1.15,61431.59,534657.354,20221123,20221123.0
2022-11-24,600309.SH,81.72,82.95,81.15,81.63,81.61,0.019999999999996,0.02,66937.6,580519.787,20221124,20221124.0
2022-11-25,600309.SH,81.61,84.08,81.28,82.94,81.63,1.3100000000000025,1.6,107631.14,949366.325,20221125,20221125.0
2022-11-28,600309.SH,81.17,82.94,80.3,82.08,82.94,-0.8599999999999994,-1.04,101274.4,874649.02,20221128,20221128.0
2022-11-29,600309.SH,83.03,85.86,82.47,85.78,82.08,3.700000000000003,4.51,163514.16,1472235.157,20221129,20221129.0
2022-11-30,600309.SH,84.7,85.58,83.16,84.45,85.78,-1.3299999999999983,-1.55,127006.83,1131337.744,20221130,20221130.0
2022-12-01,600309.SH,84.92,87.84,84.64,85.34,84.45,0.8900000000000006,1.05,125210.62,1141576.277,20221201,20221201.0
2022-12-02,600309.SH,85.53,85.53,84.35,84.86,85.34,-0.480000000000004,-0.56,67709.0,608267.485,20221202,20221202.0
2022-12-05,600309.SH,86.5,87.04,84.8,86.05,84.86,1.1899999999999975,1.4,101391.92,926783.428,20221205,20221205.0
2022-12-06,600309.SH,85.39,87.85,85.28,87.63,86.05,1.5799999999999983,1.84,138662.54,1282345.86,20221206,20221206.0
2022-12-07,600309.SH,87.56,88.01,86.79,87.4,87.63,-0.2299999999999897,-0.26,98224.93,910403.612,20221207,20221207.0
2022-12-08,600309.SH,87.29,87.9,86.48,87.22,87.4,-0.1800000000000068,-0.21,87634.66,810344.15,20221208,20221208.0
2022-12-09,600309.SH,87.18,88.37,86.8,88.12,87.22,0.9000000000000057,1.03,176613.67,1638528.878,20221209,20221209.0
2022-12-12,600309.SH,87.28,87.89,85.55,85.68,88.12,-2.4399999999999977,-2.77,131044.69,1200724.655,20221212,20221212.0
2022-12-13,600309.SH,85.68,86.6,84.92,86.0,85.68,0.3199999999999932,0.37,79596.93,724347.322,20221213,20221213.0
2022-12-14,600309.SH,86.31,86.9,85.55,86.62,86.0,0.6200000000000045,0.72,59313.76,542887.626,20221214,20221214.0
2022-12-15,600309.SH,86.62,86.62,85.29,86.11,86.62,-0.5100000000000051,-0.59,72142.61,655841.375,20221215,20221215.0
2022-12-16,600309.SH,85.9,86.65,85.69,86.24,86.11,0.1299999999999954,0.15,67525.14,616269.484,20221216,20221216.0
2022-12-19,600309.SH,86.64,86.79,85.07,85.61,86.24,-0.6299999999999955,-0.73,97144.52,881210.259,20221219,20221219.0
2022-12-20,600309.SH,84.93,85.95,84.26,84.55,85.61,-1.0600000000000025,-1.24,75881.57,682533.83,20221220,20221220.0
2022-12-21,600309.SH,85.29,85.29,83.99,84.78,84.55,0.2300000000000039,0.27,58907.61,528111.626,20221221,20221221.0
2022-12-22,600309.SH,85.56,86.95,84.99,86.4,84.78,1.6200000000000043,1.91,101540.29,930728.263,20221222,20221222.0
2022-12-23,600309.SH,86.75,86.75,83.12,83.79,86.4,-2.6099999999999994,-3.02,97505.31,875344.562,20221223,20221223.0
2022-12-26,600309.SH,84.17,86.14,83.04,85.18,83.79,1.3900000000000006,1.66,83705.12,754253.819,20221226,20221226.0
2022-12-27,600309.SH,86.12,86.92,85.42,86.65,85.18,1.4699999999999989,1.73,75299.29,689645.344,20221227,20221227.0
2022-12-28,600309.SH,86.1,88.06,86.07,87.62,86.65,0.9699999999999988,1.12,86327.25,801402.701,20221228,20221228.0
2022-12-29,600309.SH,86.95,87.79,86.5,87.66,87.62,0.039999999999992,0.05,79151.62,732743.497,20221229,20221229.0
2022-12-30,600309.SH,87.87,88.39,87.34,87.42,87.66,-0.2399999999999948,-0.27,84234.65,784651.381,20221230,20221230.0
2023-01-03,600309.SH,86.8,87.64,86.14,87.18,87.42,-0.2399999999999948,-0.27,94489.47,870562.092,20230103,20230103.0
2023-01-04,600309.SH,87.37,87.92,86.99,87.23,87.18,0.0499999999999971,0.06,67351.21,624190.771,20230104,20230104.0
2023-01-05,600309.SH,88.22,88.27,87.45,87.65,87.23,0.4200000000000017,0.48,66735.76,620378.248,20230105,20230105.0
2023-01-06,600309.SH,87.43,89.07,87.43,88.39,87.65,0.7399999999999949,0.84,93806.28,880537.114,20230106,20230106.0
2023-01-09,600309.SH,88.5,90.46,87.75,87.85,88.39,-0.5400000000000063,-0.61,105348.45,990599.704,20230109,20230109.0
2023-01-10,600309.SH,87.96,88.12,84.98,85.77,87.85,-2.0799999999999983,-2.37,125571.35,1143545.146,20230110,20230110.0
2023-01-11,600309.SH,85.93,86.76,85.15,85.36,85.77,-0.4099999999999966,-0.48,76590.56,696714.66,20230111,20230111.0
2023-01-12,600309.SH,85.85,86.48,85.4,86.05,85.36,0.6899999999999977,0.81,52958.98,482791.947,20230112,20230112.0
2023-01-13,600309.SH,86.72,88.07,86.19,88.06,86.05,2.010000000000005,2.34,70399.56,652874.292,20230113,20230113.0
2023-01-16,600309.SH,87.79,90.49,87.46,90.07,88.06,2.009999999999991,2.28,126589.2,1203111.182,20230116,20230116.0
2023-01-17,600309.SH,90.43,90.95,89.63,90.25,90.07,0.1800000000000068,0.2,81314.5,778385.84,20230117,20230117.0
2023-01-18,600309.SH,90.56,91.05,89.26,89.57,90.25,-0.6800000000000068,-0.75,59231.13,563982.86,20230118,20230118.0
2023-01-19,600309.SH,89.83,90.48,88.88,90.44,89.57,0.8700000000000045,0.97,89974.26,856238.862,20230119,20230119.0
2023-01-20,600309.SH,91.03,91.03,89.25,89.56,90.44,-0.8799999999999955,-0.97,90780.4,864963.277,20230120,20230120.0
2023-01-30,600309.SH,91.94,93.03,90.29,92.34,89.56,2.780000000000001,3.1,157534.45,1541765.263,20230130,20230130.0
2023-01-31,600309.SH,93.11,93.22,90.96,91.15,92.34,-1.1899999999999975,-1.29,115906.78,1128492.621,20230131,20230131.0
2023-02-01,600309.SH,91.5,91.8,90.21,91.47,91.15,0.3199999999999932,0.35,95032.58,918195.648,20230201,20230201.0
2023-02-02,600309.SH,91.48,94.64,90.37,94.39,91.47,2.9200000000000017,3.19,207343.76,2038331.869,20230202,20230202.0
2023-02-03,600309.SH,93.41,94.6,92.38,94.33,94.39,-0.0600000000000022,-0.06,183163.46,1821047.392,20230203,20230203.0
2023-02-06,600309.SH,93.69,93.86,91.39,93.59,94.33,-0.7399999999999949,-0.78,142930.31,1406459.911,20230206,20230206.0
2023-02-07,600309.SH,93.2,93.34,91.86,92.5,93.59,-1.0900000000000034,-1.16,77759.4,763553.295,20230207,20230207.0
2023-02-08,600309.SH,92.28,93.41,91.52,91.77,92.5,-0.730000000000004,-0.79,103212.68,1010857.473,20230208,20230208.0
2023-02-09,600309.SH,91.52,92.37,91.19,91.97,91.77,0.2000000000000028,0.22,90776.2,882926.036,20230209,20230209.0
2023-02-10,600309.SH,91.92,92.94,91.6,92.46,91.97,0.4899999999999949,0.53,80099.46,784231.808,20230210,20230210.0
2023-02-13,600309.SH,91.63,92.84,91.54,92.44,92.46,-0.019999999999996,-0.02,94457.0,924478.699,20230213,20230213.0
2023-02-14,600309.SH,91.33,94.65,90.8,94.35,92.44,1.9099999999999968,2.07,143878.42,1429769.441,20230214,20230214.0
2023-02-15,600309.SH,94.35,95.09,93.3,93.8,94.35,-0.5499999999999972,-0.58,57900.02,576116.664,20230215,20230215.0
2023-02-16,600309.SH,94.33,95.11,92.94,93.41,93.8,-0.3900000000000005,-0.42,78569.46,784878.548,20230216,20230216.0
2023-02-17,600309.SH,93.6,97.35,93.6,95.87,93.41,2.460000000000008,2.63,189710.93,1937306.767,20230217,20230217.0
2023-02-20,600309.SH,95.97,98.57,94.9,98.14,95.87,2.269999999999996,2.37,157290.61,1617455.523,20230220,20230220.0
2023-02-21,600309.SH,98.09,101.9,97.57,100.77,98.14,2.6299999999999955,2.68,160754.48,1707444.906,20230221,20230221.0
2023-02-22,600309.SH,100.02,101.2,97.16,97.37,100.77,-3.3999999999999915,-3.37,150165.49,1570391.079,20230222,20230222.0
2023-02-23,600309.SH,97.28,98.53,96.06,96.89,97.37,-0.480000000000004,-0.49,113987.45,1170015.546,20230223,20230223.0
2023-02-24,600309.SH,96.37,97.45,95.77,95.99,96.89,-0.9000000000000057,-0.93,83446.91,851866.473,20230224,20230224.0
2023-02-27,600309.SH,95.61,99.05,95.37,97.04,95.99,1.0500000000000114,1.09,146274.87,1512807.647,20230227,20230227.0
2023-02-28,600309.SH,97.61,98.98,96.77,98.37,97.04,1.3299999999999983,1.37,120780.28,1256359.946,20230228,20230228.0
2023-03-01,600309.SH,98.31,99.81,96.79,97.38,98.37,-0.9900000000000092,-1.01,123237.24,1283418.236,20230301,20230301.0
2023-03-02,600309.SH,97.34,101.1,97.19,100.32,97.38,2.9399999999999977,3.02,135221.23,1430111.278,20230302,20230302.0
2023-03-03,600309.SH,99.54,100.96,99.34,100.02,100.32,-0.2999999999999971,-0.3,81163.52,860814.543,20230303,20230303.0
2023-03-06,600309.SH,99.07,100.01,97.72,98.22,100.02,-1.7999999999999972,-1.8,107823.85,1125203.586,20230306,20230306.0
2023-03-07,600309.SH,98.02,99.05,96.53,96.85,98.22,-1.3700000000000043,-1.39,86129.46,892923.238,20230307,20230307.0
2023-03-08,600309.SH,96.43,96.79,94.77,95.29,96.85,-1.559999999999988,-1.61,112911.7,1142112.156,20230308,20230308.0
2023-03-09,600309.SH,94.99,95.77,93.04,93.49,95.29,-1.8000000000000114,-1.89,134120.17,1333148.813,20230309,20230309.0
2023-03-10,600309.SH,93.13,94.34,92.56,92.69,93.49,-0.7999999999999972,-0.86,99601.9,984615.223,20230310,20230310.0
2023-03-13,600309.SH,93.31,95.65,93.03,93.41,92.69,0.7199999999999989,0.78,89229.42,889252.537,20230313,20230313.0
2023-03-14,600309.SH,93.3,93.4,91.33,92.66,93.41,-0.75,-0.8,73614.19,719489.519,20230314,20230314.0
2023-03-15,600309.SH,94.44,94.82,92.17,92.2,92.66,-0.4599999999999937,-0.5,71495.6,703509.356,20230315,20230315.0
2023-03-16,600309.SH,91.99,92.68,91.05,91.29,92.2,-0.9099999999999966,-0.99,102665.45,998265.774,20230316,20230316.0
2023-03-17,600309.SH,92.73,94.05,91.53,91.92,91.29,0.6299999999999955,0.69,100549.44,990066.819,20230317,20230317.0
2023-03-20,600309.SH,92.37,93.88,91.44,91.6,91.92,-0.3200000000000074,-0.35,109238.32,1069681.583,20230320,20230320.0
2023-03-21,600309.SH,91.4,93.31,91.1,92.48,91.6,0.8800000000000097,0.96,82920.03,813877.705,20230321,20230321.0
2023-03-22,600309.SH,92.67,94.09,91.99,92.32,92.48,-0.1600000000000108,-0.17,78276.17,771619.807,20230322,20230322.0
2023-03-23,600309.SH,92.33,92.56,91.05,91.63,92.32,-0.6899999999999977,-0.75,78148.0,758783.849,20230323,20230323.0
2023-03-24,600309.SH,91.12,91.53,88.96,90.2,91.63,-1.4299999999999926,-1.56,126103.69,1207404.945,20230324,20230324.0
2023-03-27,600309.SH,90.39,91.39,89.16,89.52,90.2,-0.6800000000000068,-0.75,121702.93,1158057.272,20230327,20230327.0
2023-03-28,600309.SH,91.05,93.0,89.29,90.44,89.52,0.9200000000000016,1.03,147250.16,1414476.715,20230328,20230328.0
2023-03-29,600309.SH,91.52,92.21,89.33,89.62,90.44,-0.8199999999999932,-0.91,79821.33,763894.907,20230329,20230329.0
2023-03-30,600309.SH,89.52,91.05,88.69,90.98,89.62,1.3599999999999994,1.52,87615.25,834820.824,20230330,20230330.0
2023-03-31,600309.SH,91.14,92.44,90.06,90.46,90.98,-0.5200000000000102,-0.57,109078.57,1054051.889,20230331,20230331.0
2023-04-03,600309.SH,90.92,91.2,89.52,90.41,90.46,-0.0499999999999971,-0.06,93115.24,889673.007,20230403,20230403.0
2023-04-04,600309.SH,90.46,90.58,89.16,89.62,90.41,-0.789999999999992,-0.87,83804.46,795858.029,20230404,20230404.0
2023-04-06,600309.SH,89.31,89.37,87.85,88.7,89.62,-0.9200000000000016,-1.03,67564.44,634368.638,20230406,20230406.0
2023-04-07,600309.SH,88.58,90.1,88.22,89.6,88.7,0.8999999999999915,1.01,56830.96,537955.4,20230407,20230407.0
2023-04-10,600309.SH,89.63,89.75,88.06,88.31,89.6,-1.289999999999992,-1.44,81537.69,764445.338,20230410,20230410.0
2023-04-11,600309.SH,88.31,89.26,87.99,87.99,88.31,-0.3200000000000074,-0.36,73271.19,686737.868,20230411,20230411.0
2023-04-12,600309.SH,88.11,88.39,86.44,86.92,87.99,-1.0699999999999932,-1.22,101385.89,934937.366,20230412,20230412.0
2023-04-13,600309.SH,86.92,87.19,85.67,86.73,86.92,-0.1899999999999977,-0.22,80211.93,734194.962,20230413,20230413.0
2023-04-14,600309.SH,86.79,87.63,86.08,86.79,86.73,0.0600000000000022,0.07,73790.65,679946.879,20230414,20230414.0
2023-04-17,600309.SH,87.28,91.86,87.28,91.78,86.79,4.989999999999995,5.75,200459.88,1933439.488,20230417,20230417.0
2023-04-18,600309.SH,91.2,92.82,91.13,92.59,91.78,0.8100000000000023,0.88,113653.55,1109887.419,20230418,20230418.0
2023-04-19,600309.SH,92.65,92.65,90.77,90.96,92.59,-1.6300000000000097,-1.76,69587.39,673167.24,20230419,20230419.0
2023-04-20,600309.SH,90.99,91.26,89.07,89.26,90.96,-1.6999999999999886,-1.87,96781.51,921319.551,20230420,20230420.0
2023-04-21,600309.SH,89.26,89.49,87.13,87.26,89.26,-2.0,-2.24,86334.53,806831.546,20230421,20230421.0
2023-04-24,600309.SH,88.14,88.22,85.45,85.62,87.26,-1.6400000000000006,-1.88,91392.8,833482.623,20230424,20230424.0
2023-04-25,600309.SH,85.64,89.24,85.64,88.93,85.62,3.3100000000000023,3.87,148932.86,1391737.064,20230425,20230425.0
2023-04-26,600309.SH,88.97,89.02,86.52,86.55,88.93,-2.3800000000000097,-2.68,76318.6,705857.974,20230426,20230426.0
2023-04-27,600309.SH,86.56,88.96,85.97,88.22,86.55,1.6700000000000017,1.93,75369.05,697973.092,20230427,20230427.0
2023-04-28,600309.SH,87.67,88.85,86.65,86.97,88.22,-1.25,-1.42,67491.81,624692.499,20230428,20230428.0
2023-05-04,600309.SH,86.7,86.97,84.47,84.96,86.97,-2.010000000000005,-2.31,156440.21,1410890.711,20230504,20230504.0
2023-05-05,600309.SH,85.12,85.39,82.74,85.02,84.96,0.0600000000000022,0.07,128220.74,1142238.555,20230505,20230505.0
2023-05-08,600309.SH,84.81,85.44,83.3,84.36,85.02,-0.6599999999999966,-0.78,106549.11,950555.362,20230508,20230508.0
2023-05-09,600309.SH,84.45,85.95,83.71,84.68,84.36,0.3200000000000074,0.38,84699.56,764127.991,20230509,20230509.0
2023-05-10,600309.SH,84.73,86.43,84.68,84.81,84.68,0.1299999999999954,0.15,67092.56,609308.099,20230510,20230510.0
2023-05-11,600309.SH,84.91,85.02,83.31,83.97,84.81,-0.8400000000000034,-0.99,54142.93,481749.266,20230511,20230511.0
2023-05-12,600309.SH,83.96,84.76,82.48,82.79,83.97,-1.1799999999999926,-1.41,83174.78,732838.419,20230512,20230512.0
2023-05-15,600309.SH,82.29,83.76,81.64,83.55,82.79,0.7599999999999909,0.92,74197.92,650150.114,20230515,20230515.0
2023-05-16,600309.SH,84.11,84.26,83.22,83.58,83.55,0.0300000000000011,0.04,52947.68,469548.016,20230516,20230516.0
2023-05-17,600309.SH,83.44,83.97,82.43,82.55,83.58,-1.0300000000000011,-1.23,56876.34,501499.575,20230517,20230517.0
2023-05-18,600309.SH,82.6,83.08,81.71,82.19,82.55,-0.3599999999999994,-0.44,61388.75,534488.26,20230518,20230518.0
2023-05-19,600309.SH,81.91,83.03,81.05,82.09,82.19,-0.0999999999999943,-0.12,69253.17,601312.337,20230519,20230519.0
2023-05-22,600309.SH,82.99,84.06,81.99,83.88,82.09,1.789999999999992,2.18,59320.05,524286.759,20230522,20230522.0
2023-05-23,600309.SH,84.14,84.14,82.84,82.84,83.88,-1.039999999999992,-1.24,43184.92,381394.463,20230523,20230523.0
2023-05-24,600309.SH,82.85,84.07,82.07,82.76,82.84,-0.0799999999999983,-0.1,91372.47,807959.202,20230524,20230524.0
2023-05-25,600309.SH,82.28,82.79,81.44,81.82,82.76,-0.940000000000012,-1.14,60241.64,523201.223,20230525,20230525.0
2023-05-26,600309.SH,82.64,83.22,81.9,82.93,81.82,1.1100000000000136,1.36,44428.88,382088.55,20230526,20230526.0
2023-05-29,600309.SH,82.93,83.87,80.28,80.47,82.93,-2.460000000000008,-2.97,148619.35,1252741.62,20230529,20230529.0
2023-05-30,600309.SH,80.81,81.38,78.93,79.86,80.47,-0.6099999999999994,-0.76,91449.74,758890.814,20230530,20230530.0
2023-05-31,600309.SH,79.86,80.35,78.39,79.07,79.86,-0.7900000000000063,-0.99,131239.79,1078860.037,20230531,20230531.0
2023-06-01,600309.SH,79.08,81.15,78.91,79.02,79.07,-0.0499999999999971,-0.06,108336.85,899508.058,20230601,20230601.0
2023-06-02,600309.SH,79.3,81.85,79.23,81.17,79.02,2.1500000000000057,2.72,128836.83,1082036.841,20230602,20230602.0
2023-06-05,600309.SH,81.4,81.71,80.34,81.23,81.17,0.0600000000000022,0.07,56895.12,479815.411,20230605,20230605.0
2023-06-06,600309.SH,80.76,84.07,80.75,82.44,81.23,1.2099999999999935,1.49,123477.05,1064645.045,20230606,20230606.0
2023-06-07,600309.SH,82.73,83.87,81.51,81.51,82.44,-0.9299999999999926,-1.13,68162.47,584353.69,20230607,20230607.0
2023-06-08,600309.SH,82.29,83.78,81.71,83.6,81.51,2.089999999999989,2.56,81554.19,705619.552,20230608,20230608.0
2023-06-09,600309.SH,84.4,84.94,83.04,83.97,83.6,0.3700000000000045,0.44,96882.63,845356.796,20230609,20230609.0
2023-06-12,600309.SH,83.97,86.13,83.54,85.22,83.97,1.25,1.49,91422.17,809565.89,20230612,20230612.0
2023-06-13,600309.SH,85.07,86.46,84.78,86.15,85.22,0.9300000000000068,1.09,87482.74,781709.451,20230613,20230613.0
2023-06-14,600309.SH,86.4,88.72,86.27,86.96,86.15,0.8099999999999881,0.94,104758.53,954543.608,20230614,20230614.0
2023-06-15,600309.SH,87.03,88.21,86.35,88.05,86.96,1.0900000000000034,1.25,73845.69,671131.632,20230615,20230615.0
2023-06-16,600309.SH,88.04,88.85,87.35,87.75,88.05,-0.2999999999999971,-0.34,77672.6,710765.618,20230616,20230616.0
2023-06-19,600309.SH,87.75,88.65,87.33,88.34,87.75,0.5900000000000034,0.67,78072.34,715568.458,20230619,20230619.0
2023-06-20,600309.SH,88.44,89.58,87.0,87.2,88.34,-1.1400000000000006,-1.29,86654.0,791381.681,20230620,20230620.0
2023-06-21,600309.SH,86.89,87.84,86.26,86.26,87.2,-0.9399999999999976,-1.08,72948.9,658793.697,20230621,20230621.0
2023-06-26,600309.SH,85.07,86.01,84.36,85.39,86.26,-0.8700000000000045,-1.01,111210.55,983795.773,20230626,20230626.0
2023-06-27,600309.SH,85.39,86.4,84.92,85.94,85.39,0.5499999999999972,0.64,76262.79,679204.239,20230627,20230627.0
2023-06-28,600309.SH,86.0,86.66,84.81,85.31,85.94,-0.6299999999999955,-0.73,66506.06,592138.798,20230628,20230628.0
2023-06-29,600309.SH,86.03,86.05,83.89,84.49,85.31,-0.8200000000000074,-0.96,73392.98,645153.341,20230629,20230629.0
2023-06-30,600309.SH,84.49,85.01,83.76,84.44,84.49,-0.0499999999999971,-0.06,67987.4,596963.924,20230630,20230630.0
2023-07-03,600309.SH,84.45,85.74,83.8,84.19,84.44,-0.25,-0.3,104038.65,914938.641,20230703,20230703.0
2023-07-04,600309.SH,84.28,84.55,83.42,84.01,84.19,-0.1799999999999926,-0.21,76535.56,666666.721,20230704,20230704.0
2023-07-05,600309.SH,83.69,84.21,82.75,82.99,84.01,-1.0200000000000102,-1.21,70323.86,608348.041,20230705,20230705.0
2023-07-06,600309.SH,83.23,83.47,82.03,82.59,82.99,-0.3999999999999915,-0.48,71860.34,617453.08,20230706,20230706.0
2023-07-07,600309.SH,82.19,82.72,81.79,82.1,82.59,-0.4900000000000091,-0.59,47570.86,406981.311,20230707,20230707.0
2023-07-10,600309.SH,82.1,84.54,81.86,83.92,82.1,1.8200000000000076,2.22,80072.29,697928.798,20230710,20230710.0
2023-07-11,600309.SH,84.67,86.36,83.91,86.03,83.92,2.1099999999999994,2.51,92577.37,822064.064,20230711,20230711.0
2023-07-12,600309.SH,86.07,88.03,85.45,87.33,86.03,1.2999999999999972,1.51,112768.7,1024051.225,20230712,20230712.0
2023-07-13,600309.SH,87.84,88.44,86.97,88.1,87.33,0.769999999999996,0.88,89596.98,819490.115,20230713,20230713.0
2023-07-14,600309.SH,88.1,88.56,87.04,87.6,88.1,-0.5,-0.57,77317.67,704599.16,20230714,20230714.0
2023-07-17,600309.SH,88.19,88.19,85.32,86.97,87.6,-0.6299999999999955,-0.72,63017.44,565481.779,20230717,20230717.0
2023-07-18,600309.SH,87.25,87.69,86.13,87.47,86.97,0.5,0.57,53419.54,484386.45,20230718,20230718.0
2023-07-19,600309.SH,87.0,87.72,86.99,87.62,87.47,0.1500000000000056,0.17,49743.61,452574.734,20230719,20230719.0
2023-07-20,600309.SH,88.07,89.68,88.0,88.68,87.62,1.0600000000000025,1.21,82318.08,762721.467,20230720,20230720.0
2023-07-21,600309.SH,88.7,89.0,87.69,88.06,88.68,-0.6200000000000045,-0.7,70263.38,645726.481,20230721,20230721.0
2023-07-24,600309.SH,86.76,88.57,86.54,88.44,88.06,0.3799999999999954,0.43,59064.23,540574.181,20230724,20230724.0
2023-07-25,600309.SH,89.3,91.78,89.3,91.2,88.44,2.760000000000005,3.12,138234.05,1309610.811,20230725,20230725.0
2023-07-26,600309.SH,91.2,91.61,90.71,91.32,91.2,0.1199999999999903,0.13,69747.31,662673.111,20230726,20230726.0
2023-07-27,600309.SH,91.7,91.7,90.56,90.99,91.32,-0.3299999999999983,-0.36,54907.98,520384.798,20230727,20230727.0
2023-07-28,600309.SH,90.37,92.34,90.34,92.0,90.99,1.0100000000000051,1.11,159770.09,1525072.523,20230728,20230728.0
2023-07-31,600309.SH,93.05,95.91,93.05,93.97,92.0,1.9699999999999989,2.14,165409.85,1625504.945,20230731,20230731.0
2023-08-01,600309.SH,93.43,95.36,93.15,93.82,93.97,-0.1500000000000056,-0.16,86633.97,848423.432,20230801,20230801.0
2023-08-02,600309.SH,94.09,94.18,92.72,93.29,93.82,-0.5299999999999869,-0.56,45313.56,439609.428,20230802,20230802.0
2023-08-03,600309.SH,93.51,93.56,92.39,92.91,93.29,-0.3800000000000096,-0.41,56385.35,544737.758,20230803,20230803.0
2023-08-04,600309.SH,93.5,94.47,92.39,92.8,92.91,-0.1099999999999994,-0.12,62118.74,602705.157,20230804,20230804.0
2023-08-07,600309.SH,93.0,93.42,92.29,93.18,92.8,0.3800000000000096,0.41,61049.1,590386.118,20230807,20230807.0
2023-08-08,600309.SH,92.77,94.0,92.29,93.28,93.18,0.0999999999999943,0.11,53332.71,516425.392,20230808,20230808.0
2023-08-09,600309.SH,92.74,93.67,92.62,93.2,93.28,-0.0799999999999983,-0.09,45379.39,439596.536,20230809,20230809.0
2023-08-10,600309.SH,93.17,93.82,91.89,93.0,93.2,-0.2000000000000028,-0.21,60431.43,584536.289,20230810,20230810.0
2023-08-11,600309.SH,93.45,93.46,91.32,91.32,93.0,-1.6800000000000068,-1.81,76181.53,728994.455,20230811,20230811.0
2023-08-14,600309.SH,89.62,91.48,89.49,90.73,91.32,-0.5899999999999892,-0.65,85772.88,809085.468,20230814,20230814.0
2023-08-15,600309.SH,90.8,91.24,89.91,90.96,90.73,0.2299999999999897,0.25,50113.31,472995.862,20230815,20230815.0
2023-08-16,600309.SH,90.33,90.73,89.6,90.1,90.96,-0.8599999999999994,-0.95,64255.76,601963.178,20230816,20230816.0
2023-08-17,600309.SH,89.65,90.15,88.63,89.56,90.1,-0.539999999999992,-0.6,73062.5,680168.901,20230817,20230817.0
2023-08-18,600309.SH,89.3,89.68,88.24,88.24,89.56,-1.3200000000000074,-1.47,81928.46,756588.39,20230818,20230818.0
2023-08-21,600309.SH,87.48,89.33,87.28,87.95,88.24,-0.289999999999992,-0.33,90481.29,832390.824,20230821,20230821.0
2023-08-22,600309.SH,88.44,90.05,88.06,89.44,87.95,1.4899999999999949,1.69,83046.76,770596.295,20230822,20230822.0
2023-08-23,600309.SH,89.11,89.79,87.63,87.92,89.44,-1.519999999999996,-1.7,77153.77,711932.297,20230823,20230823.0
2023-08-24,600309.SH,87.76,89.94,87.76,89.28,87.92,1.3599999999999994,1.55,73103.51,678391.86,20230824,20230824.0
2023-08-25,600309.SH,88.65,90.05,88.58,89.21,89.28,-0.0700000000000073,-0.08,65605.54,608786.207,20230825,20230825.0
2023-08-28,600309.SH,92.76,93.24,89.4,89.69,89.21,0.480000000000004,0.54,122225.77,1159563.12,20230828,20230828.0
2023-08-29,600309.SH,90.57,91.2,89.16,89.81,89.69,0.1200000000000045,0.13,94656.2,886719.882,20230829,20230829.0
2023-08-30,600309.SH,90.26,91.29,89.41,90.02,89.81,0.2099999999999937,0.23,80316.81,754225.477,20230830,20230830.0
2023-08-31,600309.SH,89.97,90.89,89.79,90.12,90.02,0.1000000000000085,0.11,57316.52,537364.037,20230831,20230831.0
2023-09-01,600309.SH,90.12,92.98,90.12,92.84,90.12,2.719999999999999,3.02,101934.69,979085.294,20230901,20230901.0
2023-09-04,600309.SH,93.75,95.26,92.86,93.97,92.84,1.1299999999999957,1.22,140067.79,1373996.003,20230904,20230904.0
2023-09-05,600309.SH,93.42,94.01,92.76,93.39,93.97,-0.5799999999999983,-0.62,52702.5,512051.476,20230905,20230905.0
2023-09-06,600309.SH,93.11,93.72,92.47,92.79,93.39,-0.5999999999999943,-0.64,45175.87,436963.893,20230906,20230906.0
2023-09-07,600309.SH,92.79,93.24,91.7,92.39,92.79,-0.4000000000000057,-0.43,56659.22,545365.684,20230907,20230907.0
2023-09-08,600309.SH,92.36,92.46,90.6,90.89,92.39,-1.5,-1.62,41882.64,396950.763,20230908,20230908.0
2023-09-11,600309.SH,90.92,92.04,90.66,90.96,90.89,0.0699999999999931,0.08,50715.23,481573.157,20230911,20230911.0
2023-09-12,600309.SH,90.89,91.44,90.47,90.66,90.96,-0.2999999999999971,-0.33,47955.86,453483.099,20230912,20230912.0
2023-09-13,600309.SH,91.32,92.24,90.47,90.7,90.66,0.0400000000000062,0.04,56656.17,537002.58,20230913,20230913.0
2023-09-14,600309.SH,91.41,91.5,89.95,90.37,90.7,-0.3299999999999983,-0.36,63418.22,596302.739,20230914,20230914.0
2023-09-15,600309.SH,90.71,90.84,88.61,89.24,90.37,-1.1300000000000097,-1.25,68807.84,640950.77,20230915,20230915.0
2023-09-18,600309.SH,89.2,89.99,88.49,89.49,89.24,0.25,0.28,57024.28,530348.096,20230918,20230918.0
2023-09-19,600309.SH,89.4,89.69,88.01,89.21,89.49,-0.2800000000000011,-0.31,64229.68,593471.478,20230919,20230919.0
2023-09-20,600309.SH,89.21,89.4,87.9,88.17,89.21,-1.039999999999992,-1.17,44882.2,411860.989,20230920,20230920.0
2023-09-21,600309.SH,87.79,88.4,87.56,87.59,88.17,-0.5799999999999983,-0.66,63086.27,577257.174,20230921,20230921.0
2023-09-22,600309.SH,87.48,89.62,87.21,89.58,87.59,1.9899999999999949,2.27,101497.7,933620.987,20230922,20230922.0
2023-09-25,600309.SH,90.16,90.16,87.76,87.89,89.58,-1.6899999999999975,-1.89,86211.07,792243.753,20230925,20230925.0
2023-09-26,600309.SH,87.28,88.13,87.28,87.59,87.89,-0.2999999999999971,-0.34,54435.02,496303.99,20230926,20230926.0
2023-09-27,600309.SH,87.59,87.93,85.23,85.75,87.59,-1.8400000000000036,-2.1,130435.99,1168081.108,20230927,20230927.0
2023-09-28,600309.SH,85.98,86.2,83.98,84.9,85.75,-0.8499999999999943,-0.99,111354.04,983242.919,20230928,20230928.0
2023-10-09,600309.SH,84.59,85.12,84.11,84.49,84.9,-0.4100000000000108,-0.48,67733.67,595813.848,20231009,20231009.0
2023-10-10,600309.SH,85.44,85.44,83.51,83.72,84.49,-0.769999999999996,-0.91,77824.04,681156.76,20231010,20231010.0
2023-10-11,600309.SH,84.86,85.42,83.99,84.1,83.72,0.3799999999999954,0.45,84493.42,743459.576,20231011,20231011.0
2023-10-12,600309.SH,85.44,85.83,83.44,83.83,84.1,-0.269999999999996,-0.32,96282.79,845215.213,20231012,20231012.0
2023-10-13,600309.SH,83.15,83.82,82.94,83.71,83.83,-0.1200000000000045,-0.14,53214.73,461673.399,20231013,20231013.0
2023-10-16,600309.SH,83.63,84.06,82.67,83.05,83.71,-0.6599999999999966,-0.79,85167.38,737457.184,20231016,20231016.0
2023-10-17,600309.SH,82.97,84.24,82.5,84.17,83.05,1.1200000000000043,1.35,77118.2,671814.565,20231017,20231017.0
2023-10-18,600309.SH,83.62,83.92,82.55,82.64,84.17,-1.5300000000000011,-1.82,54789.61,473530.611,20231018,20231018.0
2023-10-19,600309.SH,81.8,82.49,81.55,81.56,82.64,-1.0799999999999983,-1.31,80863.02,688646.645,20231019,20231019.0
2023-10-20,600309.SH,81.18,82.0,81.1,81.71,81.56,0.1499999999999914,0.18,76724.37,651180.5,20231020,20231020.0
2023-10-23,600309.SH,81.7,81.71,79.83,80.63,81.71,-1.0799999999999983,-1.32,63183.91,530104.804,20231023,20231023.0
2023-10-24,600309.SH,80.63,81.71,80.61,81.38,80.63,0.75,0.93,82505.36,697682.925,20231024,20231024.0
2023-10-25,600309.SH,83.0,83.73,82.57,82.63,81.38,1.25,1.54,96977.31,838172.693,20231025,20231025.0
2023-10-26,600309.SH,82.69,83.33,81.61,82.68,82.63,0.0500000000000113,0.06,55685.46,477447.232,20231026,20231026.0
2023-10-27,600309.SH,82.67,84.5,82.31,84.45,82.68,1.769999999999996,2.14,78387.57,683636.767,20231027,20231027.0
2023-10-30,600309.SH,83.73,85.76,83.45,85.2,84.45,0.75,0.89,78558.75,693964.761,20231030,20231030.0
2023-10-31,600309.SH,85.15,85.36,84.25,85.36,85.2,0.1599999999999966,0.19,55055.92,486186.685,20231031,20231031.0
2023-11-01,600309.SH,85.23,85.41,82.19,82.19,85.36,-3.1700000000000017,-3.71,114378.49,989654.881,20231101,20231101.0
2023-11-02,600309.SH,83.1,83.82,82.4,83.01,82.19,0.8200000000000074,1.0,75500.61,653176.879,20231102,20231102.0
2023-11-03,600309.SH,83.02,83.84,82.41,83.72,83.01,0.7099999999999937,0.86,46231.54,401156.683,20231103,20231103.0
2023-11-06,600309.SH,83.95,85.18,83.92,84.74,83.72,1.019999999999996,1.22,79429.08,698102.755,20231106,20231106.0
2023-11-07,600309.SH,84.31,84.44,83.27,83.82,84.74,-0.9200000000000016,-1.09,68060.13,592433.87,20231107,20231107.0
2023-11-08,600309.SH,83.61,83.63,78.71,80.15,83.82,-3.669999999999988,-4.38,328420.22,2737518.305,20231108,20231108.0
2023-11-09,600309.SH,79.38,81.97,79.21,81.67,80.15,1.519999999999996,1.9,197778.5,1671133.459,20231109,20231109.0
2023-11-10,600309.SH,81.38,82.0,79.67,80.1,81.67,-1.5700000000000074,-1.92,121529.29,1017814.383,20231110,20231110.0
2023-11-13,600309.SH,80.25,80.48,79.32,79.88,80.1,-0.2199999999999988,-0.27,92355.84,766722.805,20231113,20231113.0
2023-11-14,600309.SH,80.03,80.73,78.83,79.48,79.88,-0.3999999999999915,-0.5,101942.7,841974.077,20231114,20231114.0
2023-11-15,600309.SH,79.96,80.58,79.28,80.07,79.48,0.5899999999999892,0.74,105194.45,873683.395,20231115,20231115.0
2023-11-16,600309.SH,80.06,80.06,79.02,79.16,80.07,-0.9099999999999966,-1.14,76773.0,632777.402,20231116,20231116.0
2023-11-17,600309.SH,79.02,79.34,78.11,79.11,79.16,-0.0499999999999971,-0.06,118090.48,965732.699,20231117,20231117.0
2023-11-20,600309.SH,79.3,79.67,78.44,79.11,79.11,0.0,0.0,86138.83,707632.403,20231120,20231120.0
2023-11-21,600309.SH,79.3,80.6,79.16,79.53,79.11,0.4200000000000017,0.53,133489.16,1109734.001,20231121,20231121.0
2023-11-22,600309.SH,79.48,79.48,78.54,78.65,79.53,-0.8799999999999955,-1.11,71358.36,585574.883,20231122,20231122.0
2023-11-23,600309.SH,78.49,78.86,77.87,78.58,78.65,-0.0700000000000073,-0.09,79807.45,650526.417,20231123,20231123.0
2023-11-24,600309.SH,78.42,78.93,78.22,78.25,78.58,-0.3299999999999983,-0.42,63598.6,519451.466,20231124,20231124.0
2023-11-27,600309.SH,77.96,78.25,76.82,78.04,78.25,-0.2099999999999937,-0.27,123554.82,995806.118,20231127,20231127.0
2023-11-28,600309.SH,78.04,78.06,77.38,77.67,78.04,-0.3700000000000045,-0.47,58007.64,468588.75,20231128,20231128.0
2023-11-29,600309.SH,77.67,77.76,76.91,77.23,77.67,-0.4399999999999977,-0.57,75310.46,605281.462,20231129,20231129.0
2023-11-30,600309.SH,77.41,77.75,76.96,77.53,77.23,0.2999999999999971,0.39,64244.04,516872.988,20231130,20231130.0
2023-12-01,600309.SH,77.15,77.24,75.12,75.82,77.53,-1.710000000000008,-2.21,161763.0,1279827.125,20231201,20231201.0
2023-12-04,600309.SH,75.94,76.48,75.19,76.18,75.82,0.3600000000000136,0.47,81528.63,644861.524,20231204,20231204.0
2023-12-05,600309.SH,76.6,76.6,74.73,74.76,76.18,-1.4200000000000017,-1.86,86110.45,675306.863,20231205,20231205.0
2023-12-06,600309.SH,74.51,75.0,73.97,74.11,74.76,-0.6500000000000057,-0.87,114751.55,886553.878,20231206,20231206.0
2023-12-07,600309.SH,74.11,74.76,72.94,73.04,74.11,-1.0699999999999932,-1.44,116809.99,891136.778,20231207,20231207.0
2023-12-08,600309.SH,73.03,73.39,72.58,73.24,73.04,0.1999999999999886,0.27,116521.76,885044.343,20231208,20231208.0
2023-12-11,600309.SH,72.63,73.92,71.95,73.64,73.24,0.4000000000000057,0.55,100056.24,758314.459,20231211,20231211.0
2023-12-12,600309.SH,73.54,73.54,72.48,73.22,73.64,-0.4200000000000017,-0.57,89051.01,675606.9,20231212,20231212.0
2023-12-13,600309.SH,73.13,73.14,70.62,70.81,73.22,-2.4099999999999966,-3.29,159132.1,1181723.859,20231213,20231213.0
2023-12-14,600309.SH,71.27,72.84,70.99,72.14,70.81,1.3299999999999983,1.88,180787.91,1357954.042,20231214,20231214.0
2023-12-15,600309.SH,72.43,73.69,72.01,72.25,72.14,0.1099999999999994,0.15,119867.67,906443.955,20231215,20231215.0
2023-12-18,600309.SH,72.25,73.3,71.09,72.93,72.25,0.6800000000000068,0.94,101306.51,767285.659,20231218,20231218.0
2023-12-19,600309.SH,72.4,72.9,72.0,72.86,72.93,-0.0700000000000073,-0.1,67669.73,510334.538,20231219,20231219.0
2023-12-20,600309.SH,72.87,73.53,72.64,72.89,72.86,0.0300000000000011,0.04,84388.29,641943.775,20231220,20231220.0
2023-12-21,600309.SH,72.64,74.16,72.33,73.71,72.89,0.8199999999999932,1.12,102353.96,783084.223,20231221,20231221.0
2023-12-22,600309.SH,74.07,74.42,73.07,74.37,73.71,0.6600000000000108,0.9,89266.5,686063.021,20231222,20231222.0
2023-12-25,600309.SH,74.38,74.87,74.04,74.64,74.37,0.269999999999996,0.36,54931.72,425650.415,20231225,20231225.0
2023-12-26,600309.SH,74.6,74.66,73.39,73.85,74.64,-0.7900000000000063,-1.06,54676.69,420103.376,20231226,20231226.0
2023-12-27,600309.SH,73.85,74.56,72.94,73.25,73.85,-0.5999999999999943,-0.81,86786.04,663490.435,20231227,20231227.0
2023-12-28,600309.SH,73.63,75.35,73.34,75.17,73.25,1.9200000000000017,2.62,124737.3,969219.376,20231228,20231228.0
2023-12-29,600309.SH,75.17,75.55,73.74,73.84,75.17,-1.3299999999999983,-1.77,136951.66,1058322.144,20231229,20231229.0
2024-01-02,600309.SH,73.92,73.94,72.62,72.74,73.84,-1.1000000000000083,-1.49,96389.11,732446.071,20240102,20240102.0
2024-01-03,600309.SH,72.59,73.06,72.09,72.62,72.74,-0.1199999999999903,-0.16,85717.6,646526.316,20240103,20240103.0
2024-01-04,600309.SH,72.29,73.29,71.42,72.25,72.62,-0.3700000000000045,-0.51,94171.55,705143.734,20240104,20240104.0
2024-01-05,600309.SH,72.09,73.13,71.65,72.29,72.25,0.0400000000000062,0.06,79455.31,598183.119,20240105,20240105.0
2024-01-08,600309.SH,72.09,72.39,70.68,70.78,72.29,-1.5100000000000051,-2.09,75435.44,558674.19,20240108,20240108.0
2024-01-09,600309.SH,70.84,70.99,69.32,69.52,70.78,-1.2600000000000051,-1.78,103765.19,754364.587,20240109,20240109.0
2024-01-10,600309.SH,69.22,70.6,69.21,70.17,69.52,0.6500000000000057,0.93,87546.51,638026.618,20240110,20240110.0
2024-01-11,600309.SH,70.04,70.08,68.55,68.71,70.17,-1.460000000000008,-2.08,125805.54,902725.736,20240111,20240111.0
2024-01-12,600309.SH,68.51,68.7,67.55,68.1,68.71,-0.6099999999999994,-0.89,118519.86,840159.169,20240112,20240112.0
2024-01-15,600309.SH,67.92,68.04,66.98,67.11,68.1,-0.9899999999999948,-1.45,125433.31,879813.017,20240115,20240115.0
2024-01-16,600309.SH,67.0,67.61,66.36,67.35,67.11,0.2399999999999948,0.36,118083.3,823603.775,20240116,20240116.0
2024-01-17,600309.SH,67.35,67.35,65.08,65.08,67.35,-2.269999999999996,-3.37,141452.82,969778.391,20240117,20240117.0
2024-01-18,600309.SH,64.74,67.25,64.19,67.11,65.08,2.030000000000001,3.12,180312.45,1224832.35,20240118,20240118.0
2024-01-19,600309.SH,66.78,67.71,66.34,67.48,67.11,0.3700000000000045,0.55,133997.1,936363.648,20240119,20240119.0
2024-01-22,600309.SH,67.42,68.53,65.53,66.49,67.48,-0.9900000000000092,-1.47,222455.33,1560668.984,20240122,20240122.0
2024-01-23,600309.SH,66.49,67.39,65.99,66.92,66.49,0.4300000000000068,0.65,99871.53,693491.222,20240123,20240123.0
2024-01-24,600309.SH,67.72,67.76,66.09,67.58,66.92,0.6599999999999966,0.99,102873.12,717814.151,20240124,20240124.0
2024-01-25,600309.SH,67.9,69.51,67.34,69.3,67.58,1.7199999999999989,2.55,118143.08,844986.929,20240125,20240125.0
2024-01-26,600309.SH,69.02,70.6,68.97,70.17,69.3,0.8700000000000045,1.26,118425.96,863137.559,20240126,20240126.0
2024-01-29,600309.SH,70.54,71.07,69.88,69.88,70.17,-0.2900000000000062,-0.41,89999.33,658976.919,20240129,20240129.0
2024-01-30,600309.SH,69.59,70.01,68.12,68.48,69.88,-1.3999999999999917,-2.0,94994.55,679663.865,20240130,20240130.0
2024-01-31,600309.SH,68.44,68.92,66.97,66.99,68.48,-1.490000000000009,-2.18,101779.09,714918.065,20240131,20240131.0
2024-02-01,600309.SH,67.33,68.35,66.91,67.49,66.99,0.5,0.75,121272.25,854375.251,20240201,20240201.0
2024-02-02,600309.SH,67.91,67.91,64.22,65.09,67.49,-2.3999999999999915,-3.56,197405.37,1354308.834,20240202,20240202.0
2024-02-05,600309.SH,65.8,68.44,65.65,67.3,65.09,2.2099999999999937,3.4,317069.73,2217115.854,20240205,20240205.0
2024-02-06,600309.SH,67.3,69.85,66.96,69.5,67.3,2.200000000000003,3.27,279208.62,1993820.669,20240206,20240206.0
2024-02-07,600309.SH,69.5,70.63,68.68,70.51,69.5,1.0100000000000051,1.45,247917.89,1805372.248,20240207,20240207.0
2024-02-08,600309.SH,70.69,72.39,70.54,71.65,70.51,1.1400000000000006,1.62,230213.62,1714969.672,20240208,20240208.0
2024-02-19,600309.SH,72.58,72.73,71.08,71.72,71.65,0.0699999999999931,0.1,140315.24,1047351.829,20240219,20240219.0
2024-02-20,600309.SH,71.73,72.27,71.12,72.06,71.72,0.3400000000000034,0.47,121953.95,911707.01,20240220,20240220.0
2024-02-21,600309.SH,71.98,76.23,71.74,75.01,72.06,2.950000000000003,4.09,211498.98,1636363.503,20240221,20240221.0
2024-02-22,600309.SH,74.81,75.93,74.42,75.75,75.01,0.7399999999999949,0.99,123665.01,969002.616,20240222,20240222.0
2024-02-23,600309.SH,75.37,76.04,74.37,74.61,75.75,-1.1400000000000006,-1.5,105571.01,823453.405,20240223,20240223.0
2024-02-26,600309.SH,74.62,74.98,73.42,73.82,74.61,-0.7900000000000063,-1.06,97432.79,750760.353,20240226,20240226.0
2024-02-27,600309.SH,73.82,75.32,73.71,75.28,73.82,1.460000000000008,1.98,127086.26,990037.795,20240227,20240227.0
2024-02-28,600309.SH,75.56,76.18,74.7,74.78,75.28,-0.5,-0.66,115948.59,907952.107,20240228,20240228.0
2024-02-29,600309.SH,74.68,76.53,74.63,76.47,74.78,1.6899999999999975,2.26,143677.94,1134659.756,20240229,20240229.0
2024-03-01,600309.SH,76.13,76.44,75.56,75.68,76.47,-0.789999999999992,-1.03,101937.94,804414.288,20240301,20240301.0
2024-03-04,600309.SH,75.62,75.75,72.96,73.19,75.68,-2.490000000000009,-3.29,216447.46,1660091.765,20240304,20240304.0
2024-03-05,600309.SH,72.67,74.08,72.53,73.89,73.19,0.7000000000000028,0.96,160289.71,1224540.603,20240305,20240305.0
2024-03-06,600309.SH,73.89,74.02,72.88,73.01,73.89,-0.8799999999999955,-1.19,89461.61,682632.732,20240306,20240306.0
2024-03-07,600309.SH,73.01,74.25,72.94,74.02,73.01,1.009999999999991,1.38,111431.04,855282.98,20240307,20240307.0
2024-03-08,600309.SH,73.79,74.68,73.71,74.19,74.02,0.1700000000000017,0.23,98987.75,763741.268,20240308,20240308.0
2024-03-11,600309.SH,74.27,74.85,73.88,74.42,74.19,0.2300000000000039,0.31,98188.26,758722.726,20240311,20240311.0
2024-03-12,600309.SH,74.7,76.42,74.04,75.96,74.42,1.539999999999992,2.07,181002.51,1417982.755,20240312,20240312.0
2024-03-13,600309.SH,76.13,76.38,74.59,75.22,75.96,-0.7399999999999949,-0.97,104668.4,819591.513,20240313,20240313.0
2024-03-14,600309.SH,75.23,75.45,74.03,74.3,75.22,-0.9200000000000016,-1.22,95341.39,739185.03,20240314,20240314.0
2024-03-15,600309.SH,74.3,75.46,73.67,75.26,74.3,0.960000000000008,1.29,109686.0,850073.084,20240315,20240315.0
2024-03-18,600309.SH,75.27,76.19,74.76,75.93,75.26,0.6700000000000017,0.89,102678.8,808770.005,20240318,20240318.0
2024-03-19,600309.SH,75.56,76.02,73.76,75.54,75.93,-0.3900000000000005,-0.51,128400.96,1003854.789,20240319,20240319.0
2024-03-20,600309.SH,75.16,75.87,74.76,74.86,75.54,-0.6800000000000068,-0.9,87322.57,683087.895,20240320,20240320.0
2024-03-21,600309.SH,75.17,75.27,74.08,74.21,74.86,-0.6500000000000057,-0.87,87386.6,676768.938,20240321,20240321.0
2024-03-22,600309.SH,74.05,74.5,73.16,74.25,74.21,0.0400000000000062,0.05,103740.56,797360.025,20240322,20240322.0
2024-03-25,600309.SH,74.25,75.84,74.07,75.21,74.25,0.9599999999999936,1.29,142507.57,1113332.86,20240325,20240325.0
2024-03-26,600309.SH,75.07,77.0,75.01,76.91,75.21,1.7000000000000028,2.26,152008.5,1203167.758,20240326,20240326.0
2024-03-27,600309.SH,76.89,78.34,76.15,76.65,76.91,-0.2599999999999909,-0.34,174824.14,1410525.317,20240327,20240327.0
2024-03-28,600309.SH,76.42,78.33,76.18,77.33,76.65,0.6799999999999926,0.89,119067.59,957028.948,20240328,20240328.0
2024-03-29,600309.SH,77.29,79.78,77.29,79.59,77.33,2.260000000000005,2.92,144184.24,1186856.152,20240329,20240329.0
2024-04-01,600309.SH,80.17,82.78,80.08,81.27,79.59,1.6799999999999926,2.11,193533.17,1641734.815,20240401,20240401.0
2024-04-02,600309.SH,81.23,82.65,80.94,81.71,81.27,0.4399999999999977,0.54,112407.65,957275.439,20240402,20240402.0
2024-04-03,600309.SH,81.59,82.16,80.79,81.61,81.71,-0.0999999999999943,-0.12,98814.46,837823.521,20240403,20240403.0
2024-04-08,600309.SH,81.62,84.07,81.37,83.63,81.61,2.019999999999996,2.48,201503.38,1743628.069,20240408,20240408.0
2024-04-09,600309.SH,83.62,85.23,83.0,83.53,83.63,-0.0999999999999943,-0.12,180637.48,1574904.87,20240409,20240409.0
2024-04-10,600309.SH,83.62,84.2,83.03,84.03,83.53,0.5,0.6,126110.45,1100585.77,20240410,20240410.0
2024-04-11,600309.SH,83.51,84.14,82.67,83.44,84.03,-0.5900000000000034,-0.7,114491.18,995052.873,20240411,20240411.0
2024-04-12,600309.SH,83.15,83.57,82.17,82.77,83.44,-0.6700000000000017,-0.8,139203.58,1197344.654,20240412,20240412.0
2024-04-15,600309.SH,82.76,85.06,82.7,84.59,82.77,1.8200000000000076,2.2,173721.6,1524071.053,20240415,20240415.0
2024-04-16,600309.SH,84.53,85.2,83.37,83.63,84.59,-0.960000000000008,-1.13,150895.04,1322053.316,20240416,20240416.0
2024-04-17,600309.SH,83.58,84.11,82.86,83.71,83.63,0.0799999999999983,0.1,104412.18,906349.938,20240417,20240417.0
2024-04-18,600309.SH,83.5,85.17,82.89,83.83,83.71,0.1200000000000045,0.14,118306.84,1036479.456,20240418,20240418.0
2024-04-19,600309.SH,83.63,84.16,82.31,83.2,83.83,-0.6299999999999955,-0.75,136851.04,1187246.131,20240419,20240419.0
2024-04-22,600309.SH,83.8,85.71,83.42,84.53,83.2,1.3299999999999983,1.6,140806.22,1220295.471,20240422,20240422.0
2024-04-23,600309.SH,84.25,84.72,82.45,82.78,84.53,-1.75,-2.07,118534.33,1005637.67,20240423,20240423.0
2024-04-24,600309.SH,83.51,83.51,82.06,82.71,82.78,-0.0700000000000073,-0.08,87000.27,733521.619,20240424,20240424.0
2024-04-25,600309.SH,82.65,83.22,81.87,82.78,82.71,0.0700000000000073,0.08,88403.02,745076.622,20240425,20240425.0
2024-04-26,600309.SH,82.76,85.7,82.72,84.97,82.78,2.1899999999999977,2.65,165540.85,1428141.212,20240426,20240426.0
2024-04-29,600309.SH,84.97,90.75,84.74,88.02,84.97,3.049999999999997,3.59,247390.05,2235660.969,20240429,20240429.0
2024-04-30,600309.SH,88.47,89.25,87.28,87.28,88.02,-0.7399999999999949,-0.84,98231.68,883841.131,20240430,20240430.0
2024-05-06,600309.SH,89.14,90.62,88.28,90.06,87.28,2.780000000000001,3.19,200195.52,1837778.837,20240506,20240506.0
2024-05-07,600309.SH,89.99,90.61,89.81,90.08,90.06,0.019999999999996,0.02,104734.91,963849.193,20240507,20240507.0
2024-05-08,600309.SH,90.09,90.42,88.61,89.02,90.08,-1.0600000000000025,-1.18,90705.95,824370.879,20240508,20240508.0
2024-05-09,600309.SH,88.54,89.01,87.37,88.49,89.02,-0.5300000000000011,-0.6,131994.87,1189178.182,20240509,20240509.0
2024-05-10,600309.SH,88.56,89.54,87.67,88.38,88.49,-0.1099999999999994,-0.12,110644.27,997034.122,20240510,20240510.0
2024-05-13,600309.SH,88.07,89.49,87.46,88.75,88.38,0.3700000000000045,0.42,99943.8,905643.533,20240513,20240513.0
2024-05-14,600309.SH,88.78,89.08,87.56,87.84,88.75,-0.9099999999999966,-1.03,85479.63,768960.139,20240514,20240514.0
2024-05-15,600309.SH,87.83,88.26,86.21,86.89,87.84,-0.9500000000000028,-1.08,85873.72,762771.204,20240515,20240515.0
2024-05-16,600309.SH,86.87,87.44,86.07,86.94,86.89,0.0499999999999971,0.06,97363.11,861707.451,20240516,20240516.0
2024-05-17,600309.SH,86.5,88.24,86.5,88.22,86.94,1.2800000000000011,1.47,100872.64,901145.081,20240517,20240517.0
2024-05-20,600309.SH,88.65,89.72,86.98,88.0,88.22,-0.2199999999999988,-0.25,127766.01,1151088.807,20240520,20240520.0
2024-05-21,600309.SH,87.68,87.97,86.32,86.79,88.0,-1.2099999999999935,-1.37,79245.12,704230.736,20240521,20240521.0
2024-05-22,600309.SH,87.65,90.34,87.38,89.42,86.79,2.6299999999999955,3.03,222422.89,2026540.993,20240522,20240522.0
2024-05-23,600309.SH,88.94,88.99,86.99,87.27,89.42,-2.1500000000000057,-2.4,115112.08,1028858.521,20240523,20240523.0
2024-05-24,600309.SH,87.0,87.62,86.23,86.9,87.27,-0.3699999999999903,-0.42,110292.25,978103.383,20240524,20240524.0
2024-05-27,600309.SH,86.63,89.0,86.6,88.69,86.9,1.789999999999992,2.06,108152.48,974601.118,20240527,20240527.0
2024-05-28,600309.SH,88.69,89.15,88.17,88.28,88.69,-0.4099999999999966,-0.46,74346.25,671866.254,20240528,20240528.0
2024-05-29,600309.SH,88.02,89.4,88.02,88.58,88.28,0.2999999999999971,0.34,88145.88,799879.292,20240529,20240529.0
2024-05-30,600309.SH,88.58,90.3,86.65,87.06,88.58,-1.519999999999996,-1.72,140117.05,1261862.602,20240530,20240530.0
2024-05-31,600309.SH,88.05,88.05,85.62,85.76,87.06,-1.2999999999999972,-1.49,117405.84,1034548.711,20240531,20240531.0
2024-06-03,600309.SH,85.47,86.16,85.03,85.44,85.76,-0.3200000000000074,-0.37,97821.84,853371.08,20240603,20240603.0
2024-06-04,600309.SH,85.4,86.94,85.23,86.3,85.44,0.8599999999999994,1.01,86282.66,761120.086,20240604,20240604.0
2024-06-05,600309.SH,86.69,86.72,85.87,86.34,86.3,0.0400000000000062,0.05,51997.83,458337.869,20240605,20240605.0
2024-06-06,600309.SH,86.4,88.44,86.34,86.99,86.34,0.6499999999999915,0.75,98514.2,879520.991,20240606,20240606.0
2024-06-07,600309.SH,87.88,87.97,85.71,86.19,86.99,-0.7999999999999972,-0.92,75729.01,668137.933,20240607,20240607.0
2024-06-11,600309.SH,86.38,86.84,85.26,86.5,86.19,0.3100000000000023,0.36,73561.54,646381.076,20240611,20240611.0
2024-06-12,600309.SH,86.51,86.68,84.02,84.88,86.5,-1.6200000000000043,-1.87,117531.55,1018061.59,20240612,20240612.0
2024-06-13,600309.SH,85.01,85.08,83.28,84.01,84.88,-0.8699999999999903,-1.02,101181.15,867162.741,20240613,20240613.0
2024-06-14,600309.SH,83.78,85.37,82.21,84.71,84.01,0.6999999999999886,0.83,154341.96,1318115.955,20240614,20240614.0
2024-06-17,600309.SH,84.39,85.3,83.63,84.0,84.71,-0.7099999999999937,-0.84,99565.14,856106.648,20240617,20240617.0
2024-06-18,600309.SH,84.06,84.29,82.88,83.39,84.0,-0.6099999999999994,-0.73,75874.72,646095.027,20240618,20240618.0
2024-06-19,600309.SH,83.38,83.56,82.06,82.48,83.39,-0.9099999999999966,-1.09,118025.02,993727.389,20240619,20240619.0
2024-06-20,600309.SH,82.49,83.85,82.23,82.33,82.48,-0.1500000000000056,-0.18,88540.35,747826.012,20240620,20240620.0
2024-06-21,600309.SH,82.33,82.58,80.83,81.6,82.33,-0.730000000000004,-0.89,94078.64,783077.014,20240621,20240621.0
2024-06-24,600309.SH,81.7,82.75,80.79,82.56,81.6,0.960000000000008,1.18,113688.5,950428.47,20240624,20240624.0
2024-06-25,600309.SH,82.95,84.49,82.14,84.03,82.56,1.4699999999999989,1.78,132209.14,1130044.495,20240625,20240625.0
2024-06-26,600309.SH,83.74,84.05,82.93,83.65,84.03,-0.3799999999999954,-0.45,82363.53,703111.21,20240626,20240626.0
2024-06-27,600309.SH,83.36,83.71,80.4,81.4,83.65,-2.25,-2.69,182364.98,1515362.316,20240627,20240627.0
2024-06-28,600309.SH,81.12,81.63,79.21,79.21,81.4,-2.190000000000012,-2.69,190360.39,1554546.092,20240628,20240628.0
2024-07-01,600309.SH,78.96,81.11,78.96,80.62,79.21,1.4100000000000108,1.78,109442.45,898168.984,20240701,20240701.0
2024-07-02,600309.SH,79.93,80.8,78.64,78.66,80.62,-1.960000000000008,-2.43,144155.98,1166205.645,20240702,20240702.0
2024-07-03,600309.SH,78.66,79.62,78.49,78.78,78.66,0.1200000000000045,0.15,74683.45,602036.3,20240703,20240703.0
2024-07-04,600309.SH,79.2,79.51,77.78,79.36,78.78,0.5799999999999983,0.74,103398.38,832074.345,20240704,20240704.0
2024-07-05,600309.SH,79.26,79.64,78.18,79.45,79.36,0.0900000000000034,0.11,93077.0,750107.667,20240705,20240705.0
2024-07-08,600309.SH,78.97,78.98,77.58,77.62,79.45,-1.8299999999999983,-2.3,96050.13,765209.507,20240708,20240708.0
2024-07-09,600309.SH,77.58,77.86,76.41,76.98,77.62,-0.6400000000000006,-0.82,111466.5,876192.561,20240709,20240709.0
2024-07-10,600309.SH,76.82,77.74,75.82,76.16,76.98,-0.8200000000000074,-1.07,87811.55,685361.002,20240710,20240710.0
2024-07-11,600309.SH,76.54,79.67,76.17,78.89,76.16,2.730000000000004,3.58,145118.03,1161792.93,20240711,20240711.0
2024-07-12,600309.SH,79.64,82.24,79.35,81.62,78.89,2.730000000000004,3.46,163353.2,1353422.384,20240712,20240712.0
2024-07-15,600309.SH,81.8,82.04,79.65,79.93,81.62,-1.6899999999999975,-2.07,99133.4,813363.082,20240715,20240715.0
2024-07-16,600309.SH,79.79,80.8,79.59,80.1,79.93,0.1699999999999875,0.21,80404.29,658638.15,20240716,20240716.0
2024-07-17,600309.SH,80.11,80.85,77.88,80.63,80.1,0.5300000000000011,0.66,117961.17,959122.449,20240717,20240717.0
2024-07-18,600309.SH,80.65,80.7,78.94,80.11,80.63,-0.519999999999996,-0.64,110673.91,900209.942,20240718,20240718.0
2024-07-19,600309.SH,79.91,81.28,78.97,80.86,80.11,0.75,0.94,136021.1,1115766.374,20240719,20240719.0
2024-07-22,600309.SH,80.86,81.11,79.05,79.96,80.86,-0.9000000000000057,-1.11,113375.83,924297.623,20240722,20240722.0
2024-07-23,600309.SH,79.94,80.21,77.98,78.07,79.96,-1.8900000000000008,-2.36,96585.95,776693.783,20240723,20240723.0
2024-07-24,600309.SH,78.87,79.01,77.17,77.67,78.07,-0.3999999999999915,-0.51,72106.94,572899.114,20240724,20240724.0
2024-07-25,600309.SH,77.58,78.93,76.43,76.9,77.67,-0.769999999999996,-0.99,92142.92,727806.991,20240725,20240725.0
2024-07-26,600309.SH,77.29,78.66,76.92,77.69,76.9,0.789999999999992,1.03,107030.28,848241.745,20240726,20240726.0
2024-07-29,600309.SH,77.76,77.91,75.91,76.0,77.69,-1.6899999999999975,-2.18,72032.41,561622.163,20240729,20240729.0
2024-07-30,600309.SH,75.92,76.36,72.86,73.63,76.0,-2.3700000000000045,-3.12,150216.6,1133531.847,20240730,20240730.0
2024-07-31,600309.SH,73.55,76.19,73.17,76.02,73.63,2.390000000000001,3.25,137457.59,1052841.456,20240731,20240731.0
2024-08-01,600309.SH,75.92,76.04,72.67,72.73,76.02,-3.289999999999992,-4.33,197499.58,1482880.158,20240801,20240801.0
2024-08-02,600309.SH,72.0,72.79,70.73,72.49,72.73,-0.2400000000000091,-0.33,185326.14,1358650.06,20240802,20240802.0
2024-08-05,600309.SH,71.72,72.69,70.81,70.82,72.49,-1.6700000000000017,-2.3,141863.73,1034848.345,20240805,20240805.0
2024-08-06,600309.SH,71.34,72.15,70.0,70.82,70.82,0.0,0.0,117388.67,849772.117,20240806,20240806.0
2024-08-07,600309.SH,70.68,72.47,70.55,71.99,70.82,1.1700000000000017,1.65,147293.78,1081861.331,20240807,20240807.0
2024-08-08,600309.SH,71.99,75.61,71.99,74.94,71.99,2.950000000000003,4.1,209534.59,1588036.467,20240808,20240808.0
2024-08-09,600309.SH,74.45,75.18,73.74,74.07,74.94,-0.8700000000000045,-1.16,99007.55,751615.383,20240809,20240809.0
2024-08-12,600309.SH,73.69,74.14,72.49,73.39,74.07,-0.6799999999999926,-0.92,70078.24,525433.919,20240812,20240812.0
2024-08-13,600309.SH,73.0,73.16,69.92,71.52,73.39,-1.8700000000000043,-2.55,205133.72,1485519.625,20240813,20240813.0
2024-08-14,600309.SH,71.51,71.51,68.39,69.36,71.52,-2.1599999999999966,-3.02,228153.74,1611282.277,20240814,20240814.0
2024-08-15,600309.SH,69.06,69.92,68.49,68.92,69.36,-0.4399999999999977,-0.63,167196.28,1177921.494,20240815,20240815.0
2024-08-16,600309.SH,68.85,69.88,68.23,69.27,68.92,0.3499999999999943,0.51,125167.78,883872.461,20240816,20240816.0
2024-08-19,600309.SH,69.18,70.46,68.75,69.17,69.27,-0.0999999999999943,-0.14,112562.85,796770.057,20240819,20240819.0
2024-08-20,600309.SH,69.02,69.68,67.98,68.39,69.17,-0.7800000000000011,-1.13,113705.78,797054.013,20240820,20240820.0
2024-08-21,600309.SH,68.5,69.14,67.97,68.68,68.39,0.2900000000000062,0.42,78736.43,552460.938,20240821,20240821.0
2024-08-22,600309.SH,68.67,69.06,68.13,68.47,68.68,-0.2100000000000079,-0.31,69754.59,488430.326,20240822,20240822.0
2024-08-23,600309.SH,68.28,69.81,68.1,69.12,68.47,0.6500000000000057,0.95,98013.82,690393.45,20240823,20240823.0
2024-08-26,600309.SH,69.14,69.52,67.77,68.38,69.12,-0.7400000000000091,-1.07,111761.94,779293.803,20240826,20240826.0
2024-08-27,600309.SH,68.18,68.47,67.76,68.13,68.38,-0.25,-0.37,70850.33,492867.446,20240827,20240827.0
2024-08-28,600309.SH,68.13,68.75,67.78,68.06,68.13,-0.0699999999999931,-0.1,73453.65,511421.51,20240828,20240828.0
2024-08-29,600309.SH,68.2,69.84,67.77,69.37,68.06,1.3100000000000025,1.92,121401.83,857526.996,20240829,20240829.0
2024-08-30,600309.SH,69.43,72.7,68.38,71.51,69.37,2.140000000000001,3.08,200345.26,1456913.726,20240830,20240830.0
2024-09-02,600309.SH,71.31,71.58,69.07,69.39,71.51,-2.1200000000000045,-2.96,119911.58,854968.057,20240902,20240902.0
2024-09-03,600309.SH,69.39,70.02,68.78,69.89,69.39,0.5,0.72,81048.13,576192.617,20240903,20240903.0
2024-09-04,600309.SH,69.55,70.12,68.67,69.25,69.89,-0.6400000000000006,-0.92,97005.81,685939.865,20240904,20240904.0
2024-09-05,600309.SH,69.28,70.32,68.8,69.87,69.25,0.6200000000000045,0.9,100809.2,710221.051,20240905,20240905.0
2024-09-06,600309.SH,69.87,70.59,69.49,69.67,69.87,-0.2000000000000028,-0.29,75826.45,537838.98,20240906,20240906.0
2024-09-09,600309.SH,69.29,70.63,68.19,69.42,69.67,-0.25,-0.36,103733.14,727231.154,20240909,20240909.0
2024-09-10,600309.SH,69.22,69.77,68.31,68.78,69.42,-0.6400000000000006,-0.92,68860.85,480553.714,20240910,20240910.0
2024-09-11,600309.SH,68.51,69.96,67.99,69.74,68.78,0.9599999999999936,1.4,96063.52,674453.392,20240911,20240911.0
2024-09-12,600309.SH,69.36,70.85,69.36,69.8,69.74,0.0600000000000022,0.09,79976.72,568010.555,20240912,20240912.0
2024-09-13,600309.SH,69.96,71.25,69.67,69.94,69.8,0.1400000000000005,0.2,92360.19,659112.329,20240913,20240913.0
2024-09-18,600309.SH,70.07,71.87,70.07,71.8,69.94,1.8599999999999997,2.66,138093.41,996606.81,20240918,20240918.0
2024-09-19,600309.SH,72.04,75.49,71.85,74.62,71.8,2.8200000000000074,3.93,216323.55,1621504.426,20240919,20240919.0
2024-09-20,600309.SH,74.51,74.74,73.52,74.68,74.62,0.0600000000000022,0.08,133339.65,1002325.469,20240920,20240920.0
2024-09-23,600309.SH,74.73,75.66,74.11,74.66,74.68,-0.0200000000000102,-0.03,100787.96,764279.877,20240923,20240923.0
2024-09-24,600309.SH,76.01,77.96,74.66,77.92,74.66,3.260000000000005,4.37,225201.4,1748571.602,20240924,20240924.0
2024-09-25,600309.SH,79.48,80.49,76.55,76.7,77.92,-1.2199999999999989,-1.57,246866.47,1960613.393,20240925,20240925.0
2024-09-26,600309.SH,77.47,79.64,76.44,79.64,76.7,2.9399999999999977,3.83,220232.91,1737918.982,20240926,20240926.0
2024-09-27,600309.SH,81.32,84.86,81.32,84.29,79.64,4.650000000000006,5.84,213327.96,1797185.998,20240927,20240927.0
2024-09-30,600309.SH,88.32,91.75,85.94,90.12,84.29,5.829999999999998,6.92,472789.24,4246617.792,20240930,20240930.0
2024-10-08,600309.SH,99.08,99.08,89.92,92.52,90.12,2.3999999999999915,2.66,544066.47,5184802.475,20241008,20241008.0
2024-10-09,600309.SH,90.79,90.79,83.49,83.76,92.52,-8.759999999999991,-9.47,458294.99,4012286.355,20241009,20241009.0
2024-10-10,600309.SH,83.86,87.29,83.63,84.33,83.76,0.5699999999999932,0.68,275524.97,2382251.322,20241010,20241010.0
2024-10-11,600309.SH,84.08,84.28,79.84,80.92,84.33,-3.4099999999999966,-4.04,249783.3,2061659.747,20241011,20241011.0
2024-10-14,600309.SH,81.42,82.4,80.11,80.85,80.92,-0.0700000000000073,-0.09,335814.25,2753530.004,20241014,20241014.0
2024-10-15,600309.SH,80.93,81.12,78.26,78.39,80.85,-2.4599999999999937,-3.04,243052.5,1961056.381,20241015,20241015.0
2024-10-16,600309.SH,77.77,79.13,77.64,77.8,78.39,-0.5900000000000034,-0.75,188647.83,1496446.555,20241016,20241016.0
2024-10-17,600309.SH,78.08,78.45,75.48,75.49,77.8,-2.3100000000000023,-2.97,260469.88,2019271.085,20241017,20241017.0
2024-10-18,600309.SH,75.33,78.45,74.62,77.19,75.49,1.7000000000000028,2.25,307101.37,2382544.097,20241018,20241018.0
2024-10-21,600309.SH,77.96,78.08,76.09,77.16,77.19,-0.0300000000000011,-0.04,322369.78,2509087.982,20241021,20241021.0
2024-10-22,600309.SH,77.25,79.18,76.87,77.85,77.16,0.6899999999999977,0.89,287766.64,2279915.651,20241022,20241022.0
2024-10-23,600309.SH,78.01,79.03,77.27,78.28,77.85,0.4300000000000068,0.55,298037.52,2354891.3,20241023,20241023.0
2024-10-24,600309.SH,78.06,78.06,75.91,76.38,78.28,-1.9000000000000057,-2.43,264120.23,2049836.115,20241024,20241024.0
2024-10-25,600309.SH,76.46,77.75,75.97,76.7,76.38,0.3200000000000074,0.42,227121.26,1766392.961,20241025,20241025.0
2024-10-28,600309.SH,76.71,79.44,76.71,78.55,76.7,1.8499999999999943,2.41,431055.93,3425050.034,20241028,20241028.0
2024-10-29,600309.SH,77.91,77.91,75.48,75.83,78.55,-2.719999999999999,-3.46,463608.67,3575505.558,20241029,20241029.0
2024-10-30,600309.SH,75.59,76.34,74.88,74.98,75.83,-0.8499999999999943,-1.12,239448.99,1827229.22,20241030,20241030.0
2024-10-31,600309.SH,74.79,75.05,73.58,74.26,74.98,-0.7199999999999989,-0.96,237519.83,1785797.469,20241031,20241031.0
2024-11-01,600309.SH,74.28,76.75,74.02,75.5,74.26,1.2399999999999949,1.67,321770.74,2467355.478,20241101,20241101.0
2024-11-04,600309.SH,75.5,76.36,74.85,76.31,75.5,0.8100000000000023,1.07,222049.25,1700974.413,20241104,20241104.0
2024-11-05,600309.SH,76.09,77.96,75.52,77.84,76.31,1.5300000000000011,2.0,313684.35,2451792.435,20241105,20241105.0
2024-11-06,600309.SH,77.85,78.3,76.48,76.87,77.84,-0.9699999999999988,-1.25,298053.36,2335423.284,20241106,20241106.0
2024-11-07,600309.SH,76.04,78.5,75.87,78.5,76.87,1.6299999999999957,2.12,316260.94,2487477.625,20241107,20241107.0
2024-11-08,600309.SH,79.19,82.49,79.19,80.49,78.5,1.9899999999999949,2.54,471874.58,3880527.827,20241108,20241108.0
2024-11-11,600309.SH,79.29,80.19,78.53,79.81,80.49,-0.6799999999999926,-0.84,274189.08,2201482.497,20241111,20241111.0
2024-11-12,600309.SH,80.72,81.89,79.1,79.44,79.81,-0.3700000000000045,-0.46,288344.45,2354548.313,20241112,20241112.0
2024-11-13,600309.SH,78.6,79.44,78.53,78.86,79.44,-0.5799999999999983,-0.73,167561.71,1338684.22,20241113,20241113.0
2024-11-14,600309.SH,78.46,78.86,76.96,77.04,78.86,-1.8199999999999927,-2.31,174972.3,1382547.307,20241114,20241114.0
2024-11-15,600309.SH,77.04,77.82,75.79,75.98,77.04,-1.0600000000000025,-1.38,188633.74,1460729.289,20241115,20241115.0
2024-11-18,600309.SH,75.99,77.76,75.0,75.36,75.98,-0.6200000000000045,-0.82,226835.39,1758091.149,20241118,20241118.0
2024-11-19,600309.SH,75.69,76.19,75.2,76.12,75.36,0.7600000000000051,1.01,134705.55,1034368.855,20241119,20241119.0
2024-11-20,600309.SH,75.99,76.04,75.0,75.78,76.12,-0.3400000000000034,-0.45,197161.85,1506098.581,20241120,20241120.0
2024-11-21,600309.SH,76.12,76.22,75.26,75.67,75.78,-0.1099999999999994,-0.15,141897.79,1088138.601,20241121,20241121.0
2024-11-22,600309.SH,75.29,75.49,72.8,72.92,75.67,-2.75,-3.63,310177.48,2322443.277,20241122,20241122.0
2024-11-25,600309.SH,72.92,73.46,71.51,72.04,72.92,-0.8799999999999955,-1.21,179755.69,1318123.553,20241125,20241125.0
2024-11-26,600309.SH,71.76,72.48,71.36,71.94,72.04,-0.1000000000000085,-0.14,106052.1,772608.555,20241126,20241126.0
2024-11-27,600309.SH,71.92,73.57,71.63,73.5,71.94,1.5600000000000025,2.17,150980.61,1112405.398,20241127,20241127.0
2024-11-28,600309.SH,73.12,73.69,72.68,72.94,73.5,-0.5600000000000023,-0.76,111176.85,823603.875,20241128,20241128.0
2024-11-29,600309.SH,73.03,74.01,72.13,73.31,72.94,0.3700000000000045,0.51,174087.67,1292006.144,20241129,20241129.0
2024-12-02,600309.SH,73.22,74.5,72.93,74.4,73.31,1.0900000000000034,1.49,163287.11,1222202.924,20241202,20241202.0
2024-12-03,600309.SH,74.39,74.45,73.64,74.07,74.4,-0.3300000000000125,-0.44,123770.74,929377.063,20241203,20241203.0
2024-12-04,600309.SH,74.01,74.01,72.29,72.44,74.07,-1.6299999999999957,-2.2,237865.79,1751476.253,20241204,20241204.0
2024-12-05,600309.SH,72.06,72.23,71.05,71.38,72.44,-1.0600000000000025,-1.46,193946.73,1403492.201,20241205,20241205.0
2024-12-06,600309.SH,71.4,73.01,71.4,72.66,71.38,1.2800000000000011,1.79,173515.8,1273147.759,20241206,20241206.0
2024-12-09,600309.SH,72.73,73.09,71.94,72.21,72.66,-0.4500000000000028,-0.62,149045.62,1093121.602,20241209,20241209.0
2024-12-10,600309.SH,74.16,75.1,73.19,73.4,72.21,1.190000000000012,1.65,322811.95,2432836.597,20241210,20241210.0
2024-12-11,600309.SH,73.13,74.06,73.03,73.92,73.4,0.519999999999996,0.71,141124.63,1054360.174,20241211,20241211.0
2024-12-12,600309.SH,73.88,75.63,73.6,75.35,73.92,1.4299999999999926,1.93,259971.02,1978100.953,20241212,20241212.0
2024-12-13,600309.SH,74.91,74.95,73.69,73.77,75.35,-1.5799999999999983,-2.1,196938.2,1481925.002,20241213,20241213.0
2024-12-16,600309.SH,73.77,74.25,72.41,72.55,73.77,-1.2199999999999989,-1.65,131402.72,969344.115,20241216,20241216.0
2024-12-17,600309.SH,72.39,74.69,72.27,74.12,72.55,1.5700000000000074,2.16,192356.09,1440118.98,20241217,20241217.0
2024-12-18,600309.SH,74.23,75.33,73.66,73.73,74.12,-0.3900000000000005,-0.53,148570.75,1119392.296,20241218,20241218.0
2024-12-19,600309.SH,73.35,73.8,72.76,73.28,73.73,-0.4500000000000028,-0.61,83827.17,622577.154,20241219,20241219.0
2024-12-20,600309.SH,73.29,73.49,72.4,72.72,73.28,-0.5600000000000023,-0.76,128670.95,950533.213,20241220,20241220.0
2024-12-23,600309.SH,72.71,73.98,72.66,73.16,72.72,0.4399999999999977,0.61,134277.99,997574.418,20241223,20241223.0
2024-12-24,600309.SH,73.17,74.41,72.91,73.91,73.16,0.75,1.03,155854.6,1167230.325,20241224,20241224.0
2024-12-25,600309.SH,74.01,74.01,72.08,72.35,73.91,-1.5600000000000025,-2.11,186454.31,1368456.218,20241225,20241225.0
2024-12-26,600309.SH,72.35,72.44,71.63,72.12,72.35,-0.2299999999999897,-0.32,167290.81,1218510.502,20241226,20241226.0
2024-12-27,600309.SH,72.13,72.23,71.46,72.03,72.12,-0.0900000000000034,-0.12,166676.0,1213350.092,20241227,20241227.0
2024-12-30,600309.SH,71.92,73.01,71.69,71.89,72.03,-0.1400000000000005,-0.19,186823.66,1364560.297,20241230,20241230.0
2024-12-31,600309.SH,71.67,71.99,70.4,70.41,71.89,-1.480000000000004,-2.06,236275.66,1701804.823,20241231,20241231.0
2025-01-02,600309.SH,70.41,70.41,68.49,68.8,70.41,-1.6099999999999994,-2.29,257306.89,1802306.993,20250102,20250102.0
2025-01-03,600309.SH,68.8,70.2,68.78,69.17,68.8,0.3700000000000045,0.54,177043.91,1245937.844,20250103,20250103.0
2025-01-06,600309.SH,69.2,69.78,68.76,69.34,69.17,0.1700000000000017,0.25,143874.06,1008441.515,20250106,20250106.0
2025-01-07,600309.SH,69.2,69.47,68.27,68.57,69.34,-0.7700000000000102,-1.11,163240.21,1135935.775,20250107,20250107.0
2025-01-08,600309.SH,68.57,68.57,66.88,67.3,68.57,-1.269999999999996,-1.85,224259.26,1536623.215,20250108,20250108.0
2025-01-09,600309.SH,67.21,67.53,66.63,66.82,67.3,-0.480000000000004,-0.71,157823.66,1070717.938,20250109,20250109.0
2025-01-10,600309.SH,66.93,67.2,65.03,65.03,66.82,-1.789999999999992,-2.68,235103.11,1566711.407,20250110,20250110.0
2025-01-13,600309.SH,65.02,66.21,64.59,65.81,65.03,0.7800000000000011,1.2,151597.32,1009839.375,20250113,20250113.0
2025-01-14,600309.SH,65.81,67.1,65.41,66.92,65.81,1.1099999999999994,1.69,178331.93,1199849.052,20250114,20250114.0
2025-01-15,600309.SH,67.11,67.2,66.02,66.3,66.92,-0.6200000000000045,-0.93,112573.68,757778.308,20250115,20250115.0
2025-01-16,600309.SH,66.29,68.09,66.27,66.85,66.3,0.5499999999999972,0.83,192764.66,1313245.412,20250116,20250116.0
2025-01-17,600309.SH,66.76,68.38,66.56,67.71,66.85,0.8599999999999994,1.29,185262.17,1271355.509,20250117,20250117.0
2025-01-20,600309.SH,68.39,68.86,67.62,67.82,67.71,0.1099999999999994,0.16,160453.06,1107796.817,20250120,20250120.0
2025-01-21,600309.SH,68.09,68.14,66.16,66.63,67.82,-1.1899999999999975,-1.75,188536.57,1280014.165,20250121,20250121.0
2025-01-22,600309.SH,66.43,66.88,65.18,66.85,66.63,0.2199999999999988,0.33,234111.18,1567964.214,20250122,20250122.0
2025-01-23,600309.SH,67.14,67.85,67.03,67.17,66.85,0.3200000000000074,0.48,171964.34,1175769.416,20250123,20250123.0
2025-01-24,600309.SH,67.17,67.62,66.82,67.09,67.17,-0.0799999999999983,-0.12,140463.59,956067.253,20250124,20250124.0
2025-01-27,600309.SH,67.11,68.09,67.1,67.63,67.09,0.539999999999992,0.8,160293.55,1100951.276,20250127,20250127.0
2025-02-05,600309.SH,67.69,67.9,66.32,66.84,67.63,-0.789999999999992,-1.17,131562.9,889112.103,20250205,20250205.0
2025-02-06,600309.SH,66.78,66.89,65.63,66.24,66.84,-0.6000000000000085,-0.9,219327.44,1469202.522,20250206,20250206.0
2025-02-07,600309.SH,66.12,68.39,65.67,67.91,66.24,1.6700000000000017,2.52,384058.32,2620665.656,20250207,20250207.0
2025-02-10,600309.SH,68.29,70.66,68.14,70.36,67.91,2.450000000000003,3.61,358010.09,2530381.7,20250210,20250210.0
2025-02-11,600309.SH,70.09,70.3,69.63,70.22,70.36,-0.1400000000000005,-0.2,147779.07,1048583.834,20250211,20250211.0
2025-02-12,600309.SH,70.23,70.92,69.9,70.51,70.22,0.2900000000000062,0.41,177114.31,1263998.358,20250212,20250212.0
2025-02-13,600309.SH,70.59,73.02,70.56,72.34,70.51,1.8299999999999983,2.6,374381.07,2746674.778,20250213,20250213.0
2025-02-14,600309.SH,72.03,72.03,69.3,69.53,72.34,-2.8100000000000023,-3.88,400509.3,2834127.707,20250214,20250214.0
2025-02-17,600309.SH,69.54,69.62,68.5,69.49,69.53,-0.0400000000000062,-0.06,225465.35,1577628.253,20250217,20250217.0
2025-02-18,600309.SH,69.01,70.4,68.78,69.04,69.49,-0.4499999999999886,-0.65,221065.57,1559472.976,20250218,20250218.0
2025-02-19,600309.SH,68.99,69.14,68.33,68.73,69.04,-0.3100000000000023,-0.45,204892.35,1425610.642,20250219,20250219.0
2025-02-20,600309.SH,68.54,68.54,67.22,67.65,68.73,-1.0799999999999983,-1.57,258828.39,1774945.246,20250220,20250220.0
2025-02-21,600309.SH,67.65,67.91,66.56,67.19,67.65,-0.4600000000000079,-0.68,230946.78,1570895.013,20250221,20250221.0
2025-02-24,600309.SH,66.91,67.77,66.81,67.2,67.19,0.0100000000000051,0.01,191014.84,1302551.121,20250224,20250224.0
2025-02-25,600309.SH,66.78,67.05,66.01,66.18,67.2,-1.019999999999996,-1.52,212913.0,1433608.876,20250225,20250225.0
2025-02-26,600309.SH,66.36,67.6,66.36,67.45,66.18,1.269999999999996,1.92,222434.66,1512330.311,20250226,20250226.0
2025-02-27,600309.SH,67.45,68.33,67.09,68.01,67.45,0.5600000000000023,0.83,204996.26,1408102.836,20250227,20250227.0
2025-02-28,600309.SH,67.99,69.66,67.76,67.91,68.01,-0.1000000000000085,-0.15,265094.97,1845935.129,20250228,20250228.0
2025-03-03,600309.SH,67.91,69.24,67.81,68.06,67.91,0.1500000000000056,0.22,192872.21,1338464.344,20250303,20250303.0
2025-03-04,600309.SH,67.71,68.06,67.02,67.51,68.06,-0.5499999999999972,-0.81,157214.78,1074702.207,20250304,20250304.0
2025-03-05,600309.SH,67.5,67.59,66.96,67.02,67.51,-0.4900000000000091,-0.73,116492.43,793271.666,20250305,20250305.0
2025-03-06,600309.SH,67.4,67.83,66.91,67.46,67.02,0.4399999999999977,0.66,143344.85,977823.173,20250306,20250306.0
2025-03-07,600309.SH,67.46,68.25,67.05,67.72,67.46,0.2600000000000051,0.39,184585.94,1266970.135,20250307,20250307.0
2025-03-10,600309.SH,67.72,68.77,67.25,68.29,67.72,0.5700000000000074,0.84,166962.46,1151950.526,20250310,20250310.0
2025-03-11,600309.SH,67.62,68.27,67.3,68.27,68.29,-0.0200000000000102,-0.03,158258.55,1089387.513,20250311,20250311.0
2025-03-12,600309.SH,68.27,68.39,66.91,66.94,68.27,-1.3299999999999983,-1.95,283281.24,1931813.295,20250312,20250312.0
2025-03-13,600309.SH,67.1,67.58,66.79,67.16,66.94,0.2199999999999988,0.33,141440.8,963301.547,20250313,20250313.0
2025-03-14,600309.SH,67.19,69.37,67.11,68.92,67.16,1.7600000000000051,2.62,360472.64,2503513.09,20250314,20250314.0
2025-03-17,600309.SH,69.33,70.83,69.31,69.87,68.92,0.9500000000000028,1.38,237175.58,1682568.391,20250317,20250317.0
2025-03-18,600309.SH,68.69,68.69,67.28,67.7,69.87,-2.1700000000000017,-3.11,391946.08,2696882.416,20250318,20250318.0
2025-03-19,600309.SH,67.48,69.06,67.46,68.4,67.7,0.7000000000000028,1.03,223024.96,1541206.482,20250319,20250319.0
2025-03-20,600309.SH,68.13,68.32,67.35,67.43,68.4,-0.9699999999999988,-1.42,185016.13,1267459.864,20250320,20250320.0
2025-03-21,600309.SH,67.36,67.88,66.47,66.51,67.43,-0.9200000000000016,-1.36,223937.09,1520653.911,20250321,20250321.0
2025-03-24,600309.SH,66.47,66.7,65.9,66.18,66.51,-0.3299999999999983,-0.5,183654.58,1232604.452,20250324,20250324.0
2025-03-25,600309.SH,66.22,67.65,65.82,67.58,66.18,1.3999999999999917,2.12,249868.29,1695135.415,20250325,20250325.0
2025-03-26,600309.SH,67.53,67.56,67.04,67.18,67.58,-0.3999999999999915,-0.59,121131.77,826242.468,20250326,20250326.0
2025-03-27,600309.SH,67.2,68.09,67.19,67.63,67.18,0.4499999999999886,0.67,171345.7,1175685.705,20250327,20250327.0
2025-03-28,600309.SH,67.64,68.03,66.65,66.82,67.63,-0.8100000000000023,-1.2,141281.09,961766.463,20250328,20250328.0
2025-03-31,600309.SH,67.19,67.65,66.19,66.33,66.82,-0.4899999999999949,-0.73,152553.87,1032341.865,20250331,20250331.0
2025-04-01,600309.SH,66.34,66.75,66.0,66.22,66.33,-0.1099999999999994,-0.17,143215.92,961537.575,20250401,20250401.0
2025-04-02,600309.SH,66.22,66.26,65.65,65.71,66.22,-0.5100000000000051,-0.77,170742.98,1138587.228,20250402,20250402.0
2025-04-03,600309.SH,64.73,65.13,64.54,64.88,65.71,-0.8299999999999983,-1.26,195279.41,1282027.368,20250403,20250403.0
2025-04-07,600309.SH,61.97,61.97,58.39,58.39,64.88,-6.489999999999995,-10.0,449230.37,2690489.722,20250407,20250407.0
2025-04-08,600309.SH,59.41,59.46,57.12,59.46,58.39,1.0700000000000005,1.83,435352.5,2564497.619,20250408,20250408.0
2025-04-09,600309.SH,58.39,59.38,57.73,59.38,59.46,-0.0799999999999983,-0.13,321192.83,1901363.783,20250409,20250409.0
2025-04-10,600309.SH,60.67,60.68,59.22,60.08,59.38,0.6999999999999957,1.18,266348.66,1614668.28,20250410,20250410.0
2025-04-11,600309.SH,59.56,59.7,58.87,59.41,60.08,-0.6700000000000017,-1.12,183921.26,1104271.607,20250411,20250411.0
2025-04-14,600309.SH,59.45,59.66,58.53,58.67,59.41,-0.7399999999999949,-1.25,241032.49,1443190.393,20250414,20250414.0
2025-04-15,600309.SH,57.59,57.61,54.49,55.52,58.67,-3.1499999999999986,-5.37,669616.48,3786280.053,20250415,20250415.0
2025-04-16,600309.SH,55.53,55.56,53.84,54.62,55.52,-0.9000000000000057,-1.62,419179.0,2306508.494,20250416,20250416.0
2025-04-17,600309.SH,54.08,54.54,53.86,54.17,54.62,-0.4499999999999957,-0.82,344153.18,1886854.573,20250417,20250417.0
2025-04-18,600309.SH,54.19,54.33,53.88,54.27,54.17,0.1000000000000014,0.18,208294.6,1141123.562,20250418,20250418.0
2025-04-21,600309.SH,54.16,54.16,53.18,53.55,54.27,-0.720000000000006,-1.33,340943.55,1846389.422,20250421,20250421.0
2025-04-22,600309.SH,53.29,53.83,53.18,53.37,53.55,-0.1799999999999997,-0.34,233711.05,1266160.407,20250422,20250422.0
2025-04-23,600309.SH,53.61,54.94,53.61,54.33,53.37,0.9600000000000009,1.8,396007.23,2181218.991,20250423,20250423.0
2025-04-24,600309.SH,54.44,54.44,53.51,53.73,54.33,-0.6000000000000014,-1.1,211666.36,1156789.126,20250424,20250424.0
2025-04-25,600309.SH,54.18,56.24,54.17,55.31,53.73,1.5800000000000054,2.94,486824.98,2732540.472,20250425,20250425.0
2025-04-28,600309.SH,55.31,55.31,54.41,54.46,55.31,-0.8500000000000014,-1.54,221997.62,1228024.948,20250428,20250428.0
2025-04-29,600309.SH,54.48,54.49,53.63,53.78,54.46,-0.6799999999999997,-1.25,217374.17,1187177.21,20250429,20250429.0
2025-04-30,600309.SH,53.68,54.41,53.59,53.72,53.78,-0.0600000000000022,-0.11,167348.18,913866.237,20250430,20250430.0
2025-05-06,600309.SH,54.16,54.38,53.78,54.34,53.72,0.6200000000000045,1.15,266810.04,1465304.422,20250506,20250506.0
2025-05-07,600309.SH,55.26,55.36,54.25,54.7,54.34,0.3599999999999994,0.66,266257.97,1472900.939,20250507,20250507.0
2025-05-08,600309.SH,54.3,54.97,54.16,54.72,54.7,0.019999999999996,0.04,204165.72,1130545.201,20250508,20250508.0
2025-05-09,600309.SH,54.66,54.66,53.96,54.17,54.72,-0.5499999999999972,-1.01,178434.57,980076.941,20250509,20250509.0
2025-05-12,600309.SH,54.76,56.72,54.67,56.72,54.17,2.549999999999997,4.71,613487.12,3471603.278,20250512,20250512.0
2025-05-13,600309.SH,57.24,57.34,56.03,56.21,56.72,-0.509999999999998,-0.9,338236.97,1934366.297,20250513,20250513.0
2025-05-14,600309.SH,56.2,57.55,56.04,57.52,56.21,1.3100000000000025,2.33,380970.6,2197206.574,20250514,20250514.0
2025-05-15,600309.SH,57.27,57.65,56.53,56.68,57.52,-0.8400000000000034,-1.46,246833.39,1424750.124,20250515,20250515.0
2025-05-16,600309.SH,56.4,56.44,55.88,56.08,56.68,-0.6000000000000014,-1.06,186262.62,1058923.735,20250516,20250516.0
2025-05-19,600309.SH,56.08,56.19,55.41,56.0,56.08,-0.0799999999999983,-0.14,143919.78,812312.144,20250519,20250519.0
2025-05-20,600309.SH,55.92,56.34,55.57,56.06,56.0,0.0600000000000022,0.11,142920.53,809859.786,20250520,20250520.0
2025-05-21,600309.SH,55.8,56.31,55.77,55.92,56.06,-0.1400000000000005,-0.25,128649.48,730480.734,20250521,20250521.0
2025-05-22,600309.SH,55.86,55.86,55.3,55.42,55.92,-0.5,-0.89,130733.83,734940.399,20250522,20250522.0
2025-05-23,600309.SH,55.48,56.3,55.32,55.34,55.42,-0.0799999999999983,-0.14,215233.74,1216852.905,20250523,20250523.0
2025-05-26,600309.SH,55.35,55.45,54.6,54.68,55.34,-0.6600000000000037,-1.19,185026.31,1027702.069,20250526,20250526.0
2025-05-27,600309.SH,54.7,54.8,54.18,54.23,54.68,-0.4500000000000028,-0.82,142351.25,783581.03,20250527,20250527.0
2025-05-28,600309.SH,54.39,54.42,54.16,54.19,54.23,-0.0399999999999991,-0.07,96506.91,530381.614,20250528,20250528.0
2025-05-29,600309.SH,54.26,54.8,53.93,54.8,54.19,0.6099999999999994,1.13,143998.44,796409.853,20250529,20250529.0
2025-05-30,600309.SH,54.88,54.88,53.92,54.14,54.8,-0.6599999999999966,-1.2,150576.25,816807.254,20250530,20250530.0
2025-06-03,600309.SH,54.06,54.38,54.0,54.14,54.14,0.0,0.0,121928.25,659767.531,20250603,20250603.0
2025-06-04,600309.SH,54.14,54.62,54.01,54.42,54.14,0.2800000000000011,0.52,115984.2,630350.367,20250604,20250604.0
2025-06-05,600309.SH,54.5,54.58,54.08,54.26,54.42,-0.1600000000000037,-0.29,156285.47,847090.584,20250605,20250605.0
2025-06-06,600309.SH,54.28,55.79,54.25,54.88,54.26,0.6200000000000045,1.14,243160.57,1338251.343,20250606,20250606.0
2025-06-09,600309.SH,55.07,55.6,54.8,55.17,54.88,0.2899999999999991,0.53,182017.66,1006101.353,20250609,20250609.0
2025-06-10,600309.SH,55.18,55.38,54.31,54.63,55.17,-0.5399999999999991,-0.98,207078.83,1136099.133,20250610,20250610.0
2025-06-11,600309.SH,54.64,55.14,54.53,55.02,54.63,0.3900000000000005,0.71,156004.58,856991.167,20250611,20250611.0
2025-06-12,600309.SH,54.98,54.99,54.42,54.5,55.02,-0.5200000000000031,-0.95,163103.25,889657.833,20250612,20250612.0
2025-06-13,600309.SH,54.31,55.22,54.0,54.41,54.5,-0.0900000000000034,-0.17,209050.99,1140459.436,20250613,20250613.0
2025-06-16,600309.SH,54.36,54.85,54.01,54.13,54.41,-0.279999999999994,-0.51,189961.46,1029865.494,20250616,20250616.0
2025-06-17,600309.SH,54.14,54.27,53.88,53.98,54.13,-0.1500000000000056,-0.28,132341.43,714724.436,20250617,20250617.0
2025-06-18,600309.SH,54.04,54.4,53.85,53.96,53.98,-0.019999999999996,-0.04,130096.0,702836.938,20250618,20250618.0
2025-06-19,600309.SH,53.95,53.97,53.24,53.4,53.96,-0.5600000000000023,-1.04,167777.05,898735.384,20250619,20250619.0
2025-06-20,600309.SH,53.4,53.82,53.19,53.19,53.4,-0.2100000000000008,-0.39,140224.37,749740.935,20250620,20250620.0
2025-06-23,600309.SH,52.9,52.9,52.1,52.53,53.19,-0.6599999999999966,-1.24,217468.5,1139767.273,20250623,20250623.0
2025-06-24,600309.SH,52.54,53.3,52.49,53.24,52.53,0.7100000000000009,1.35,237343.45,1259468.987,20250624,20250624.0
2025-06-25,600309.SH,53.24,53.69,52.83,53.61,53.24,0.3699999999999974,0.69,254327.34,1353280.975,20250625,20250625.0
2025-06-26,600309.SH,53.52,53.79,53.16,53.17,53.61,-0.4399999999999977,-0.82,201586.84,1078246.7,20250626,20250626.0
2025-06-27,600309.SH,53.17,53.97,53.1,53.39,53.17,0.2199999999999988,0.41,240336.75,1288194.943,20250627,20250627.0
2025-06-30,600309.SH,53.39,54.32,53.23,54.26,53.39,0.8699999999999974,1.63,242871.23,1304239.908,20250630,20250630.0
2025-07-01,600309.SH,54.03,54.49,53.93,53.98,54.26,-0.2800000000000011,-0.52,161936.8,876513.676,20250701,20250701.0
2025-07-02,600309.SH,53.98,54.99,53.8,54.21,53.98,0.2300000000000039,0.43,314323.69,1711321.123,20250702,20250702.0
2025-07-03,600309.SH,54.22,54.98,54.0,54.56,54.21,0.3500000000000014,0.65,263591.87,1438814.699,20250703,20250703.0
2025-07-04,600309.SH,54.57,54.66,53.91,54.09,54.56,-0.4699999999999988,-0.86,226735.94,1227791.079,20250704,20250704.0
2025-07-07,600309.SH,54.09,54.98,53.93,54.3,54.09,0.2099999999999937,0.39,186016.07,1013629.821,20250707,20250707.0
2025-07-08,600309.SH,54.3,55.79,54.01,55.3,54.3,1.0,1.84,369202.62,2029457.249,20250708,20250708.0
2025-07-09,600309.SH,55.33,55.44,54.36,54.44,55.3,-0.8599999999999994,-1.56,265129.01,1456275.326,20250709,20250709.0
2025-07-10,600309.SH,54.45,56.8,54.45,56.41,54.44,1.9699999999999989,3.62,671779.33,3762519.419,20250710,20250710.0
2025-07-11,600309.SH,56.18,56.52,55.72,55.72,56.41,-0.6899999999999977,-1.22,401421.96,2254537.236,20250711,20250711.0
2025-07-14,600309.SH,55.73,56.05,55.23,55.25,55.72,-0.4699999999999988,-0.84,263069.97,1460498.782,20250714,20250714.0
2025-07-15,600309.SH,55.25,55.45,54.5,55.02,55.25,-0.2299999999999968,-0.42,245152.88,1346521.691,20250715,20250715.0
2025-07-16,600309.SH,55.0,55.09,54.71,54.84,55.02,-0.1799999999999997,-0.33,155576.74,853721.374,20250716,20250716.0
2025-07-17,600309.SH,54.89,55.33,54.72,55.15,54.84,0.3099999999999951,0.57,223018.42,1226093.91,20250717,20250717.0
2025-07-18,600309.SH,55.52,59.96,55.31,59.72,55.15,4.57,8.29,1178913.41,6890873.361,20250718,20250718.0
2025-07-21,600309.SH,59.99,60.35,59.01,59.94,59.72,0.2199999999999988,0.37,628162.66,3745889.113,20250721,20250721.0
2025-07-22,600309.SH,60.4,63.05,59.9,63.05,59.94,3.1099999999999994,5.19,1030836.19,6350337.983,20250722,20250722.0
2025-07-23,600309.SH,63.0,63.28,61.66,61.83,63.05,-1.2199999999999989,-1.93,682328.08,4249336.089,20250723,20250723.0
2025-07-24,600309.SH,61.25,62.71,61.24,62.51,61.83,0.6799999999999997,1.1,510849.5,3177257.419,20250724,20250724.0
2025-07-25,600309.SH,62.58,64.64,62.57,62.98,62.51,0.4699999999999988,0.75,546335.89,3472865.022,20250725,20250725.0
2025-07-28,600309.SH,62.0,62.96,61.55,62.6,62.98,-0.3799999999999954,-0.6,398068.61,2482801.867,20250728,20250728.0
2025-07-29,600309.SH,62.61,63.15,61.83,61.96,62.6,-0.6400000000000006,-1.02,307875.0,1913612.655,20250729,20250729.0
2025-07-30,600309.SH,62.56,64.95,62.52,63.84,61.96,1.8800000000000023,3.03,662587.11,4246191.622,20250730,20250730.0
2025-07-31,600309.SH,63.8,63.8,61.82,62.31,63.84,-1.5300000000000011,-2.4,515264.96,3212418.625,20250731,20250731.0
2025-08-01,600309.SH,61.4,61.88,60.66,60.92,62.31,-1.3900000000000006,-2.23,393958.4,2409031.446,20250801,20250801.0
2025-08-04,600309.SH,60.4,60.78,59.92,60.48,60.92,-0.4400000000000048,-0.72,255821.07,1542540.033,20250804,20250804.0
2025-08-05,600309.SH,60.58,61.25,60.5,60.99,60.48,0.5100000000000051,0.84,227963.21,1387097.185,20250805,20250805.0
2025-08-06,600309.SH,60.99,61.36,60.57,61.08,60.99,0.0899999999999963,0.15,197458.52,1203819.381,20250806,20250806.0
2025-08-07,600309.SH,61.19,61.55,60.24,60.62,61.08,-0.4600000000000008,-0.75,224056.53,1360288.911,20250807,20250807.0
2025-08-08,600309.SH,60.8,61.46,60.3,60.8,60.62,0.1799999999999997,0.3,209182.31,1274273.881,20250808,20250808.0
2025-08-11,600309.SH,61.07,61.8,61.0,61.46,60.8,0.6600000000000037,1.09,263564.26,1621016.974,20250811,20250811.0
2025-08-12,600309.SH,61.08,64.49,60.9,62.9,61.46,1.4399999999999975,2.34,633869.85,4012831.111,20250812,20250812.0
2025-08-13,600309.SH,62.91,63.16,62.31,62.98,62.9,0.0799999999999983,0.13,313200.04,1966389.031,20250813,20250813.0
2025-08-14,600309.SH,62.99,63.47,62.05,62.51,62.98,-0.4699999999999988,-0.75,306673.75,1926487.395,20250814,20250814.0
2025-08-15,600309.SH,62.15,63.65,62.1,62.99,62.51,0.480000000000004,0.77,309612.11,1953669.004,20250815,20250815.0
2025-08-18,600309.SH,63.05,63.7,62.63,62.71,62.99,-0.2800000000000011,-0.44,395253.76,2495070.336,20250818,20250818.0
2025-08-19,600309.SH,62.9,64.2,62.13,62.19,62.71,-0.5200000000000031,-0.83,381996.52,2402703.045,20250819,20250819.0
2025-08-20,600309.SH,62.19,63.09,61.57,63.04,62.19,0.8500000000000014,1.37,337232.86,2099294.185,20250820,20250820.0
2025-08-21,600309.SH,63.16,66.0,63.16,65.6,63.04,2.559999999999995,4.06,785601.88,5120664.924,20250821,20250821.0
2025-08-22,600309.SH,65.85,67.48,65.41,67.17,65.6,1.5700000000000074,2.39,564038.43,3760039.235,20250822,20250822.0
2025-08-25,600309.SH,67.25,68.77,66.6,68.17,67.17,1.0,1.49,513981.26,3486952.395,20250825,20250825.0
2025-08-26,600309.SH,68.17,70.78,67.72,69.63,68.17,1.4599999999999935,2.14,556442.67,3882807.412,20250826,20250826.0
2025-08-27,600309.SH,69.64,70.24,68.05,68.05,69.63,-1.5799999999999983,-2.27,487421.53,3365949.645,20250827,20250827.0
2025-08-28,600309.SH,67.84,69.15,66.5,68.13,68.05,0.0799999999999983,0.12,485337.12,3290573.305,20250828,20250828.0
2025-08-29,600309.SH,68.14,69.12,68.06,68.6,68.13,0.4699999999999988,0.69,361429.3,2479552.152,20250829,20250829.0
2025-09-01,600309.SH,68.6,69.85,68.0,69.02,68.6,0.4200000000000017,0.61,403277.47,2773074.8,20250901,20250901.0
2025-09-02,600309.SH,69.02,69.21,66.95,67.27,69.02,-1.75,-2.54,385692.19,2614708.907,20250902,20250902.0
2025-09-03,600309.SH,67.27,67.96,65.9,66.89,67.27,-0.3799999999999954,-0.56,284232.67,1893545.092,20250903,20250903.0
2025-09-04,600309.SH,66.09,66.6,63.78,64.69,66.89,-2.200000000000003,-3.29,502025.87,3259539.63,20250904,20250904.0
2025-09-05,600309.SH,64.64,66.12,64.51,65.85,64.69,1.1599999999999966,1.79,324338.29,2121994.078,20250905,20250905.0
2025-09-08,600309.SH,65.88,69.93,65.77,69.6,65.85,3.75,5.69,630918.66,4328152.174,20250908,20250908.0
2025-09-09,600309.SH,69.65,70.2,67.82,68.52,69.6,-1.0799999999999983,-1.55,403632.65,2786129.201,20250909,20250909.0
2025-09-10,600309.SH,67.84,68.38,66.96,67.54,68.52,-0.9799999999999898,-1.43,244392.88,1651111.48,20250910,20250910.0
2025-09-11,600309.SH,67.3,68.5,66.82,68.43,67.54,0.8900000000000006,1.32,319294.65,2159602.266,20250911,20250911.0
2025-09-12,600309.SH,68.44,68.71,67.1,67.79,68.43,-0.6400000000000006,-0.94,263774.07,1787294.117,20250912,20250912.0
2025-09-15,600309.SH,67.79,69.09,67.5,67.74,67.79,-0.0500000000000113,-0.07,209925.1,1426753.682,20250915,20250915.0
2025-09-16,600309.SH,67.81,68.05,66.0,66.61,67.74,-1.1299999999999957,-1.67,284113.48,1893584.287,20250916,20250916.0
2025-09-17,600309.SH,66.32,67.5,66.06,67.01,66.61,0.4000000000000057,0.6,212181.75,1417532.549,20250917,20250917.0
2025-09-18,600309.SH,67.02,67.08,65.35,65.88,67.01,-1.1300000000000097,-1.69,314009.89,2079520.749,20250918,20250918.0
2025-09-19,600309.SH,65.66,66.52,65.31,65.31,65.88,-0.5699999999999932,-0.87,293062.87,1927303.609,20250919,20250919.0
2025-09-22,600309.SH,65.22,65.22,63.51,64.1,65.31,-1.210000000000008,-1.85,287562.59,1842656.03,20250922,20250922.0
2025-09-23,600309.SH,64.12,64.41,62.59,63.34,64.1,-0.7599999999999909,-1.19,268882.6,1698997.495,20250923,20250923.0
2025-09-24,600309.SH,63.06,63.92,63.0,63.68,63.34,0.3399999999999963,0.54,215650.93,1367004.947,20250924,20250924.0
2025-09-25,600309.SH,63.66,65.35,63.55,64.56,63.68,0.8800000000000026,1.38,285235.59,1843083.119,20250925,20250925.0
2025-09-26,600309.SH,64.48,64.87,63.9,64.01,64.56,-0.5499999999999972,-0.85,209298.25,1347414.871,20250926,20250926.0
2025-09-29,600309.SH,64.2,66.53,63.7,65.94,64.01,1.9299999999999928,3.02,329371.69,2146263.245,20250929,20250929.0
2025-09-30,600309.SH,65.88,66.86,65.26,66.58,65.94,0.6400000000000006,0.97,293174.11,1938922.281,20250930,20250930.0
2025-10-09,600309.SH,66.58,67.85,65.3,67.73,66.58,1.1500000000000057,1.73,335340.0,2239007.155,20251009,20251009.0
2025-10-10,600309.SH,67.5,68.8,66.66,67.73,67.73,0.0,0.0,328917.39,2233362.07,20251010,20251010.0
2025-10-13,600309.SH,65.12,66.78,64.99,66.35,67.73,-1.3800000000000097,-2.04,306093.72,2016781.745,20251013,20251013.0
2025-10-14,600309.SH,66.54,67.45,64.54,64.77,66.35,-1.5799999999999983,-2.38,306328.49,2010503.834,20251014,20251014.0
2025-10-15,600309.SH,64.7,65.56,64.07,64.75,64.77,-0.019999999999996,-0.03,208856.78,1349772.906,20251015,20251015.0
2025-10-16,600309.SH,64.82,64.82,62.55,62.99,64.75,-1.759999999999998,-2.72,351123.83,2226520.884,20251016,20251016.0
2025-10-17,600309.SH,62.96,63.65,61.5,61.51,62.99,-1.480000000000004,-2.35,301345.79,1881115.7,20251017,20251017.0
2025-10-20,600309.SH,62.03,62.03,60.61,60.86,61.51,-0.6499999999999986,-1.06,259369.26,1584160.052,20251020,20251020.0
2025-10-21,600309.SH,61.09,61.55,60.6,61.18,60.86,0.3200000000000003,0.53,191258.97,1168646.77,20251021,20251021.0
2025-10-22,600309.SH,61.2,61.58,60.81,61.34,61.18,0.1600000000000037,0.26,158524.72,970840.274,20251022,20251022.0
2025-10-23,600309.SH,61.24,62.8,60.85,62.73,61.34,1.3899999999999937,2.27,225942.42,1399372.56,20251023,20251023.0
2025-10-24,600309.SH,62.69,62.97,61.01,61.45,62.73,-1.279999999999994,-2.04,310696.41,1914812.498,20251024,20251024.0
2025-10-27,600309.SH,62.0,63.3,61.81,62.49,61.45,1.0399999999999991,1.69,367917.59,2306127.005,20251027,20251027.0
2025-10-28,600309.SH,62.66,62.66,61.41,61.48,62.49,-1.0100000000000051,-1.62,247704.19,1533333.889,20251028,20251028.0
2025-10-29,600309.SH,61.4,62.45,61.03,61.99,61.48,0.5100000000000051,0.83,269625.42,1663277.296,20251029,20251029.0
2025-10-30,600309.SH,62.0,62.25,61.18,61.71,61.99,-0.2800000000000011,-0.45,280866.99,1731886.03,20251030,20251030.0
2025-10-31,600309.SH,61.88,63.33,61.87,62.63,61.71,0.9200000000000016,1.49,311848.57,1957106.824,20251031,20251031.0
2025-11-03,600309.SH,62.85,62.96,61.66,62.52,62.63,-0.1099999999999994,-0.18,182917.73,1138186.707,20251103,20251103.0
2025-11-04,600309.SH,62.35,62.85,61.11,61.6,62.52,-0.9200000000000016,-1.47,189338.55,1170822.739,20251104,20251104.0
2025-11-05,600309.SH,61.11,62.08,60.69,61.47,61.6,-0.1300000000000025,-0.21,177935.6,1091721.629,20251105,20251105.0
2025-11-06,600309.SH,61.3,62.45,61.3,61.7,61.47,0.2300000000000039,0.37,205363.1,1270732.054,20251106,20251106.0
2025-11-07,600309.SH,61.69,65.51,61.35,65.27,61.7,3.569999999999993,5.79,762160.0,4913339.326,20251107,20251107.0
2025-11-10,600309.SH,66.2,68.78,66.15,67.86,65.27,2.5900000000000034,3.97,786641.6,5331349.256,20251110,20251110.0
2025-11-11,600309.SH,67.4,68.49,66.75,67.95,67.86,0.0900000000000034,0.13,373544.69,2532261.115,20251111,20251111.0
2025-11-12,600309.SH,68.0,68.5,67.23,67.77,67.95,-0.1800000000000068,-0.26,299056.91,2029440.035,20251112,20251112.0
2025-11-13,600309.SH,67.4,69.16,67.4,68.71,67.77,0.9399999999999976,1.39,416458.4,2850195.669,20251113,20251113.0
2025-11-14,600309.SH,67.4,68.28,65.8,65.8,68.71,-2.9099999999999966,-4.24,504502.96,3370324.226,20251114,20251114.0
2025-11-17,600309.SH,65.08,67.68,65.08,66.38,65.8,0.5799999999999983,0.88,326430.84,2168091.663,20251117,20251117.0
2025-11-18,600309.SH,66.4,66.76,65.02,65.4,66.38,-0.9799999999999898,-1.48,234161.99,1534038.477,20251118,20251118.0
2025-11-19,600309.SH,65.2,66.0,65.0,65.61,65.4,0.2099999999999937,0.32,162992.74,1066332.366,20251119,20251119.0
2025-11-20,600309.SH,65.97,66.47,64.18,64.3,65.61,-1.3100000000000025,-2.0,207793.25,1354277.927,20251120,20251120.0
2025-11-21,600309.SH,63.85,63.93,62.33,62.71,64.3,-1.5899999999999963,-2.47,298714.74,1882363.02,20251121,20251121.0
2025-11-24,600309.SH,63.43,63.65,62.26,62.79,62.71,0.0799999999999983,0.13,242334.82,1524183.129,20251124,20251124.0
2025-11-25,600309.SH,63.0,64.1,62.93,63.04,62.79,0.25,0.4,216534.63,1373230.931,20251125,20251125.0
2025-11-26,600309.SH,63.06,63.88,62.82,63.7,63.04,0.6600000000000037,1.05,168651.0,1069887.337,20251126,20251126.0
2025-11-27,600309.SH,63.4,66.33,63.35,65.9,63.7,2.200000000000003,3.45,378088.66,2464210.489,20251127,20251127.0
2025-11-28,600309.SH,65.89,67.98,65.85,67.12,65.9,1.2199999999999989,1.85,388355.22,2604034.649,20251128,20251128.0
2025-12-01,600309.SH,66.97,68.18,66.6,67.96,67.12,0.8399999999999892,1.25,312903.08,2119991.965,20251201,20251201.0
2025-12-02,600309.SH,67.8,68.09,66.9,67.0,67.96,-0.9599999999999936,-1.41,205282.97,1383080.399,20251202,20251202.0
2025-12-03,600309.SH,67.2,69.37,67.13,68.2,67.0,1.2000000000000028,1.79,459657.55,3154902.058,20251203,20251203.0
2025-12-04,600309.SH,68.07,68.8,67.26,67.68,68.2,-0.519999999999996,-0.76,191121.02,1295272.723,20251204,20251204.0
2025-12-05,600309.SH,67.82,70.67,67.7,69.98,67.68,2.299999999999997,3.4,496446.3,3448828.691,20251205,20251205.0
2025-12-08,600309.SH,70.2,70.7,69.38,69.97,69.98,-0.0100000000000051,-0.01,329802.85,2308354.611,20251208,20251208.0
2025-12-09,600309.SH,69.97,71.0,69.0,69.3,69.97,-0.6700000000000017,-0.96,332060.86,2317657.029,20251209,20251209.0
2025-12-10,600309.SH,68.97,69.43,67.9,69.3,69.3,0.0,0.0,238362.99,1635590.847,20251210,20251210.0
2025-12-11,600309.SH,69.31,70.5,68.18,68.47,69.3,-0.8299999999999983,-1.2,199392.22,1376722.189,20251211,20251211.0
2025-12-12,600309.SH,68.47,68.81,67.53,68.47,68.47,0.0,0.0,225459.49,1533196.022,20251212,20251212.0
