date,ts_code,open,high,low,close,pre_close,change,p_change,volume,amount,date,date.1
2019-12-16,600887.SH,29.84,29.93,29.39,29.63,29.84,-0.21000000000000085,-0.7,388155.17,1180040.628,20191216,
2019-12-17,600887.SH,29.69,30.27,29.53,29.97,29.63,0.33999999999999986,1.15,474980.01,1458238.461,20191217,
2019-12-18,600887.SH,30.03,30.11,29.52,29.64,29.97,-0.3299999999999983,-1.1,372419.1,1138500.308,20191218,
2019-12-19,600887.SH,29.57,29.59,29.01,29.16,29.64,-0.4800000000000004,-1.62,419564.86,1260803.175,20191219,
2019-12-20,600887.SH,29.24,29.43,29.06,29.21,29.16,0.05000000000000071,0.17,303650.58,912858.581,20191220,
2019-12-23,600887.SH,29.33,29.5,29.03,29.06,29.21,-0.15000000000000213,-0.51,295151.81,885868.241,20191223,
2019-12-24,600887.SH,29.01,29.52,28.79,29.44,29.06,0.38000000000000256,1.31,268654.17,806641.975,20191224,
2019-12-25,600887.SH,29.5,29.55,29.09,29.18,29.44,-0.26000000000000156,-0.88,219124.58,658267.173,20191225,
2019-12-26,600887.SH,29.18,29.39,29.09,29.32,29.18,0.14000000000000057,0.48,191964.72,576950.946,20191226,
2019-12-27,600887.SH,29.4,29.95,29.34,29.83,29.32,0.509999999999998,1.74,455497.75,1393316.503,20191227,
2019-12-30,600887.SH,29.84,30.2,29.84,30.01,29.83,0.18000000000000327,0.6,463241.48,1429415.225,20191230,
2019-12-31,600887.SH,30.17,30.27,29.88,30.12,30.01,0.10999999999999943,0.37,278131.04,858534.7,20191231,
2020-01-02,600887.SH,30.33,31.12,30.15,30.91,30.12,0.7899999999999991,2.62,546042.47,1724087.023,20200102,
2020-01-03,600887.SH,31.15,31.15,30.43,30.9,30.91,-0.010000000000001563,-0.03,426708.58,1349519.349,20200103,
2020-01-06,600887.SH,30.64,30.84,30.0,30.27,30.9,-0.629999999999999,-2.04,428995.53,1344879.04,20200106,
2020-01-07,600887.SH,30.44,31.6,30.27,31.3,30.27,1.0300000000000011,3.4,632229.17,2024756.211,20200107,
2020-01-08,600887.SH,31.07,31.62,30.94,31.34,31.3,0.03999999999999915,0.13,463518.99,1491786.596,20200108,
2020-01-09,600887.SH,31.58,32.06,31.54,31.63,31.34,0.28999999999999915,0.93,437331.92,1431347.918,20200109,
2020-01-10,600887.SH,31.65,31.76,31.25,31.56,31.63,-0.07000000000000028,-0.22,270937.33,875323.446,20200110,
2020-01-13,600887.SH,31.42,32.12,31.39,32.12,31.56,0.5599999999999987,1.77,387054.06,1265476.459,20200113,
2020-01-14,600887.SH,32.27,32.27,31.72,31.86,32.12,-0.259999999999998,-0.81,261589.16,856541.329,20200114,
2020-01-15,600887.SH,31.83,32.75,31.77,32.39,31.86,0.5300000000000011,1.66,486043.04,1618594.317,20200115,
2020-01-16,600887.SH,32.39,32.76,32.32,32.64,32.39,0.25,0.77,284379.44,950970.057,20200116,
2020-01-17,600887.SH,32.61,32.75,31.9,32.01,32.64,-0.6300000000000026,-1.93,393480.3,1300292.809,20200117,
2020-01-20,600887.SH,31.96,32.08,31.53,32.02,32.01,0.010000000000005116,0.03,332124.07,1086237.54,20200120,
2020-01-21,600887.SH,31.79,31.79,31.05,31.35,32.02,-0.6700000000000017,-2.09,391528.28,1261249.68,20200121,
2020-01-22,600887.SH,31.21,31.66,30.68,31.59,31.35,0.23999999999999844,0.77,370711.83,1186652.065,20200122,
2020-01-23,600887.SH,31.35,31.35,29.59,29.83,31.59,-1.7600000000000016,-5.57,764166.73,2370378.721,20200123,
2020-02-03,600887.SH,26.97,28.26,26.97,27.63,29.83,-2.1999999999999993,-7.38,1284504.28,3648175.276,20200203,
2020-02-04,600887.SH,27.9,28.79,27.89,28.76,27.63,1.1300000000000026,4.09,805723.58,2359172.704,20200204,
2020-02-05,600887.SH,29.06,29.09,28.53,28.82,28.76,0.05999999999999872,0.21,601310.65,1777453.108,20200205,
2020-02-06,600887.SH,29.06,29.5,28.9,29.5,28.82,0.6799999999999997,2.36,668650.03,2008471.232,20200206,
2020-02-07,600887.SH,29.45,30.08,28.98,29.93,29.5,0.4299999999999997,1.46,554095.98,1678307.867,20200207,
2020-02-10,600887.SH,29.55,29.8,29.17,29.37,29.93,-0.5599999999999987,-1.87,537191.82,1621145.673,20200210,
2020-02-11,600887.SH,29.36,30.0,29.36,29.43,29.37,0.05999999999999872,0.2,458072.1,1395556.133,20200211,
2020-02-12,600887.SH,29.43,29.66,29.35,29.45,29.43,0.019999999999999574,0.07,368793.62,1116136.095,20200212,
2020-02-13,600887.SH,29.44,29.5,28.86,28.88,29.45,-0.5700000000000003,-1.94,496747.81,1483934.957,20200213,
2020-02-14,600887.SH,28.82,29.16,28.78,28.91,28.88,0.030000000000001137,0.1,396892.28,1180134.215,20200214,
2020-02-17,600887.SH,28.65,29.4,28.62,29.37,28.91,0.46000000000000085,1.59,616433.97,1838585.832,20200217,
2020-02-18,600887.SH,29.21,29.59,29.19,29.4,29.37,0.029999999999997584,0.1,501453.95,1516057.254,20200218,
2020-02-19,600887.SH,29.4,29.78,29.19,29.7,29.4,0.3000000000000007,1.02,594198.92,1800283.355,20200219,
2020-02-20,600887.SH,29.68,30.37,29.55,30.27,29.7,0.5700000000000003,1.92,579514.32,1791801.651,20200220,
2020-02-21,600887.SH,30.11,30.13,29.75,29.9,30.27,-0.370000000000001,-1.22,549092.3,1685910.24,20200221,
2020-02-24,600887.SH,29.66,29.66,28.91,29.18,29.9,-0.7199999999999989,-2.41,744092.77,2229454.839,20200224,
2020-02-25,600887.SH,28.72,28.99,28.52,28.9,29.18,-0.28000000000000114,-0.96,620948.34,1834848.281,20200225,
2020-02-26,600887.SH,28.44,28.93,28.31,28.59,28.9,-0.3099999999999987,-1.07,517498.0,1523075.113,20200226,
2020-02-27,600887.SH,28.67,29.25,28.62,29.16,28.59,0.5700000000000003,1.99,548577.26,1634710.076,20200227,
2020-02-28,600887.SH,28.53,28.96,28.13,28.14,29.16,-1.0199999999999996,-3.5,538813.59,1574965.993,20200228,
2020-03-02,600887.SH,28.28,28.91,28.28,28.81,28.14,0.6699999999999982,2.38,476231.86,1402115.817,20200302,
2020-03-03,600887.SH,28.96,29.31,28.81,29.06,28.81,0.25,0.87,603171.78,1801083.192,20200303,
2020-03-04,600887.SH,29.01,29.57,28.92,29.56,29.06,0.5,1.72,545097.01,1638586.482,20200304,
2020-03-05,600887.SH,29.75,30.45,29.42,30.12,29.56,0.5600000000000023,1.89,877075.87,2701424.591,20200305,
2020-03-06,600887.SH,29.79,30.29,29.51,29.56,30.12,-0.5600000000000023,-1.86,468430.3,1435565.788,20200306,
2020-03-09,600887.SH,28.91,28.91,28.23,28.26,29.56,-1.2999999999999972,-4.4,765667.59,2240691.964,20200309,
2020-03-10,600887.SH,28.13,29.16,28.13,29.1,28.26,0.8399999999999999,2.97,609021.18,1797201.14,20200310,
2020-03-11,600887.SH,29.01,29.02,28.46,28.48,29.1,-0.620000000000001,-2.13,512094.74,1508411.242,20200311,
2020-03-12,600887.SH,28.21,28.22,27.63,27.81,28.48,-0.6700000000000017,-2.35,548952.7,1569879.524,20200312,
2020-03-13,600887.SH,26.72,27.81,26.43,27.51,27.81,-0.29999999999999716,-1.08,840073.52,2335727.469,20200313,
2020-03-16,600887.SH,27.5,27.5,26.33,26.53,27.51,-0.9800000000000004,-3.56,670517.26,1856329.973,20200316,
2020-03-17,600887.SH,26.77,27.31,26.18,27.04,26.53,0.509999999999998,1.92,740886.4,2049499.753,20200317,
2020-03-18,600887.SH,27.18,27.94,26.76,26.94,27.04,-0.09999999999999787,-0.37,552656.96,1557497.057,20200318,
2020-03-19,600887.SH,26.98,27.33,26.33,27.1,26.94,0.16000000000000014,0.59,722674.33,1995562.476,20200319,
2020-03-20,600887.SH,27.1,27.79,27.1,27.6,27.1,0.5,1.85,483903.95,1361176.853,20200320,
2020-03-23,600887.SH,26.55,27.11,26.54,26.78,27.6,-0.8200000000000003,-2.97,597060.11,1642827.235,20200323,
2020-03-24,600887.SH,27.31,27.65,27.17,27.6,26.78,0.8200000000000003,3.06,521433.66,1469215.018,20200324,
2020-03-25,600887.SH,28.18,28.23,27.64,27.88,27.6,0.2799999999999976,1.01,542547.4,1555754.047,20200325,
2020-03-26,600887.SH,27.46,27.97,27.38,27.63,27.88,-0.25,-0.9,313512.75,892371.568,20200326,
2020-03-27,600887.SH,28.01,28.45,27.84,27.93,27.63,0.3000000000000007,1.09,646628.94,1871732.406,20200327,
2020-03-30,600887.SH,27.72,28.3,27.64,28.26,27.93,0.33000000000000185,1.18,506769.55,1463808.275,20200330,
2020-03-31,600887.SH,28.52,29.09,28.24,29.07,28.26,0.8099999999999987,2.87,638059.01,1885140.153,20200331,
2020-04-01,600887.SH,28.71,29.07,28.37,28.52,29.07,-0.5500000000000007,-1.89,568082.49,1676208.844,20200401,
2020-04-02,600887.SH,28.42,28.61,28.02,28.45,28.52,-0.07000000000000028,-0.25,402481.4,1166856.613,20200402,
2020-04-03,600887.SH,28.38,29.04,28.24,28.65,28.45,0.1999999999999993,0.7,388323.52,1145036.439,20200403,
2020-04-07,600887.SH,29.06,29.58,29.06,29.39,28.65,0.740000000000002,2.58,749449.43,2260268.742,20200407,
2020-04-08,600887.SH,29.2,29.39,28.91,29.14,29.39,-0.25,-0.85,359908.02,1075702.301,20200408,
2020-04-09,600887.SH,29.26,29.67,29.24,29.35,29.14,0.21000000000000085,0.72,412127.18,1247506.237,20200409,
2020-04-10,600887.SH,29.35,30.05,29.2,29.4,29.35,0.04999999999999716,0.17,472804.71,1438464.29,20200410,
2020-04-13,600887.SH,29.39,29.39,28.76,29.07,29.4,-0.3299999999999983,-1.12,342099.97,1020135.646,20200413,
2020-04-14,600887.SH,29.19,29.84,28.77,29.71,29.07,0.6400000000000006,2.2,569344.08,1721743.183,20200414,
2020-04-15,600887.SH,29.78,29.84,29.02,29.19,29.71,-0.5199999999999996,-1.75,441358.06,1330034.48,20200415,
2020-04-16,600887.SH,29.1,29.39,28.83,29.01,29.19,-0.17999999999999972,-0.62,303228.11,904670.642,20200416,
2020-04-17,600887.SH,29.3,29.5,29.07,29.16,29.01,0.14999999999999858,0.52,378758.51,1137585.195,20200417,
2020-04-20,600887.SH,29.5,29.93,29.21,29.69,29.16,0.5300000000000011,1.82,595720.89,1816205.46,20200420,
2020-04-21,600887.SH,29.69,29.69,28.9,29.23,29.69,-0.46000000000000085,-1.55,603552.86,1806487.373,20200421,
2020-04-22,600887.SH,29.01,29.56,28.98,29.53,29.23,0.3000000000000007,1.03,413917.7,1248908.186,20200422,
2020-04-23,600887.SH,29.5,30.34,29.48,29.92,29.53,0.39000000000000057,1.32,583806.77,1801503.617,20200423,
2020-04-24,600887.SH,30.01,30.66,29.79,30.37,29.92,0.4499999999999993,1.5,603673.87,1877825.383,20200424,
2020-04-27,600887.SH,30.44,30.62,29.98,30.21,30.37,-0.16000000000000014,-0.53,373252.08,1157584.969,20200427,
2020-04-28,600887.SH,30.23,30.74,29.74,30.59,30.21,0.379999999999999,1.26,600872.89,1869831.439,20200428,
2020-04-29,600887.SH,29.4,29.4,28.22,28.51,30.59,-2.0799999999999983,-6.8,1835355.64,5420001.75,20200429,
2020-04-30,600887.SH,28.51,28.77,28.04,28.46,28.51,-0.05000000000000071,-0.18,1078143.15,3145045.336,20200430,
2020-05-06,600887.SH,27.95,28.43,27.94,28.4,28.46,-0.060000000000002274,-0.21,986493.01,2860917.396,20200506,
2020-05-07,600887.SH,28.42,28.63,28.19,28.29,28.4,-0.10999999999999943,-0.39,647814.49,1889219.978,20200507,
2020-05-08,600887.SH,28.39,28.86,28.19,28.66,28.29,0.370000000000001,1.31,795376.9,2333025.862,20200508,
2020-05-11,600887.SH,28.61,29.18,28.28,28.45,28.66,-0.21000000000000085,-0.73,681644.76,2002607.578,20200511,
2020-05-12,600887.SH,28.32,28.57,28.22,28.36,28.45,-0.08999999999999986,-0.32,610317.13,1779763.16,20200512,
2020-05-13,600887.SH,28.36,28.85,28.09,28.7,28.36,0.33999999999999986,1.2,721580.52,2117580.507,20200513,
2020-05-14,600887.SH,28.44,28.6,28.19,28.23,28.7,-0.46999999999999886,-1.64,580559.6,1691099.974,20200514,
2020-05-15,600887.SH,28.34,28.37,27.7,27.72,28.23,-0.5100000000000016,-1.81,836484.11,2396059.95,20200515,
2020-05-18,600887.SH,27.72,28.13,27.35,27.92,27.72,0.20000000000000284,0.72,660158.11,1890377.834,20200518,
2020-05-19,600887.SH,28.14,28.33,27.99,28.23,27.92,0.3099999999999987,1.11,568981.98,1646419.323,20200519,
2020-05-20,600887.SH,28.18,28.5,27.84,27.96,28.23,-0.2699999999999996,-0.96,551923.97,1593495.91,20200520,
2020-05-21,600887.SH,28.1,28.21,27.69,27.82,27.96,-0.14000000000000057,-0.5,442807.04,1270584.854,20200521,
2020-05-22,600887.SH,27.67,27.72,27.13,27.15,27.82,-0.6700000000000017,-2.41,723277.61,2029391.997,20200522,
2020-05-25,600887.SH,27.34,27.88,26.82,27.74,27.15,0.5899999999999999,2.17,584497.67,1645447.689,20200525,
2020-05-26,600887.SH,28.05,28.09,27.52,27.86,27.74,0.120000000000001,0.43,517574.66,1478252.524,20200526,
2020-05-27,600887.SH,27.85,28.31,27.75,27.97,27.86,0.10999999999999943,0.39,500755.24,1443822.101,20200527,
2020-05-28,600887.SH,27.97,28.17,27.37,27.69,27.97,-0.2799999999999976,-1.0,407027.04,1159508.948,20200528,
2020-05-29,600887.SH,27.62,27.98,27.46,27.7,27.69,0.00999999999999801,0.04,436972.95,1243156.543,20200529,
2020-06-01,600887.SH,27.94,28.36,27.74,28.15,27.7,0.4499999999999993,1.62,780063.7,2248817.546,20200601,
2020-06-02,600887.SH,28.05,28.14,27.78,28.08,28.15,-0.07000000000000028,-0.25,611885.67,1755180.203,20200602,
2020-06-03,600887.SH,28.12,28.3,27.86,28.0,28.08,-0.0799999999999983,-0.28,565828.01,1633285.77,20200603,
2020-06-04,600887.SH,28.25,28.26,27.97,28.11,28.0,0.10999999999999943,0.39,476804.21,1376684.749,20200604,
2020-06-05,600887.SH,28.13,28.18,27.55,27.72,28.11,-0.39000000000000057,-1.39,806496.07,2294314.332,20200605,
2020-06-08,600887.SH,28.04,29.69,28.01,29.48,27.72,1.7600000000000016,6.35,1895372.2,5671326.262,20200608,
2020-06-09,600887.SH,29.87,30.26,29.58,29.74,29.48,0.259999999999998,0.88,1362874.37,4187300.511,20200609,
2020-06-10,600887.SH,29.78,29.84,29.24,29.35,29.74,-0.389999999999997,-1.31,645720.92,1905090.188,20200610,
2020-06-11,600887.SH,29.5,29.58,28.5,28.89,29.35,-0.46000000000000085,-1.57,785325.35,2271576.189,20200611,
2020-06-12,600887.SH,28.45,29.1,28.4,29.1,28.89,0.21000000000000085,0.73,544001.67,1566075.207,20200612,
2020-06-15,600887.SH,28.7,29.06,28.54,28.6,29.1,-0.5,-1.72,599117.57,1723102.147,20200615,
2020-06-16,600887.SH,28.91,29.11,28.68,28.91,28.6,0.3099999999999987,1.08,557652.44,1611915.284,20200616,
2020-06-17,600887.SH,29.0,29.5,28.8,29.39,28.91,0.4800000000000004,1.66,572859.58,1678264.137,20200617,
2020-06-18,600887.SH,29.47,29.6,29.15,29.24,29.39,-0.15000000000000213,-0.51,495582.24,1454638.174,20200618,
2020-06-19,600887.SH,29.2,30.18,29.16,29.91,29.24,0.6700000000000017,2.29,1063056.07,3172957.901,20200619,
2020-06-22,600887.SH,29.99,30.68,29.9,30.09,29.91,0.17999999999999972,0.6,768439.76,2328651.991,20200622,
2020-06-23,600887.SH,30.14,30.74,29.92,30.24,30.09,0.14999999999999858,0.5,932300.29,2827903.725,20200623,
2020-06-24,600887.SH,30.7,31.13,30.44,30.82,30.24,0.5800000000000018,1.92,754725.36,2323979.07,20200624,
2020-06-29,600887.SH,31.0,31.43,30.55,30.88,30.82,0.05999999999999872,0.19,675432.39,2090090.918,20200629,
2020-06-30,600887.SH,31.2,31.44,30.86,31.13,30.88,0.25,0.81,654682.39,2043311.64,20200630,
2020-07-01,600887.SH,31.25,32.13,31.09,31.89,31.13,0.7600000000000016,2.44,743401.13,2357492.373,20200701,
2020-07-02,600887.SH,32.0,32.28,31.45,31.94,31.89,0.05000000000000071,0.16,769370.53,2442549.556,20200702,
2020-07-03,600887.SH,32.5,32.53,31.16,31.59,31.94,-0.3500000000000014,-1.1,962295.54,3039892.462,20200703,
2020-07-06,600887.SH,31.9,34.2,31.85,33.8,31.59,2.2099999999999973,7.0,1413820.69,4718054.081,20200706,
2020-07-07,600887.SH,34.39,34.39,33.55,33.6,33.8,-0.19999999999999574,-0.59,1042798.15,3545539.349,20200707,
2020-07-08,600887.SH,33.6,35.15,33.52,34.84,33.6,1.240000000000002,3.69,1150989.32,3990932.488,20200708,
2020-07-09,600887.SH,34.84,35.49,34.58,35.02,34.84,0.17999999999999972,0.52,810787.07,2832150.342,20200709,
2020-07-10,600887.SH,34.95,35.31,34.33,34.56,35.02,-0.46000000000000085,-1.31,803110.64,2795208.503,20200710,
2020-07-13,600887.SH,34.0,36.07,33.88,35.45,34.56,0.8900000000000006,2.58,1107365.45,3885738.393,20200713,
2020-07-14,600887.SH,35.11,36.0,34.7,35.16,35.45,-0.29000000000000625,-0.82,701844.76,2471160.441,20200714,
2020-07-15,600887.SH,35.89,36.2,34.89,35.45,35.16,0.29000000000000625,0.82,787011.79,2798127.977,20200715,
2020-07-16,600887.SH,35.4,36.0,33.1,33.1,35.45,-2.3500000000000014,-6.63,1171995.7,3998169.383,20200716,
2020-07-17,600887.SH,32.85,34.75,32.85,34.35,33.1,1.25,3.78,789786.18,2697058.543,20200717,
2020-07-20,600887.SH,34.36,34.9,32.5,33.44,34.35,-0.9100000000000037,-2.65,1252811.87,4167762.347,20200720,
2020-07-21,600887.SH,33.51,34.6,33.15,34.06,33.44,0.6200000000000045,1.85,790752.77,2690312.023,20200721,
2020-07-22,600887.SH,33.8,36.63,33.8,36.0,34.06,1.9399999999999977,5.7,1181376.48,4220372.578,20200722,
2020-07-23,600887.SH,35.76,36.3,34.67,35.54,36.0,-0.46000000000000085,-1.28,780687.81,2762263.996,20200723,
2020-07-24,600887.SH,35.1,35.48,33.5,34.03,35.54,-1.509999999999998,-4.25,1010885.0,3485348.961,20200724,
2020-07-27,600887.SH,34.61,34.84,33.54,33.9,34.03,-0.13000000000000256,-0.38,541363.86,1847467.481,20200727,
2020-07-28,600887.SH,34.5,36.25,34.32,35.36,33.9,1.4600000000000009,4.31,962667.09,3414770.976,20200728,
2020-07-29,600887.SH,35.4,36.08,34.8,35.87,35.36,0.509999999999998,1.44,773533.37,2750480.497,20200729,
2020-07-30,600887.SH,36.35,36.83,35.76,36.02,35.87,0.15000000000000568,0.42,782861.1,2842710.516,20200730,
2020-07-31,600887.SH,36.0,36.99,35.7,36.63,36.02,0.6099999999999994,1.69,716922.1,2615855.433,20200731,
2020-08-03,600887.SH,37.3,38.48,37.29,38.1,36.63,1.4699999999999989,4.01,786509.3,2984013.497,20200803,
2020-08-04,600887.SH,38.77,38.78,37.21,37.77,38.1,-0.3299999999999983,-0.87,614476.08,2332795.119,20200804,
2020-08-05,600887.SH,37.64,38.45,37.39,37.73,37.77,-0.04000000000000625,-0.11,599042.0,2269848.145,20200805,
2020-08-06,600887.SH,37.41,37.73,36.67,37.13,37.73,-0.5999999999999943,-1.59,593621.64,2207968.411,20200806,
2020-08-07,600887.SH,37.18,37.31,35.92,36.43,37.13,-0.7000000000000028,-1.89,639330.34,2340167.429,20200807,
2020-08-10,600887.SH,36.7,36.97,35.9,36.42,36.43,-0.00999999999999801,-0.03,474048.68,1728285.46,20200810,
2020-08-11,600887.SH,36.73,37.45,35.9,36.0,36.42,-0.4200000000000017,-1.15,505307.24,1851526.29,20200811,
2020-08-12,600887.SH,35.99,36.24,34.39,35.32,36.0,-0.6799999999999997,-1.89,561367.8,1973554.053,20200812,
2020-08-13,600887.SH,35.39,35.5,34.75,34.84,35.32,-0.4799999999999969,-1.36,403335.14,1413492.454,20200813,
2020-08-14,600887.SH,34.84,35.31,34.42,35.24,34.84,0.3999999999999986,1.15,492692.46,1722101.534,20200814,
2020-08-17,600887.SH,35.1,35.7,34.75,35.35,35.24,0.10999999999999943,0.31,708280.67,2493469.416,20200817,
2020-08-18,600887.SH,35.28,36.44,35.03,36.14,35.35,0.7899999999999991,2.23,632639.83,2271572.807,20200818,
2020-08-19,600887.SH,35.95,35.95,34.9,34.99,36.14,-1.1499999999999986,-3.18,491975.07,1740250.464,20200819,
2020-08-20,600887.SH,34.85,34.85,33.85,34.07,34.99,-0.9200000000000017,-2.63,705365.49,2407516.91,20200820,
2020-08-21,600887.SH,34.58,35.14,34.14,34.89,34.07,0.8200000000000003,2.41,547792.77,1898150.407,20200821,
2020-08-24,600887.SH,35.26,35.97,34.86,35.22,34.89,0.3299999999999983,0.95,586200.4,2074511.979,20200824,
2020-08-25,600887.SH,35.08,35.9,35.01,35.25,35.22,0.030000000000001137,0.09,462190.83,1638022.658,20200825,
2020-08-26,600887.SH,35.37,36.16,35.24,35.82,35.25,0.5700000000000003,1.62,630321.32,2259891.445,20200826,
2020-08-27,600887.SH,36.7,37.8,36.25,36.9,35.82,1.0799999999999983,3.02,921104.61,3400069.454,20200827,
2020-08-28,600887.SH,39.9,40.59,39.11,40.59,36.9,3.690000000000005,10.0,1319573.57,5289373.202,20200828,
2020-08-31,600887.SH,41.5,43.08,41.22,41.94,40.59,1.3499999999999943,3.33,1760667.76,7420720.528,20200831,
2020-09-01,600887.SH,41.68,42.15,40.83,41.52,41.94,-0.4199999999999946,-1.0,864557.66,3576479.763,20200901,
2020-09-02,600887.SH,42.1,42.47,41.32,41.6,41.52,0.0799999999999983,0.19,749199.83,3138788.504,20200902,
2020-09-03,600887.SH,41.72,43.03,41.28,41.55,41.6,-0.05000000000000426,-0.12,919354.96,3863048.579,20200903,
2020-09-04,600887.SH,41.11,41.53,40.21,40.98,41.55,-0.5700000000000003,-1.37,681408.96,2787175.303,20200904,
2020-09-07,600887.SH,41.58,42.58,39.95,40.38,40.98,-0.5999999999999943,-1.46,805076.13,3338705.284,20200907,
2020-09-08,600887.SH,40.1,40.8,39.19,39.88,40.38,-0.5,-1.24,638074.54,2544840.351,20200908,
2020-09-09,600887.SH,39.43,39.8,38.44,39.17,39.88,-0.7100000000000009,-1.78,505249.14,1980772.506,20200909,
2020-09-10,600887.SH,39.6,39.8,38.72,38.82,39.17,-0.3500000000000014,-0.89,487212.2,1909010.715,20200910,
2020-09-11,600887.SH,39.3,39.3,38.37,38.84,38.82,0.020000000000003126,0.05,441475.54,1715013.913,20200911,
2020-09-14,600887.SH,39.75,39.94,38.62,39.02,38.84,0.17999999999999972,0.46,553593.45,2169719.779,20200914,
2020-09-15,600887.SH,39.0,40.32,39.0,39.93,39.02,0.9099999999999966,2.33,686851.91,2731351.87,20200915,
2020-09-16,600887.SH,39.72,40.06,38.77,39.1,39.93,-0.8299999999999983,-2.08,455883.21,1785631.901,20200916,
2020-09-17,600887.SH,38.75,38.83,37.51,38.16,39.1,-0.9400000000000048,-2.4,616750.13,2344135.888,20200917,
2020-09-18,600887.SH,38.33,39.35,37.97,39.35,38.16,1.1900000000000048,3.12,479017.84,1857113.458,20200918,
2020-09-21,600887.SH,39.34,39.58,38.53,38.55,39.35,-0.8000000000000043,-2.03,379971.01,1473383.649,20200921,
2020-09-22,600887.SH,38.5,39.36,38.32,38.63,38.55,0.0800000000000054,0.21,319063.91,1239668.674,20200922,
2020-09-23,600887.SH,38.91,39.15,38.48,38.85,38.63,0.21999999999999886,0.57,303052.91,1175689.575,20200923,
2020-09-24,600887.SH,38.6,38.65,37.6,37.9,38.85,-0.9500000000000028,-2.45,447502.31,1698680.785,20200924,
2020-09-25,600887.SH,37.8,38.49,37.77,38.11,37.9,0.21000000000000085,0.55,252615.34,965935.239,20200925,
2020-09-28,600887.SH,38.94,39.02,38.0,38.18,38.11,0.07000000000000028,0.18,301947.9,1163735.598,20200928,
2020-09-29,600887.SH,38.61,38.65,38.02,38.29,38.18,0.10999999999999943,0.29,262770.63,1008006.92,20200929,
2020-09-30,600887.SH,38.56,39.35,38.3,38.5,38.29,0.21000000000000085,0.55,362272.54,1404863.691,20200930,
2020-10-09,600887.SH,39.5,40.99,39.07,40.3,38.5,1.7999999999999972,4.68,539668.45,2162875.053,20201009,
2020-10-12,600887.SH,40.78,41.85,40.6,41.69,40.3,1.3900000000000006,3.45,479760.53,1989850.154,20201012,
2020-10-13,600887.SH,41.4,41.78,41.29,41.48,41.69,-0.21000000000000085,-0.5,255503.18,1059490.696,20201013,
2020-10-14,600887.SH,41.5,42.3,41.41,41.8,41.48,0.3200000000000003,0.77,354898.23,1483399.799,20201014,
2020-10-15,600887.SH,41.9,42.0,41.24,41.47,41.8,-0.3299999999999983,-0.79,358506.35,1489101.552,20201015,
2020-10-16,600887.SH,41.4,42.14,40.85,41.21,41.47,-0.259999999999998,-0.63,262380.69,1085971.709,20201016,
2020-10-19,600887.SH,41.21,41.65,40.06,40.18,41.21,-1.0300000000000011,-2.5,516927.34,2096262.759,20201019,
2020-10-20,600887.SH,40.45,41.7,40.42,41.5,40.18,1.3200000000000003,3.29,396565.96,1631908.065,20201020,
2020-10-21,600887.SH,41.84,41.9,41.15,41.85,41.5,0.3500000000000014,0.84,368380.77,1531399.112,20201021,
2020-10-22,600887.SH,42.19,42.3,41.3,42.14,41.85,0.28999999999999915,0.69,365867.47,1530855.03,20201022,
2020-10-23,600887.SH,42.14,42.14,40.32,40.45,42.14,-1.6899999999999977,-4.01,388879.49,1596384.809,20201023,
2020-10-26,600887.SH,40.44,41.83,39.65,41.4,40.45,0.9499999999999957,2.35,290842.2,1191959.422,20201026,
2020-10-27,600887.SH,41.99,42.2,40.89,41.22,41.4,-0.17999999999999972,-0.43,346487.44,1433834.732,20201027,
2020-10-28,600887.SH,41.66,43.46,41.46,42.99,41.22,1.7700000000000031,4.29,760553.52,3263190.789,20201028,
2020-10-29,600887.SH,42.98,44.54,42.65,44.14,42.99,1.1499999999999986,2.68,815575.39,3550172.612,20201029,
2020-10-30,600887.SH,40.99,41.5,39.73,39.73,44.14,-4.410000000000004,-9.99,1342869.54,5371200.262,20201030,
2020-11-02,600887.SH,38.69,39.35,37.35,37.9,39.73,-1.8299999999999983,-4.61,1699316.48,6473260.351,20201102,
2020-11-03,600887.SH,38.08,39.32,37.93,39.11,37.9,1.2100000000000009,3.19,916659.07,3567488.755,20201103,
2020-11-04,600887.SH,39.2,39.67,38.41,39.46,39.11,0.3500000000000014,0.89,520022.04,2031417.511,20201104,
2020-11-05,600887.SH,39.75,39.95,38.91,39.48,39.46,0.01999999999999602,0.05,642120.84,2522586.097,20201105,
2020-11-06,600887.SH,39.84,39.85,38.58,38.88,39.48,-0.5999999999999943,-1.52,534797.75,2079341.134,20201106,
2020-11-09,600887.SH,39.32,39.76,39.1,39.51,38.88,0.6299999999999955,1.62,566945.22,2238028.689,20201109,
2020-11-10,600887.SH,39.49,39.51,38.7,38.94,39.51,-0.5700000000000003,-1.44,492442.49,1921874.439,20201110,
2020-11-11,600887.SH,39.3,40.11,39.18,39.26,38.94,0.3200000000000003,0.82,578873.39,2292344.533,20201111,
2020-11-12,600887.SH,39.5,39.8,38.8,39.01,39.26,-0.25,-0.64,436504.86,1705472.638,20201112,
2020-11-13,600887.SH,38.9,38.9,37.8,38.32,39.01,-0.6899999999999977,-1.77,448552.42,1707389.445,20201113,
2020-11-16,600887.SH,38.5,38.68,37.91,38.22,38.32,-0.10000000000000142,-0.26,403381.19,1539521.158,20201116,
2020-11-17,600887.SH,38.08,38.19,37.34,37.97,38.22,-0.25,-0.65,511695.5,1929908.489,20201117,
2020-11-18,600887.SH,37.96,38.45,37.78,38.33,37.97,0.35999999999999943,0.95,400684.15,1529738.083,20201118,
2020-11-19,600887.SH,38.34,39.13,38.12,39.08,38.33,0.75,1.96,458994.62,1782695.165,20201119,
2020-11-20,600887.SH,39.1,39.63,38.75,39.23,39.08,0.14999999999999858,0.38,434500.54,1703071.68,20201120,
2020-11-23,600887.SH,39.23,39.9,39.11,39.51,39.23,0.28000000000000114,0.71,449026.48,1779055.025,20201123,
2020-11-24,600887.SH,39.75,39.75,38.45,38.7,39.51,-0.8099999999999952,-2.05,484932.61,1884092.304,20201124,
2020-11-25,600887.SH,38.7,38.85,37.71,37.79,38.7,-0.9100000000000037,-2.35,548091.5,2083841.921,20201125,
2020-11-26,600887.SH,37.71,38.21,37.52,38.12,37.79,0.3299999999999983,0.87,349816.47,1324731.841,20201126,
2020-11-27,600887.SH,38.11,38.3,37.61,38.3,38.12,0.17999999999999972,0.47,304126.65,1156922.206,20201127,
2020-11-30,600887.SH,38.26,38.38,37.78,37.79,38.3,-0.509999999999998,-1.33,433226.13,1647783.833,20201130,
2020-12-01,600887.SH,38.12,38.72,37.99,38.55,37.79,0.759999999999998,2.01,359017.91,1379888.831,20201201,
2020-12-02,600887.SH,38.88,38.9,38.17,38.54,38.55,-0.00999999999999801,-0.03,322541.11,1240566.857,20201202,
2020-12-03,600887.SH,38.65,39.1,38.42,38.94,38.54,0.3999999999999986,1.04,339246.8,1317406.151,20201203,
2020-12-04,600887.SH,39.23,39.88,38.99,39.79,38.94,0.8500000000000014,2.18,529295.85,2095960.957,20201204,
2020-12-07,600887.SH,40.0,40.6,39.78,40.18,39.79,0.39000000000000057,0.98,693085.7,2785466.527,20201207,
2020-12-08,600887.SH,40.18,41.16,39.85,40.68,40.18,0.5,1.24,529317.35,2147471.807,20201208,
2020-12-09,600887.SH,41.0,41.24,40.1,40.24,40.68,-0.4399999999999977,-1.08,497960.43,2021999.527,20201209,
2020-12-10,600887.SH,39.87,40.45,39.09,39.43,40.24,-0.8100000000000023,-2.01,535941.21,2128037.285,20201210,
2020-12-11,600887.SH,39.53,39.65,38.36,39.04,39.43,-0.39000000000000057,-0.99,546452.64,2123167.832,20201211,
2020-12-14,600887.SH,33.2,34.01,33.03,33.93,33.07,0.8599999999999994,2.6,517743.64,2048745.865,20201214,20201214.0
2020-12-15,600887.SH,34.29,34.38,33.71,34.22,33.93,0.2899999999999991,0.85,533878.84,2143693.291,20201215,20201215.0
2020-12-16,600887.SH,34.19,34.61,33.73,34.29,34.22,0.0700000000000002,0.2,525041.31,2116281.096,20201216,20201216.0
2020-12-17,600887.SH,34.61,35.41,34.4,34.99,34.29,0.7000000000000028,2.04,809856.88,3353488.212,20201217,20201217.0
2020-12-18,600887.SH,34.73,35.09,34.1,34.47,34.99,-0.5200000000000031,-1.49,544024.81,2216103.767,20201218,20201218.0
2020-12-21,600887.SH,34.48,35.47,34.31,35.15,34.47,0.6799999999999997,1.97,624818.83,2587300.197,20201221,20201221.0
2020-12-22,600887.SH,35.1,35.7,34.63,34.69,35.15,-0.4600000000000008,-1.31,609621.18,2533303.01,20201222,20201222.0
2020-12-23,600887.SH,35.04,35.84,34.81,35.21,34.69,0.5200000000000031,1.5,682012.31,2854552.194,20201223,20201223.0
2020-12-24,600887.SH,35.13,35.13,34.22,34.31,35.21,-0.8999999999999986,-2.56,582053.0,2380326.472,20201224,20201224.0
2020-12-25,600887.SH,34.44,34.8,33.84,33.88,34.31,-0.4299999999999997,-1.25,543491.59,2194282.425,20201225,20201225.0
2020-12-28,600887.SH,34.19,35.49,34.04,35.48,33.88,1.5999999999999943,4.72,850114.1,3526861.978,20201228,20201228.0
2020-12-29,600887.SH,35.91,36.12,35.34,35.46,35.48,-0.019999999999996,-0.06,577716.47,2433762.573,20201229,20201229.0
2020-12-30,600887.SH,35.46,37.34,35.37,37.23,35.46,1.769999999999996,4.99,963879.84,4163273.696,20201230,20201230.0
2020-12-31,600887.SH,36.94,38.11,36.93,37.58,37.23,0.3500000000000014,0.94,835613.35,3703996.843,20201231,20201231.0
2021-01-04,600887.SH,37.77,40.65,37.41,40.11,37.58,2.530000000000001,6.73,875386.55,4067206.463,20210104,20210104.0
2021-01-05,600887.SH,40.74,43.92,40.74,43.14,40.11,3.030000000000001,7.55,1252762.69,6279953.468,20210105,20210105.0
2021-01-06,600887.SH,43.62,43.92,41.76,42.82,43.14,-0.3200000000000003,-0.74,978357.32,4924778.416,20210106,20210106.0
2021-01-07,600887.SH,42.86,43.91,41.89,43.78,42.82,0.9600000000000009,2.24,983551.35,4945582.209,20210107,20210107.0
2021-01-08,600887.SH,43.45,43.92,41.23,41.73,43.78,-2.0500000000000043,-4.68,1135579.68,5646536.745,20210108,20210108.0
2021-01-11,600887.SH,41.5,42.48,40.67,41.2,41.73,-0.529999999999994,-1.27,906448.29,4452408.233,20210111,20210111.0
2021-01-12,600887.SH,41.25,42.35,41.08,42.07,41.2,0.8699999999999974,2.11,612857.5,3026984.103,20210112,20210112.0
2021-01-13,600887.SH,42.2,42.77,40.71,41.15,42.07,-0.9200000000000016,-2.19,778075.89,3821127.309,20210113,20210113.0
2021-01-14,600887.SH,40.77,41.54,39.59,39.77,41.15,-1.3799999999999957,-3.35,811710.35,3847490.76,20210114,20210114.0
2021-01-15,600887.SH,39.26,39.97,38.79,39.51,39.77,-0.2600000000000051,-0.65,697653.78,3239843.527,20210115,20210115.0
2021-01-18,600887.SH,39.51,40.86,39.51,40.24,39.51,0.730000000000004,1.85,706755.67,3354358.894,20210118,20210118.0
2021-01-19,600887.SH,40.24,40.29,38.94,39.08,40.24,-1.1600000000000037,-2.88,638229.49,2970963.317,20210119,20210119.0
2021-01-20,600887.SH,39.07,39.3,38.55,39.1,39.08,0.0200000000000031,0.05,651725.01,2997057.193,20210120,20210120.0
2021-01-21,600887.SH,39.21,39.47,38.13,39.17,39.1,0.0700000000000002,0.18,986226.42,4523282.666,20210121,20210121.0
2021-01-22,600887.SH,38.97,39.8,38.44,38.99,39.17,-0.1799999999999997,-0.46,1194439.15,5498601.927,20210122,20210122.0
2021-01-25,600887.SH,39.08,41.43,39.08,41.36,38.99,2.369999999999997,6.08,1520551.08,7220524.557,20210125,20210125.0
2021-01-26,600887.SH,40.66,40.82,39.45,39.8,41.36,-1.5600000000000025,-3.77,943224.95,4468032.608,20210126,20210126.0
2021-01-27,600887.SH,39.97,39.98,38.29,39.14,39.8,-0.6599999999999966,-1.66,827595.01,3802346.331,20210127,20210127.0
2021-01-28,600887.SH,38.62,38.86,37.0,37.3,39.14,-1.8400000000000036,-4.7,966818.32,4312064.396,20210128,20210128.0
2021-01-29,600887.SH,37.54,37.9,36.91,37.44,37.3,0.1400000000000005,0.38,776633.35,3433198.0,20210129,20210129.0
2021-02-01,600887.SH,37.94,38.06,37.18,37.48,37.44,0.0399999999999991,0.11,533560.45,2369515.589,20210201,20210201.0
2021-02-02,600887.SH,37.48,38.44,37.2,38.1,37.48,0.6200000000000045,1.65,770515.45,3445334.724,20210202,20210202.0
2021-02-03,600887.SH,38.23,38.24,36.46,36.66,38.1,-1.4400000000000048,-3.78,1307609.19,5694160.641,20210203,20210203.0
2021-02-04,600887.SH,36.65,37.54,36.14,37.04,36.66,0.3800000000000025,1.04,794959.44,3471513.059,20210204,20210204.0
2021-02-05,600887.SH,37.42,38.21,36.97,37.39,37.04,0.3500000000000014,0.94,797591.79,3544478.717,20210205,20210205.0
2021-02-08,600887.SH,37.83,38.76,37.5,38.72,37.39,1.3299999999999983,3.56,894397.87,4038576.136,20210208,20210208.0
2021-02-09,600887.SH,38.82,39.32,38.3,38.98,38.72,0.259999999999998,0.67,848013.7,3888251.506,20210209,20210209.0
2021-02-10,600887.SH,38.98,39.68,38.56,39.38,38.98,0.4000000000000057,1.03,853235.31,3940105.441,20210210,20210210.0
2021-02-18,600887.SH,40.32,40.54,38.32,38.79,39.38,-0.5900000000000034,-1.5,942511.89,4355426.391,20210218,20210218.0
2021-02-19,600887.SH,38.94,40.98,38.35,40.86,38.79,2.0700000000000003,5.34,1133565.73,5329460.614,20210219,20210219.0
2021-02-22,600887.SH,40.87,40.88,39.05,39.45,40.86,-1.4099999999999966,-3.45,1020002.29,4811856.219,20210222,20210222.0
2021-02-23,600887.SH,38.95,39.22,38.11,38.12,39.45,-1.3300000000000054,-3.37,720022.19,3282304.918,20210223,20210223.0
2021-02-24,600887.SH,38.4,38.76,36.93,37.44,38.12,-0.6799999999999997,-1.78,697347.94,3110199.409,20210224,20210224.0
2021-02-25,600887.SH,37.61,38.11,37.11,37.35,37.44,-0.0899999999999963,-0.24,511445.81,2272170.406,20210225,20210225.0
2021-02-26,600887.SH,36.42,37.1,36.09,36.61,37.35,-0.740000000000002,-1.98,577813.16,2498615.218,20210226,20210226.0
2021-03-01,600887.SH,36.93,37.24,36.66,37.1,36.61,0.490000000000002,1.34,459894.54,2008060.407,20210301,20210301.0
2021-03-02,600887.SH,37.29,37.5,36.0,36.42,37.1,-0.6799999999999997,-1.83,594165.04,2569828.847,20210302,20210302.0
2021-03-03,600887.SH,36.42,37.05,36.22,36.99,36.42,0.5700000000000003,1.57,393230.3,1707601.216,20210303,20210303.0
2021-03-04,600887.SH,36.55,36.76,34.94,35.15,36.99,-1.8400000000000036,-4.97,688875.78,2901671.105,20210304,20210304.0
2021-03-05,600887.SH,34.73,35.66,34.08,35.12,35.15,-0.0300000000000011,-0.09,475050.06,1962508.121,20210305,20210305.0
2021-03-08,600887.SH,35.19,35.43,33.46,33.71,35.12,-1.4099999999999966,-4.01,741166.51,2987113.453,20210308,20210308.0
2021-03-09,600887.SH,33.46,33.58,31.95,32.14,33.71,-1.5700000000000005,-4.66,991476.46,3833579.022,20210309,20210309.0
2021-03-10,600887.SH,33.03,33.31,32.45,32.54,32.14,0.3999999999999986,1.24,685005.39,2656213.252,20210310,20210310.0
2021-03-11,600887.SH,32.95,33.58,32.69,33.29,32.54,0.75,2.3,613235.59,2404636.066,20210311,20210311.0
2021-03-12,600887.SH,33.46,33.54,32.95,33.44,33.29,0.1499999999999985,0.45,474510.33,1859613.653,20210312,20210312.0
2021-03-15,600887.SH,33.27,33.31,32.11,32.42,33.44,-1.019999999999996,-3.05,475683.19,1831435.816,20210315,20210315.0
2021-03-16,600887.SH,32.89,33.4,32.67,33.05,32.42,0.6299999999999955,1.94,423448.05,1654675.922,20210316,20210316.0
2021-03-17,600887.SH,33.07,33.73,32.66,33.53,33.05,0.480000000000004,1.45,388928.45,1531308.032,20210317,20210317.0
2021-03-18,600887.SH,33.6,34.2,33.48,34.01,33.53,0.4799999999999969,1.43,391007.22,1566501.693,20210318,20210318.0
2021-03-19,600887.SH,33.59,33.79,32.72,33.0,34.01,-1.009999999999998,-2.97,442578.8,1734719.474,20210319,20210319.0
2021-03-22,600887.SH,33.12,33.43,32.68,33.24,33.0,0.240000000000002,0.73,281695.07,1100235.692,20210322,20210322.0
2021-03-23,600887.SH,33.16,33.52,32.68,33.0,33.24,-0.240000000000002,-0.72,326196.42,1272674.119,20210323,20210323.0
2021-03-24,600887.SH,32.99,33.96,32.9,33.12,33.0,0.1199999999999974,0.36,463477.83,1824708.124,20210324,20210324.0
2021-03-25,600887.SH,33.03,33.4,32.78,33.23,33.12,0.1099999999999994,0.33,267228.92,1046570.847,20210325,20210325.0
2021-03-26,600887.SH,33.29,34.45,33.29,34.2,33.23,0.970000000000006,2.92,563527.6,2265392.415,20210326,20210326.0
2021-03-29,600887.SH,34.3,34.66,33.86,34.22,34.2,0.019999999999996,0.06,359685.71,1452099.258,20210329,20210329.0
2021-03-30,600887.SH,34.01,34.5,33.93,34.1,34.22,-0.1199999999999974,-0.35,347633.95,1402999.889,20210330,20210330.0
2021-03-31,600887.SH,34.13,34.18,33.53,33.9,34.1,-0.2000000000000028,-0.59,277755.44,1107455.627,20210331,20210331.0
2021-04-01,600887.SH,33.9,34.22,33.71,34.13,33.9,0.2300000000000039,0.68,262204.63,1051656.159,20210401,20210401.0
2021-04-02,600887.SH,34.3,34.73,33.92,34.3,34.13,0.1699999999999946,0.5,383911.48,1555627.474,20210402,20210402.0
2021-04-06,600887.SH,34.3,34.7,34.08,34.54,34.3,0.240000000000002,0.7,284494.64,1156798.302,20210406,20210406.0
2021-04-07,600887.SH,34.62,34.62,33.24,33.49,34.54,-1.0499999999999972,-3.04,464876.27,1851989.088,20210407,20210407.0
2021-04-08,600887.SH,33.42,35.12,33.37,34.7,33.49,1.2100000000000009,3.61,662002.01,2704322.276,20210408,20210408.0
2021-04-09,600887.SH,34.71,34.83,33.41,33.71,34.7,-0.990000000000002,-2.85,497460.92,1986825.46,20210409,20210409.0
2021-04-12,600887.SH,33.69,33.84,33.04,33.29,33.71,-0.4200000000000017,-1.25,392412.25,1547439.584,20210412,20210412.0
2021-04-13,600887.SH,33.42,34.27,33.35,33.71,33.29,0.4200000000000017,1.26,320878.69,1282580.199,20210413,20210413.0
2021-04-14,600887.SH,34.04,34.09,33.46,33.61,33.71,-0.1000000000000014,-0.3,255126.05,1016118.342,20210414,20210414.0
2021-04-15,600887.SH,33.8,33.81,32.29,32.87,33.61,-0.740000000000002,-2.2,539545.46,2086830.946,20210415,20210415.0
2021-04-16,600887.SH,32.78,33.16,32.64,33.05,32.87,0.1799999999999997,0.55,290900.89,1129981.712,20210416,20210416.0
2021-04-19,600887.SH,32.86,34.12,32.44,33.96,33.05,0.9100000000000036,2.75,485551.83,1925509.063,20210419,20210419.0
2021-04-20,600887.SH,33.89,34.08,33.61,33.88,33.96,-0.0799999999999983,-0.24,290269.18,1161361.919,20210420,20210420.0
2021-04-21,600887.SH,33.46,33.79,33.08,33.6,33.88,-0.2800000000000011,-0.83,356027.21,1407314.873,20210421,20210421.0
2021-04-22,600887.SH,33.85,33.94,33.41,33.86,33.6,0.259999999999998,0.77,305462.25,1214989.201,20210422,20210422.0
2021-04-23,600887.SH,33.72,34.56,33.52,34.31,33.86,0.4500000000000028,1.33,415025.42,1677135.643,20210423,20210423.0
2021-04-26,600887.SH,34.43,34.73,33.46,33.56,34.31,-0.75,-2.19,447320.85,1801605.645,20210426,20210426.0
2021-04-27,600887.SH,33.53,33.8,33.17,33.65,33.56,0.0899999999999963,0.27,252333.15,998009.877,20210427,20210427.0
2021-04-28,600887.SH,33.55,33.55,32.69,33.24,33.65,-0.4099999999999966,-1.22,591440.78,2303146.834,20210428,20210428.0
2021-04-29,600887.SH,35.06,36.13,34.9,35.64,33.24,2.3999999999999986,7.22,1494189.45,6271152.282,20210429,20210429.0
2021-04-30,600887.SH,35.57,35.62,34.36,34.68,35.64,-0.9600000000000009,-2.69,876748.77,3619927.688,20210430,20210430.0
2021-05-06,600887.SH,34.44,34.54,33.38,33.58,34.68,-1.1000000000000014,-3.17,805277.59,3223035.21,20210506,20210506.0
2021-05-07,600887.SH,33.65,33.71,32.69,32.7,33.58,-0.8799999999999955,-2.62,749089.84,2923669.261,20210507,20210507.0
2021-05-10,600887.SH,32.69,32.69,31.38,31.79,32.7,-0.9100000000000036,-2.78,888816.81,3350896.273,20210510,20210510.0
2021-05-11,600887.SH,31.8,32.67,31.56,32.52,31.79,0.730000000000004,2.3,630123.91,2395695.372,20210511,20210511.0
2021-05-12,600887.SH,32.31,32.61,32.08,32.49,32.52,-0.0300000000000011,-0.09,400105.12,1529690.652,20210512,20210512.0
2021-05-13,600887.SH,32.18,32.9,32.08,32.84,32.49,0.3500000000000014,1.08,450756.87,1738856.466,20210513,20210513.0
2021-05-14,600887.SH,33.03,33.54,32.53,33.26,32.84,0.4199999999999946,1.28,626781.21,2454332.589,20210514,20210514.0
2021-05-17,600887.SH,33.2,33.84,33.05,33.59,33.26,0.3300000000000054,0.99,631303.52,2502771.479,20210517,20210517.0
2021-05-18,600887.SH,33.54,33.54,32.78,33.18,33.59,-0.4100000000000037,-1.22,512361.25,1993691.452,20210518,20210518.0
2021-05-19,600887.SH,33.09,33.09,32.6,32.86,33.18,-0.3200000000000003,-0.96,382369.84,1478016.176,20210519,20210519.0
2021-05-20,600887.SH,32.95,33.97,32.95,33.81,32.86,0.9500000000000028,2.89,846939.3,3361252.929,20210520,20210520.0
2021-05-21,600887.SH,33.88,34.03,32.96,33.03,33.81,-0.7800000000000011,-2.31,538561.48,2118263.349,20210521,20210521.0
2021-05-24,600887.SH,32.85,33.28,32.44,33.12,33.03,0.0899999999999963,0.27,471191.94,1827111.815,20210524,20210524.0
2021-05-25,600887.SH,33.22,34.81,33.22,34.73,33.12,1.6099999999999994,4.86,1217728.86,4957528.844,20210525,20210525.0
2021-05-26,600887.SH,35.13,35.13,34.39,34.77,34.73,0.0400000000000062,0.12,685039.61,2808833.36,20210526,20210526.0
2021-05-27,600887.SH,34.77,35.02,34.23,34.47,34.77,-0.3000000000000042,-0.86,566243.73,2309102.79,20210527,20210527.0
2021-05-28,600887.SH,34.6,34.77,33.96,34.35,34.47,-0.1199999999999974,-0.35,506664.68,2054836.359,20210528,20210528.0
2021-05-31,600887.SH,34.15,34.3,33.69,34.29,34.35,-0.0600000000000022,-0.17,604471.37,2420298.794,20210531,20210531.0
2021-06-01,600887.SH,34.74,34.9,33.62,34.1,34.29,-0.1899999999999977,-0.55,732893.57,2950731.624,20210601,20210601.0
2021-06-02,600887.SH,33.87,34.26,33.12,33.42,34.1,-0.6799999999999997,-1.99,681779.45,2694967.823,20210602,20210602.0
2021-06-03,600887.SH,33.5,33.83,33.37,33.46,33.42,0.0399999999999991,0.12,480094.59,1904844.911,20210603,20210603.0
2021-06-04,600887.SH,33.3,33.84,33.07,33.52,33.46,0.0600000000000022,0.18,486264.97,1920650.111,20210604,20210604.0
2021-06-07,600887.SH,32.29,32.66,31.51,31.92,33.52,-1.6000000000000014,-4.77,1832977.04,6911078.207,20210607,20210607.0
2021-06-08,600887.SH,31.94,32.17,31.64,32.07,31.92,0.1499999999999985,0.47,818383.82,3082812.332,20210608,20210608.0
2021-06-09,600887.SH,32.13,33.96,32.08,33.73,32.07,1.6599999999999966,5.18,1615167.46,6349208.298,20210609,20210609.0
2021-06-10,600887.SH,33.87,34.21,33.32,33.38,33.73,-0.3499999999999943,-1.04,795867.61,3165364.852,20210610,20210610.0
2021-06-11,600887.SH,33.47,33.47,32.55,33.09,33.38,-0.2899999999999991,-0.87,715669.53,2721271.61,20210611,20210611.0
2021-06-15,600887.SH,32.76,32.95,32.08,32.64,33.09,-0.4500000000000028,-1.36,669284.76,2513212.016,20210615,20210615.0
2021-06-16,600887.SH,32.72,34.15,32.51,33.3,32.64,0.6599999999999966,2.02,799246.66,3087444.824,20210616,20210616.0
2021-06-17,600887.SH,32.95,33.27,32.82,33.04,33.3,-0.259999999999998,-0.78,470539.1,1794586.119,20210617,20210617.0
2021-06-18,600887.SH,32.94,32.97,32.44,32.63,33.04,-0.4099999999999966,-1.24,541650.1,2041901.893,20210618,20210618.0
2021-06-21,600887.SH,32.36,32.75,32.0,32.25,32.63,-0.3800000000000025,-1.16,629715.77,2341729.214,20210621,20210621.0
2021-06-22,600887.SH,32.24,32.34,31.81,32.02,32.25,-0.2299999999999968,-0.71,664192.3,2455614.041,20210622,20210622.0
2021-06-23,600887.SH,32.02,32.25,31.58,32.18,32.02,0.1599999999999966,0.5,517080.66,1912881.947,20210623,20210623.0
2021-06-24,600887.SH,32.25,32.35,31.92,32.12,32.18,-0.0600000000000022,-0.19,415573.53,1542048.336,20210624,20210624.0
2021-06-25,600887.SH,32.17,32.51,32.01,32.36,32.12,0.240000000000002,0.75,559362.92,2087459.718,20210625,20210625.0
2021-06-28,600887.SH,32.48,32.59,32.09,32.26,32.36,-0.1000000000000014,-0.31,413453.84,1538961.021,20210628,20210628.0
2021-06-29,600887.SH,32.29,32.34,31.53,32.26,32.26,0.0,0.0,690031.66,2544386.933,20210629,20210629.0
2021-06-30,600887.SH,32.0,32.17,31.75,31.86,32.26,-0.3999999999999986,-1.24,425036.34,1567831.397,20210630,20210630.0
2021-07-01,600887.SH,31.86,32.23,31.57,32.0,31.86,0.1400000000000005,0.44,560795.88,2067006.929,20210701,20210701.0
2021-07-02,600887.SH,31.74,31.86,31.4,31.53,32.0,-0.4699999999999988,-1.47,597685.58,2181163.677,20210702,20210702.0
2021-07-05,600887.SH,31.34,31.34,30.17,30.46,31.53,-1.0700000000000005,-3.39,933621.28,3298377.527,20210705,20210705.0
2021-07-06,600887.SH,30.26,30.32,29.69,30.31,30.46,-0.1500000000000021,-0.49,684526.89,2376594.794,20210706,20210706.0
2021-07-07,600887.SH,30.02,30.73,30.02,30.35,30.31,0.0400000000000027,0.13,572178.62,2008102.374,20210707,20210707.0
2021-07-08,600887.SH,30.33,30.34,29.49,29.59,30.35,-0.7600000000000016,-2.5,725357.89,2493785.9,20210708,20210708.0
2021-07-09,600887.SH,29.52,29.87,29.31,29.68,29.59,0.0899999999999998,0.3,484672.05,1659882.669,20210709,20210709.0
2021-07-12,600887.SH,29.84,30.23,29.43,29.97,29.68,0.2899999999999991,0.98,585303.94,2024173.264,20210712,20210712.0
2021-07-13,600887.SH,30.01,30.59,29.98,30.43,29.97,0.4600000000000008,1.53,555922.85,1954176.134,20210713,20210713.0
2021-07-14,600887.SH,30.42,30.69,30.01,30.57,30.43,0.1400000000000005,0.46,496999.21,1745281.309,20210714,20210714.0
2021-07-15,600887.SH,30.53,31.29,30.33,30.97,30.57,0.3999999999999986,1.31,633773.59,2272452.586,20210715,20210715.0
2021-07-16,600887.SH,30.71,30.91,30.27,30.36,30.97,-0.6099999999999994,-1.97,487821.83,1715030.811,20210716,20210716.0
2021-07-19,600887.SH,30.12,30.38,29.65,30.33,30.36,-0.0300000000000011,-0.1,517249.69,1789583.589,20210719,20210719.0
2021-07-20,600887.SH,30.19,30.46,29.82,30.19,30.33,-0.139999999999997,-0.46,335040.95,1168120.874,20210720,20210720.0
2021-07-21,600887.SH,30.45,31.1,30.22,30.23,30.19,0.0399999999999991,0.13,522746.23,1844893.358,20210721,20210721.0
2021-07-22,600887.SH,30.08,30.53,29.76,30.33,30.23,0.0999999999999978,0.33,360338.8,1261108.448,20210722,20210722.0
2021-07-23,600887.SH,30.19,30.26,29.24,29.5,30.33,-0.8299999999999983,-2.74,711141.55,2427911.912,20210723,20210723.0
2021-07-26,600887.SH,29.39,29.39,28.29,28.61,29.5,-0.8900000000000006,-3.02,772598.13,2557643.919,20210726,20210726.0
2021-07-27,600887.SH,28.57,28.8,27.08,27.21,28.61,-1.3999999999999986,-4.89,920811.82,2962588.248,20210727,20210727.0
2021-07-28,600887.SH,26.73,28.09,26.73,27.89,27.21,0.6799999999999997,2.5,792441.11,2523597.994,20210728,20210728.0
2021-07-29,600887.SH,28.18,28.61,27.95,28.33,27.89,0.4399999999999977,1.58,574561.14,1876835.755,20210729,20210729.0
2021-07-30,600887.SH,28.2,29.05,27.96,28.88,28.33,0.5500000000000007,1.94,736197.69,2441038.592,20210730,20210730.0
2021-08-02,600887.SH,28.54,30.05,28.46,29.67,28.88,0.7900000000000027,2.74,852607.27,2903996.252,20210802,20210802.0
2021-08-03,600887.SH,29.67,30.78,29.42,30.7,29.67,1.0299999999999976,3.47,791602.25,2775027.004,20210803,20210803.0
2021-08-04,600887.SH,30.7,31.31,29.96,30.07,30.7,-0.629999999999999,-2.05,725124.95,2540365.436,20210804,20210804.0
2021-08-05,600887.SH,30.01,30.65,29.7,30.28,30.07,0.2100000000000008,0.7,564778.88,1981608.465,20210805,20210805.0
2021-08-06,600887.SH,29.7,30.75,29.32,30.62,30.28,0.3399999999999998,1.12,671174.65,2336649.698,20210806,20210806.0
2021-08-09,600887.SH,30.45,31.48,30.36,31.16,30.62,0.5399999999999991,1.76,698724.45,2522942.654,20210809,20210809.0
2021-08-10,600887.SH,31.29,31.56,30.63,31.36,31.16,0.1999999999999993,0.64,626777.75,2256404.037,20210810,20210810.0
2021-08-11,600887.SH,31.31,31.31,30.66,30.72,31.36,-0.6400000000000006,-2.04,481853.19,1720708.927,20210811,20210811.0
2021-08-12,600887.SH,30.63,30.88,30.19,30.37,30.72,-0.3499999999999978,-1.14,380129.01,1338303.915,20210812,20210812.0
2021-08-13,600887.SH,30.2,30.64,29.91,30.52,30.37,0.1499999999999985,0.49,322321.65,1130820.533,20210813,20210813.0
2021-08-16,600887.SH,30.27,30.84,30.19,30.44,30.52,-0.0799999999999983,-0.26,357175.48,1258382.791,20210816,20210816.0
2021-08-17,600887.SH,30.28,30.58,29.24,29.41,30.44,-1.0300000000000011,-3.38,639479.34,2198710.164,20210817,20210817.0
2021-08-18,600887.SH,29.43,29.82,29.18,29.25,29.41,-0.1600000000000001,-0.54,479234.2,1627488.666,20210818,20210818.0
2021-08-19,600887.SH,29.22,29.64,28.82,28.87,29.25,-0.379999999999999,-1.3,485708.69,1636758.137,20210819,20210819.0
2021-08-20,600887.SH,28.64,29.03,28.29,28.74,28.87,-0.1300000000000025,-0.45,542965.13,1794591.086,20210820,20210820.0
2021-08-23,600887.SH,28.79,29.18,28.54,28.74,28.74,0.0,0.0,410182.57,1368496.761,20210823,20210823.0
2021-08-24,600887.SH,28.76,28.95,28.45,28.8,28.74,0.0600000000000022,0.21,484693.17,1607609.367,20210824,20210824.0
2021-08-25,600887.SH,28.81,29.35,28.72,29.12,28.8,0.3200000000000003,1.11,454907.7,1525514.947,20210825,20210825.0
2021-08-26,600887.SH,29.28,29.37,28.54,28.63,29.12,-0.490000000000002,-1.68,406193.39,1356722.503,20210826,20210826.0
2021-08-27,600887.SH,28.64,29.55,28.62,28.98,28.63,0.3500000000000014,1.22,519850.84,1748463.924,20210827,20210827.0
2021-08-30,600887.SH,28.98,28.98,28.2,28.66,28.98,-0.3200000000000003,-1.1,506965.68,1672788.43,20210830,20210830.0
2021-08-31,600887.SH,29.58,30.78,29.41,29.42,28.66,0.7600000000000016,2.65,1489085.14,5174823.856,20210831,20210831.0
2021-09-01,600887.SH,29.59,31.4,29.33,31.29,29.42,1.8699999999999972,6.36,1501487.31,5319680.98,20210901,20210901.0
2021-09-02,600887.SH,31.47,31.65,30.82,31.16,31.29,-0.129999999999999,-0.42,878718.66,3170926.626,20210902,20210902.0
2021-09-03,600887.SH,30.93,32.06,30.56,31.28,31.16,0.120000000000001,0.39,968684.51,3515608.886,20210903,20210903.0
2021-09-06,600887.SH,31.59,32.59,31.45,31.64,31.28,0.3599999999999994,1.15,936043.91,3466912.416,20210906,20210906.0
2021-09-07,600887.SH,31.6,31.79,31.21,31.53,31.64,-0.1099999999999994,-0.35,520930.42,1897906.476,20210907,20210907.0
2021-09-08,600887.SH,31.46,31.63,31.0,31.29,31.53,-0.240000000000002,-0.76,498618.83,1802386.516,20210908,20210908.0
2021-09-09,600887.SH,31.36,31.57,30.9,31.15,31.29,-0.1400000000000005,-0.45,455495.13,1644409.399,20210909,20210909.0
2021-09-10,600887.SH,31.23,31.7,31.15,31.48,31.15,0.3300000000000018,1.06,619566.92,2254623.693,20210910,20210910.0
2021-09-13,600887.SH,31.14,31.31,30.6,30.97,31.48,-0.5100000000000016,-1.62,538386.89,1921879.724,20210913,20210913.0
2021-09-14,600887.SH,30.96,31.56,30.53,30.68,30.97,-0.2899999999999991,-0.94,419985.61,1504575.147,20210914,20210914.0
2021-09-15,600887.SH,30.47,30.69,29.99,30.11,30.68,-0.5700000000000003,-1.86,471074.27,1647069.059,20210915,20210915.0
2021-09-16,600887.SH,30.26,30.61,29.71,30.32,30.11,0.2100000000000008,0.7,570875.33,1998701.514,20210916,20210916.0
2021-09-17,600887.SH,30.19,30.97,29.84,30.7,30.32,0.379999999999999,1.25,605392.46,2128256.557,20210917,20210917.0
2021-09-22,600887.SH,30.2,30.87,30.1,30.58,30.7,-0.120000000000001,-0.39,385697.44,1357833.462,20210922,20210922.0
2021-09-23,600887.SH,30.58,31.37,30.58,30.89,30.58,0.3100000000000023,1.01,479400.65,1714809.092,20210923,20210923.0
2021-09-24,600887.SH,31.01,32.29,31.01,32.07,30.89,1.1799999999999995,3.82,1082678.3,3997418.361,20210924,20210924.0
2021-09-27,600887.SH,32.1,33.3,32.09,32.25,32.07,0.1799999999999997,0.56,1178532.09,4450363.383,20210927,20210927.0
2021-09-28,600887.SH,31.93,32.79,31.48,32.48,32.25,0.2299999999999968,0.71,725527.29,2711276.103,20210928,20210928.0
2021-09-29,600887.SH,32.53,32.92,31.95,32.61,32.48,0.1300000000000025,0.4,705906.45,2651007.563,20210929,20210929.0
2021-09-30,600887.SH,32.82,33.31,32.48,32.61,32.61,0.0,0.0,621511.82,2359460.422,20210930,20210930.0
2021-10-08,600887.SH,32.61,34.56,32.44,34.27,32.61,1.6600000000000037,5.09,1353739.44,5295638.819,20211008,20211008.0
2021-10-11,600887.SH,34.3,34.81,33.66,34.14,34.27,-0.1300000000000025,-0.38,762081.81,3013430.557,20211011,20211011.0
2021-10-12,600887.SH,33.86,34.02,33.2,33.55,34.14,-0.5900000000000034,-1.73,788198.35,3054398.248,20211012,20211012.0
2021-10-13,600887.SH,33.56,34.68,33.04,34.26,33.55,0.7100000000000009,2.12,834298.94,3284088.328,20211013,20211013.0
2021-10-14,600887.SH,34.12,34.39,33.39,33.75,34.26,-0.509999999999998,-1.49,481881.85,1880106.118,20211014,20211014.0
2021-10-15,600887.SH,33.31,35.06,33.31,33.8,33.75,0.0499999999999971,0.15,769866.44,3033700.494,20211015,20211015.0
2021-10-18,600887.SH,33.74,33.75,32.33,33.39,33.8,-0.4099999999999966,-1.21,733907.32,2808692.144,20211018,20211018.0
2021-10-19,600887.SH,33.73,33.98,33.02,33.12,33.39,-0.2700000000000031,-0.81,612947.69,2369888.835,20211019,20211019.0
2021-10-20,600887.SH,33.47,33.73,32.76,32.87,33.12,-0.25,-0.75,465366.2,1779915.87,20211020,20211020.0
2021-10-21,600887.SH,32.74,33.52,32.69,33.02,32.87,0.1500000000000056,0.46,439580.61,1682675.212,20211021,20211021.0
2021-10-22,600887.SH,33.29,34.86,33.14,34.5,33.02,1.4799999999999969,4.48,998406.64,3949603.508,20211022,20211022.0
2021-10-25,600887.SH,34.6,35.62,34.47,35.03,34.5,0.5300000000000011,1.54,902663.56,3661353.355,20211025,20211025.0
2021-10-26,600887.SH,35.03,35.45,34.6,35.08,35.03,0.0499999999999971,0.14,462935.08,1876427.659,20211026,20211026.0
2021-10-27,600887.SH,34.94,35.15,34.36,34.84,35.08,-0.2399999999999948,-0.68,473780.74,1904834.984,20211027,20211027.0
2021-10-28,600887.SH,35.12,35.9,34.49,35.26,34.84,0.4199999999999946,1.21,872672.61,3569106.739,20211028,20211028.0
2021-10-29,600887.SH,36.41,37.47,35.96,37.19,35.26,1.93,5.47,1638028.44,7000357.587,20211029,20211029.0
2021-11-01,600887.SH,37.29,37.34,36.33,36.81,37.19,-0.3799999999999954,-1.02,848548.95,3613487.316,20211101,20211101.0
2021-11-02,600887.SH,36.81,37.69,36.63,37.18,36.81,0.3699999999999974,1.01,825863.95,3553061.021,20211102,20211102.0
2021-11-03,600887.SH,37.38,37.42,36.16,36.16,37.18,-1.0200000000000031,-2.74,770079.85,3257157.508,20211103,20211103.0
2021-11-04,600887.SH,36.46,37.92,36.44,37.07,36.16,0.9100000000000036,2.52,962174.43,4151715.647,20211104,20211104.0
2021-11-05,600887.SH,36.8,38.27,36.64,37.4,37.07,0.3299999999999983,0.89,781149.07,3397163.314,20211105,20211105.0
2021-11-08,600887.SH,37.32,37.54,36.69,36.76,37.4,-0.6400000000000006,-1.71,497787.58,2127148.624,20211108,20211108.0
2021-11-09,600887.SH,36.9,37.32,36.33,36.53,36.76,-0.2299999999999968,-0.63,523557.92,2218606.056,20211109,20211109.0
2021-11-10,600887.SH,35.46,36.02,34.47,35.46,36.53,-1.0700000000000005,-2.93,1309935.04,5332456.153,20211110,20211110.0
2021-11-11,600887.SH,35.98,36.66,35.52,36.5,35.46,1.0399999999999991,2.93,805638.91,3372796.318,20211111,20211111.0
2021-11-12,600887.SH,36.75,36.93,36.03,36.33,36.5,-0.1700000000000017,-0.47,588424.59,2478852.645,20211112,20211112.0
2021-11-15,600887.SH,36.46,36.93,36.07,36.57,36.33,0.240000000000002,0.66,531826.23,2241150.625,20211115,20211115.0
2021-11-16,600887.SH,36.83,37.06,36.24,36.57,36.57,0.0,0.0,420335.94,1779170.629,20211116,20211116.0
2021-11-17,600887.SH,36.57,36.57,35.68,35.84,36.57,-0.7299999999999969,-2.0,452897.4,1881012.457,20211117,20211117.0
2021-11-18,600887.SH,35.75,35.87,35.33,35.64,35.84,-0.2000000000000028,-0.56,353422.09,1453960.899,20211118,20211118.0
2021-11-19,600887.SH,35.57,35.82,35.07,35.33,35.64,-0.3100000000000023,-0.87,542643.61,2219534.662,20211119,20211119.0
2021-11-22,600887.SH,35.43,35.55,34.66,34.8,35.33,-0.5300000000000011,-1.5,939969.99,3786772.523,20211122,20211122.0
2021-11-23,600887.SH,34.6,34.89,34.04,34.67,34.8,-0.1299999999999954,-0.37,946723.46,3773444.282,20211123,20211123.0
2021-11-24,600887.SH,34.59,34.99,34.25,34.54,34.67,-0.1300000000000025,-0.37,947849.9,3803274.106,20211124,20211124.0
2021-11-25,600887.SH,34.77,35.12,34.52,34.88,34.54,0.3400000000000034,0.98,774824.25,3120869.516,20211125,20211125.0
2021-11-26,600887.SH,34.62,34.76,33.87,33.9,34.88,-0.980000000000004,-2.81,689088.14,2728623.783,20211126,20211126.0
2021-11-29,600887.SH,33.68,34.37,33.39,34.37,33.9,0.4699999999999988,1.39,680314.98,2665983.232,20211129,20211129.0
2021-11-30,600887.SH,34.32,34.37,33.65,33.88,34.37,-0.4899999999999949,-1.43,621621.37,2436836.742,20211130,20211130.0
2021-12-01,600887.SH,33.73,34.17,33.15,33.47,33.88,-0.4100000000000037,-1.21,602304.88,2330525.391,20211201,20211201.0
2021-12-02,600887.SH,33.65,33.66,33.16,33.2,33.47,-0.269999999999996,-0.81,505977.63,1949618.65,20211202,20211202.0
2021-12-03,600887.SH,33.27,34.77,33.15,34.51,33.2,1.3099999999999952,3.95,931968.3,3683165.142,20211203,20211203.0
2021-12-06,600887.SH,34.49,34.71,33.98,34.44,34.51,-0.0700000000000002,-0.2,510721.43,2028631.648,20211206,20211206.0
2021-12-07,600887.SH,34.71,34.71,34.24,34.58,34.44,0.1400000000000005,0.41,562003.43,2242172.391,20211207,20211207.0
2021-12-08,600887.SH,34.6,35.59,34.38,35.54,34.58,0.9600000000000009,2.78,803770.33,3268049.2,20211208,20211208.0
2021-12-09,600887.SH,35.46,36.33,35.27,35.82,35.54,0.2800000000000011,0.79,782156.79,3248419.876,20211209,20211209.0
2021-12-10,600887.SH,36.41,36.77,35.92,36.58,35.82,0.759999999999998,2.12,863005.46,3630348.102,20211210,20211210.0
2021-12-13,600887.SH,36.57,37.99,36.34,36.59,36.58,0.0100000000000051,0.03,940523.99,4021762.996,20211213,20211213.0
2021-12-14,600887.SH,36.4,36.94,36.05,36.3,36.59,-0.2900000000000062,-0.79,531450.31,2238265.716,20211214,20211214.0
2021-12-15,600887.SH,36.03,36.44,35.56,35.8,36.3,-0.5,-1.38,430415.37,1783745.838,20211215,20211215.0
2021-12-16,600887.SH,35.64,35.88,35.23,35.77,35.8,-0.029999999999994,-0.08,479450.98,1969674.422,20211216,20211216.0
2021-12-17,600887.SH,35.71,35.76,35.11,35.43,35.77,-0.3400000000000034,-0.95,453661.96,1855151.135,20211217,20211217.0
2021-12-20,600887.SH,35.27,35.78,35.21,35.42,35.43,-0.009999999999998,-0.03,526149.53,2161968.816,20211220,20211220.0
2021-12-21,600887.SH,35.49,36.33,35.46,35.95,35.42,0.5300000000000011,1.5,483053.51,2009556.019,20211221,20211221.0
2021-12-22,600887.SH,35.9,36.29,35.63,35.94,35.95,-0.0100000000000051,-0.03,322356.97,1339304.578,20211222,20211222.0
2021-12-23,600887.SH,35.81,36.24,35.61,35.89,35.94,-0.0499999999999971,-0.14,294105.85,1219932.058,20211223,20211223.0
2021-12-24,600887.SH,35.83,36.69,35.75,36.65,35.89,0.759999999999998,2.12,510442.45,2139482.966,20211224,20211224.0
2021-12-27,600887.SH,36.67,36.67,35.59,36.28,36.65,-0.3699999999999974,-1.01,483820.25,2024682.312,20211227,20211227.0
2021-12-28,600887.SH,36.22,36.41,35.7,36.24,36.28,-0.0399999999999991,-0.11,363248.79,1515175.376,20211228,20211228.0
2021-12-29,600887.SH,36.16,36.35,35.38,35.55,36.24,-0.6900000000000048,-1.9,425101.65,1756683.556,20211229,20211229.0
2021-12-30,600887.SH,35.59,35.98,35.42,35.77,35.55,0.2200000000000059,0.62,292044.53,1206347.55,20211230,20211230.0
2021-12-31,600887.SH,35.72,36.12,35.31,35.86,35.77,0.0899999999999963,0.25,352182.51,1455332.129,20211231,20211231.0
2022-01-04,600887.SH,35.51,35.81,34.86,35.2,35.86,-0.6599999999999966,-1.84,567676.38,2312303.349,20220104,20220104.0
2022-01-05,600887.SH,35.12,36.48,34.87,36.07,35.2,0.8699999999999974,2.47,793807.07,3314025.788,20220105,20220105.0
2022-01-06,600887.SH,36.07,36.07,34.25,34.58,36.07,-1.490000000000002,-4.13,898364.38,3609604.616,20220106,20220106.0
2022-01-07,600887.SH,34.43,34.99,34.43,34.71,34.58,0.1300000000000025,0.38,378860.62,1523425.309,20220107,20220107.0
2022-01-10,600887.SH,34.6,35.64,34.5,35.49,34.71,0.7800000000000011,2.25,595370.27,2426942.752,20220110,20220110.0
2022-01-11,600887.SH,35.15,35.42,34.37,34.44,35.49,-1.0500000000000045,-2.96,562208.15,2252759.137,20220111,20220111.0
2022-01-12,600887.SH,34.44,34.8,34.18,34.53,34.44,0.0900000000000034,0.26,356539.76,1422476.99,20220112,20220112.0
2022-01-13,600887.SH,34.6,34.68,33.6,33.73,34.53,-0.8000000000000043,-2.32,494851.82,1942999.195,20220113,20220113.0
2022-01-14,600887.SH,33.85,34.03,33.5,33.61,33.73,-0.1199999999999974,-0.36,280463.27,1094014.109,20220114,20220114.0
2022-01-17,600887.SH,33.56,34.15,33.31,33.87,33.61,0.259999999999998,0.77,376929.67,1467473.148,20220117,20220117.0
2022-01-18,600887.SH,33.73,34.31,33.7,34.1,33.87,0.2300000000000039,0.68,307002.94,1209956.185,20220118,20220118.0
2022-01-19,600887.SH,33.98,34.29,33.56,34.0,34.1,-0.1000000000000014,-0.29,292534.68,1148331.946,20220119,20220119.0
2022-01-20,600887.SH,33.99,34.69,33.9,34.65,34.0,0.6499999999999986,1.91,437023.01,1741204.584,20220120,20220120.0
2022-01-21,600887.SH,34.44,34.88,34.22,34.65,34.65,0.0,0.0,352294.58,1407526.967,20220121,20220121.0
2022-01-24,600887.SH,34.42,34.6,33.91,34.08,34.65,-0.5700000000000003,-1.65,274999.81,1086961.802,20220124,20220124.0
2022-01-25,600887.SH,33.79,34.38,33.32,33.44,34.08,-0.6400000000000006,-1.88,354304.49,1383830.231,20220125,20220125.0
2022-01-26,600887.SH,33.53,34.17,32.88,33.63,33.44,0.1900000000000048,0.57,361880.47,1404832.427,20220126,20220126.0
2022-01-27,600887.SH,33.34,33.95,32.85,32.97,33.63,-0.6600000000000037,-1.96,374825.25,1442368.657,20220127,20220127.0
2022-01-28,600887.SH,33.04,33.68,32.74,32.93,32.97,-0.0399999999999991,-0.12,436737.73,1673894.232,20220128,20220128.0
2022-02-07,600887.SH,33.39,33.82,33.2,33.53,32.93,0.6000000000000014,1.82,345841.77,1339578.572,20220207,20220207.0
2022-02-08,600887.SH,33.53,33.53,32.61,33.43,33.53,-0.1000000000000014,-0.3,326386.52,1251100.434,20220208,20220208.0
2022-02-09,600887.SH,33.4,34.57,33.39,34.54,33.43,1.1099999999999994,3.32,529762.53,2097496.894,20220209,20220209.0
2022-02-10,600887.SH,34.81,34.93,34.35,34.61,34.54,0.0700000000000002,0.2,288133.39,1152133.985,20220210,20220210.0
2022-02-11,600887.SH,34.86,34.86,34.39,34.45,34.61,-0.1599999999999966,-0.46,289813.53,1157166.715,20220211,20220211.0
2022-02-14,600887.SH,34.3,34.93,34.17,34.6,34.45,0.1499999999999985,0.44,377607.19,1511846.716,20220214,20220214.0
2022-02-15,600887.SH,34.77,35.02,34.28,34.49,34.6,-0.1099999999999994,-0.32,370732.7,1484269.395,20220215,20220215.0
2022-02-16,600887.SH,34.66,34.92,34.18,34.85,34.49,0.3599999999999994,1.04,322853.05,1293066.616,20220216,20220216.0
2022-02-17,600887.SH,35.03,35.37,34.83,34.97,34.85,0.1199999999999974,0.34,302762.38,1228783.747,20220217,20220217.0
2022-02-18,600887.SH,34.81,35.2,34.66,35.08,34.97,0.1099999999999994,0.31,247945.73,1001616.301,20220218,20220218.0
2022-02-21,600887.SH,35.03,35.5,34.83,35.47,35.08,0.3900000000000005,1.11,300612.86,1226256.55,20220221,20220221.0
2022-02-22,600887.SH,35.23,35.27,34.51,35.02,35.47,-0.4499999999999957,-1.27,333409.7,1345907.742,20220222,20220222.0
2022-02-23,600887.SH,35.46,35.64,34.64,34.81,35.02,-0.2100000000000008,-0.6,300937.47,1216837.402,20220223,20220223.0
2022-02-24,600887.SH,34.71,34.71,33.68,34.18,34.81,-0.6300000000000026,-1.81,437054.21,1727184.526,20220224,20220224.0
2022-02-25,600887.SH,34.3,34.7,33.99,34.17,34.18,-0.009999999999998,-0.03,255129.29,1013720.141,20220225,20220225.0
2022-02-28,600887.SH,33.76,34.2,33.74,34.18,34.17,0.009999999999998,0.03,247484.4,971809.186,20220228,20220228.0
2022-03-01,600887.SH,34.11,34.35,33.79,34.17,34.18,-0.009999999999998,-0.03,389357.05,1531768.312,20220301,20220301.0
2022-03-02,600887.SH,33.95,34.21,33.79,33.94,34.17,-0.2300000000000039,-0.67,227063.42,892223.48,20220302,20220302.0
2022-03-03,600887.SH,33.96,34.21,33.56,34.02,33.94,0.0800000000000054,0.24,273167.7,1071596.563,20220303,20220303.0
2022-03-04,600887.SH,34.06,34.21,33.66,34.04,34.02,0.019999999999996,0.06,321797.22,1263666.795,20220304,20220304.0
2022-03-07,600887.SH,33.74,33.8,32.23,32.48,34.04,-1.5600000000000025,-4.58,681861.1,2589977.361,20220307,20220307.0
2022-03-08,600887.SH,32.48,32.8,31.48,31.73,32.48,-0.7499999999999964,-2.31,492880.52,1830676.418,20220308,20220308.0
2022-03-09,600887.SH,31.87,32.46,30.46,31.68,31.73,-0.0500000000000007,-0.16,596361.14,2173351.601,20220309,20220309.0
2022-03-10,600887.SH,32.28,32.44,31.74,31.79,31.68,0.1099999999999994,0.35,371753.44,1378387.368,20220310,20220310.0
2022-03-11,600887.SH,32.44,33.3,32.28,33.13,31.79,1.3400000000000034,4.22,791863.93,3005783.844,20220311,20220311.0
2022-03-14,600887.SH,32.69,32.96,32.23,32.23,33.13,-0.9000000000000057,-2.72,441538.01,1662215.04,20220314,20220314.0
2022-03-15,600887.SH,31.83,32.0,30.51,30.62,32.23,-1.609999999999996,-5.0,680372.19,2455942.087,20220315,20220315.0
2022-03-16,600887.SH,31.14,32.36,30.33,32.11,30.62,1.4899999999999984,4.87,669713.32,2432182.745,20220316,20220316.0
2022-03-17,600887.SH,32.51,33.12,32.13,32.18,32.11,0.0700000000000002,0.22,614702.9,2314730.116,20220317,20220317.0
2022-03-18,600887.SH,32.05,32.7,31.7,32.7,32.18,0.5200000000000031,1.62,518003.99,1928644.098,20220318,20220318.0
2022-03-21,600887.SH,32.48,32.52,31.8,32.0,32.7,-0.7000000000000028,-2.14,461417.62,1709462.587,20220321,20220321.0
2022-03-22,600887.SH,31.97,32.33,31.84,32.11,32.0,0.1099999999999994,0.34,255852.68,948462.677,20220322,20220322.0
2022-03-23,600887.SH,32.11,32.19,31.77,31.85,32.11,-0.259999999999998,-0.81,328580.07,1213163.096,20220323,20220323.0
2022-03-24,600887.SH,31.74,32.03,31.31,31.57,31.85,-0.2800000000000011,-0.88,376762.09,1376876.479,20220324,20220324.0
2022-03-25,600887.SH,31.53,31.66,30.86,30.92,31.57,-0.6499999999999986,-2.06,362854.49,1309688.927,20220325,20220325.0
2022-03-28,600887.SH,30.33,31.16,30.29,31.16,30.92,0.2399999999999984,0.78,315747.39,1123324.176,20220328,20220328.0
2022-03-29,600887.SH,31.26,31.52,30.81,30.88,31.16,-0.2800000000000011,-0.9,248110.71,891702.889,20220329,20220329.0
2022-03-30,600887.SH,31.15,31.95,31.04,31.95,30.88,1.0700000000000005,3.47,355443.13,1294841.341,20220330,20220330.0
2022-03-31,600887.SH,31.81,32.16,31.66,31.91,31.95,-0.0399999999999991,-0.13,277428.66,1023436.059,20220331,20220331.0
2022-04-01,600887.SH,31.87,32.6,31.67,32.3,31.91,0.389999999999997,1.22,297259.44,1107692.223,20220401,20220401.0
2022-04-06,600887.SH,31.94,32.38,31.83,32.18,32.3,-0.1199999999999974,-0.37,278200.51,1031222.206,20220406,20220406.0
2022-04-07,600887.SH,31.92,32.31,31.75,31.84,32.18,-0.3399999999999998,-1.06,213644.32,789462.936,20220407,20220407.0
2022-04-08,600887.SH,31.84,32.14,31.67,31.97,31.84,0.129999999999999,0.41,236181.82,871090.161,20220408,20220408.0
2022-04-11,600887.SH,31.74,31.97,31.31,31.59,31.97,-0.379999999999999,-1.19,306284.49,1120618.045,20220411,20220411.0
2022-04-12,600887.SH,31.74,32.39,31.42,32.39,31.59,0.8000000000000007,2.53,351115.79,1297976.781,20220412,20220412.0
2022-04-13,600887.SH,32.19,32.92,32.1,32.59,32.39,0.2000000000000028,0.62,435368.76,1641705.913,20220413,20220413.0
2022-04-14,600887.SH,32.78,33.58,32.59,33.47,32.59,0.8799999999999955,2.7,443541.22,1701846.747,20220414,20220414.0
2022-04-15,600887.SH,33.15,33.99,33.15,33.4,33.47,-0.0700000000000002,-0.21,358966.96,1395643.682,20220415,20220415.0
2022-04-18,600887.SH,33.18,33.86,32.95,33.15,33.4,-0.25,-0.75,358948.21,1383847.758,20220418,20220418.0
2022-04-19,600887.SH,33.16,33.68,32.7,33.0,33.15,-0.1499999999999985,-0.45,266211.38,1018649.541,20220419,20220419.0
2022-04-20,600887.SH,33.04,34.17,32.88,33.59,33.0,0.5900000000000034,1.79,587614.83,2289079.756,20220420,20220420.0
2022-04-21,600887.SH,33.37,33.86,32.97,33.24,33.59,-0.3500000000000014,-1.04,422467.37,1631565.608,20220421,20220421.0
2022-04-22,600887.SH,32.88,33.43,32.52,33.17,33.24,-0.0700000000000002,-0.21,368505.92,1409503.609,20220422,20220422.0
2022-04-25,600887.SH,32.7,33.28,32.26,32.29,33.17,-0.8800000000000026,-2.65,474592.34,1801361.901,20220425,20220425.0
2022-04-26,600887.SH,32.29,33.3,32.02,32.76,32.29,0.4699999999999988,1.46,510453.35,1936904.447,20220426,20220426.0
2022-04-27,600887.SH,32.74,33.73,32.7,33.73,32.76,0.9699999999999988,2.96,556900.35,2143627.806,20220427,20220427.0
2022-04-28,600887.SH,33.56,33.62,32.33,32.92,33.73,-0.8099999999999952,-2.4,764638.09,2914227.794,20220428,20220428.0
2022-04-29,600887.SH,32.92,33.46,32.65,33.27,32.92,0.3500000000000014,1.06,532621.87,2041303.903,20220429,20220429.0
2022-05-05,600887.SH,34.17,34.17,33.35,33.49,33.27,0.2199999999999988,0.66,564202.25,2198512.994,20220505,20220505.0
2022-05-06,600887.SH,33.13,33.34,32.65,32.67,33.49,-0.8200000000000003,-2.45,343164.12,1307217.081,20220506,20220506.0
2022-05-09,600887.SH,32.61,32.89,32.36,32.73,32.67,0.0599999999999951,0.18,323295.46,1219149.19,20220509,20220509.0
2022-05-10,600887.SH,32.52,33.85,32.44,33.78,32.73,1.0500000000000045,3.21,587184.39,2273770.458,20220510,20220510.0
2022-05-11,600887.SH,33.72,33.73,33.25,33.47,33.78,-0.3100000000000023,-0.92,521091.95,2015879.518,20220511,20220511.0
2022-05-12,600887.SH,33.32,33.68,33.15,33.53,33.47,0.0600000000000022,0.18,243961.3,944119.45,20220512,20220512.0
2022-05-13,600887.SH,33.3,33.6,33.01,33.26,33.53,-0.2700000000000031,-0.81,306070.83,1174966.488,20220513,20220513.0
2022-05-16,600887.SH,33.07,33.3,32.06,32.28,33.26,-0.9799999999999968,-2.95,535842.59,2015174.82,20220516,20220516.0
2022-05-17,600887.SH,32.18,32.54,32.11,32.54,32.28,0.259999999999998,0.81,325906.85,1218041.099,20220517,20220517.0
2022-05-18,600887.SH,32.52,32.77,31.83,32.62,32.54,0.0799999999999983,0.25,463222.27,1728195.326,20220518,20220518.0
2022-05-19,600887.SH,32.18,32.38,31.75,31.94,32.62,-0.6799999999999962,-2.08,433438.87,1603823.659,20220519,20220519.0
2022-05-20,600887.SH,31.93,32.59,31.92,32.59,31.94,0.6500000000000021,2.04,428320.26,1600916.004,20220520,20220520.0
2022-05-23,600887.SH,32.63,32.63,32.06,32.16,32.59,-0.4300000000000068,-1.32,364757.02,1358110.413,20220523,20220523.0
2022-05-24,600887.SH,32.26,32.52,31.92,32.09,32.16,-0.0699999999999931,-0.22,389575.33,1449570.723,20220524,20220524.0
2022-05-25,600887.SH,32.06,32.44,31.93,32.12,32.09,0.029999999999994,0.09,264342.88,983212.844,20220525,20220525.0
2022-05-26,600887.SH,32.12,32.63,32.09,32.32,32.12,0.2000000000000028,0.62,454455.05,1700406.212,20220526,20220526.0
2022-05-27,600887.SH,32.44,32.93,32.32,32.51,32.32,0.1899999999999977,0.59,332890.0,1254328.4,20220527,20220527.0
2022-05-30,600887.SH,32.6,33.02,32.44,32.58,32.51,0.0700000000000002,0.22,405757.07,1534349.617,20220530,20220530.0
2022-05-31,600887.SH,32.6,33.03,32.37,32.87,32.58,0.2899999999999991,0.89,561167.41,2124115.057,20220531,20220531.0
2022-06-01,600887.SH,32.92,32.92,32.14,32.48,32.87,-0.3900000000000005,-1.19,548324.11,2006066.396,20220601,20220601.0
2022-06-02,600887.SH,32.22,32.37,31.87,32.09,32.48,-0.3899999999999934,-1.2,387337.61,1398379.476,20220602,20220602.0
2022-06-06,600887.SH,31.9,32.1,31.34,32.09,32.09,0.0,0.0,719524.95,2571373.865,20220606,20220606.0
2022-06-07,600887.SH,31.93,32.52,31.84,32.28,32.09,0.1899999999999977,0.59,507212.39,1843084.635,20220607,20220607.0
2022-06-08,600887.SH,32.43,33.42,32.33,32.93,32.28,0.6499999999999986,2.01,793944.17,2943885.909,20220608,20220608.0
2022-06-09,600887.SH,33.1,33.25,32.63,32.86,32.93,-0.0700000000000002,-0.21,650306.87,2408523.819,20220609,20220609.0
2022-06-10,600887.SH,32.97,33.17,32.74,33.13,32.86,0.2700000000000031,0.82,624444.15,2320414.37,20220610,20220610.0
2022-06-13,600887.SH,33.01,33.04,32.62,32.89,33.13,-0.240000000000002,-0.72,593980.75,2194837.436,20220613,20220613.0
2022-06-14,600887.SH,32.87,33.54,32.48,33.51,32.89,0.6199999999999974,1.89,548505.48,2044710.777,20220614,20220614.0
2022-06-15,600887.SH,33.51,34.21,33.34,33.78,33.51,0.2700000000000031,0.81,887944.97,3392907.126,20220615,20220615.0
2022-06-16,600887.SH,34.08,34.49,33.54,33.77,33.78,-0.009999999999998,-0.03,575579.41,2202671.144,20220616,20220616.0
2022-06-17,600887.SH,33.61,34.11,33.45,33.98,33.77,0.2099999999999937,0.62,505038.86,1924529.228,20220617,20220617.0
2022-06-20,600887.SH,34.08,34.16,33.52,33.63,33.98,-0.3499999999999943,-1.03,659691.93,2508581.248,20220620,20220620.0
2022-06-21,600887.SH,33.55,33.98,33.23,33.49,33.63,-0.1400000000000005,-0.42,458285.37,1732195.09,20220621,20220621.0
2022-06-22,600887.SH,33.62,33.68,33.13,33.22,33.49,-0.2700000000000031,-0.81,432762.85,1625494.416,20220622,20220622.0
2022-06-23,600887.SH,33.43,33.52,33.02,33.37,33.22,0.1499999999999985,0.45,509042.74,1908020.964,20220623,20220623.0
2022-06-24,600887.SH,33.34,33.88,33.14,33.72,33.37,0.3500000000000014,1.05,698861.77,2633554.458,20220624,20220624.0
2022-06-27,600887.SH,33.72,34.7,33.71,34.34,33.72,0.6200000000000045,1.84,828320.64,3210172.687,20220627,20220627.0
2022-06-28,600887.SH,34.51,34.59,34.16,34.43,34.34,0.0899999999999963,0.26,432308.44,1673809.574,20220628,20220628.0
2022-06-29,600887.SH,34.39,34.47,33.69,33.76,34.43,-0.6700000000000017,-1.95,509700.98,1952859.169,20220629,20220629.0
2022-06-30,600887.SH,33.76,34.63,33.72,34.56,33.76,0.8000000000000043,2.37,667768.12,2582997.02,20220630,20220630.0
2022-07-01,600887.SH,34.47,34.73,33.79,34.11,34.56,-0.4500000000000028,-1.3,460762.96,1771734.819,20220701,20220701.0
2022-07-04,600887.SH,33.43,33.74,32.89,33.56,34.11,-0.5499999999999972,-1.61,915083.0,3442512.832,20220704,20220704.0
2022-07-05,600887.SH,33.42,33.63,33.03,33.17,33.56,-0.3900000000000005,-1.16,592620.99,2220132.461,20220705,20220705.0
2022-07-06,600887.SH,33.21,33.38,32.68,32.85,33.17,-0.3200000000000003,-0.96,609086.25,2257873.332,20220706,20220706.0
2022-07-07,600887.SH,32.85,32.88,32.44,32.5,32.85,-0.3500000000000014,-1.07,556957.88,2044868.251,20220707,20220707.0
2022-07-08,600887.SH,32.63,32.73,32.19,32.25,32.5,-0.25,-0.77,536484.73,1957308.618,20220708,20220708.0
2022-07-11,600887.SH,32.25,32.25,31.71,32.04,32.25,-0.2100000000000008,-0.65,562624.85,2020869.595,20220711,20220711.0
2022-07-12,600887.SH,32.08,32.32,31.87,32.28,32.04,0.240000000000002,0.75,605837.88,2191320.209,20220712,20220712.0
2022-07-13,600887.SH,32.43,32.44,31.79,31.91,32.28,-0.370000000000001,-1.15,530953.6,1916413.829,20220713,20220713.0
2022-07-14,600887.SH,31.91,32.12,31.6,32.03,31.91,0.120000000000001,0.38,444556.77,1599076.499,20220714,20220714.0
2022-07-15,600887.SH,32.03,32.46,31.65,31.66,32.03,-0.370000000000001,-1.16,517257.58,1869870.975,20220715,20220715.0
2022-07-18,600887.SH,31.71,32.14,31.6,31.99,31.66,0.3299999999999983,1.04,393582.06,1415290.06,20220718,20220718.0
2022-07-19,600887.SH,31.82,32.12,31.71,32.09,31.99,0.1000000000000049,0.31,375626.52,1352480.12,20220719,20220719.0
2022-07-20,600887.SH,32.14,32.53,32.09,32.39,32.09,0.2999999999999971,0.93,495079.17,1804136.847,20220720,20220720.0
2022-07-21,600887.SH,32.3,32.37,32.05,32.05,32.39,-0.3400000000000034,-1.05,265675.24,963937.236,20220721,20220721.0
2022-07-22,600887.SH,32.05,32.34,31.95,32.19,32.05,0.1400000000000005,0.44,275282.46,996928.342,20220722,20220722.0
2022-07-25,600887.SH,32.28,32.5,32.05,32.49,32.19,0.3000000000000042,0.93,345822.9,1259894.566,20220725,20220725.0
2022-07-26,600887.SH,32.43,32.69,32.21,32.46,32.49,-0.0300000000000011,-0.09,353950.73,1292359.986,20220726,20220726.0
2022-07-27,600887.SH,32.39,32.59,32.21,32.31,32.46,-0.1499999999999985,-0.46,307118.51,1121409.522,20220727,20220727.0
2022-07-28,600887.SH,32.45,32.8,32.33,32.63,32.31,0.3200000000000003,0.99,402444.47,1478940.208,20220728,20220728.0
2022-07-29,600887.SH,32.63,32.72,31.72,31.79,32.63,-0.8400000000000034,-2.57,526918.94,1902698.964,20220729,20220729.0
2022-08-01,600887.SH,31.79,31.92,31.4,31.8,31.79,0.0100000000000015,0.03,387995.36,1384670.906,20220801,20220801.0
2022-08-02,600887.SH,31.5,31.56,30.93,31.32,31.8,-0.4800000000000004,-1.51,455043.36,1602104.065,20220802,20220802.0
2022-08-03,600887.SH,31.32,31.57,31.08,31.2,31.32,-0.120000000000001,-0.38,296495.39,1046809.492,20220803,20220803.0
2022-08-04,600887.SH,31.35,31.66,31.22,31.57,31.2,0.370000000000001,1.19,232817.07,825908.768,20220804,20220804.0
2022-08-05,600887.SH,31.76,32.29,31.5,32.26,31.57,0.6899999999999977,2.19,368776.33,1330187.154,20220805,20220805.0
2022-08-08,600887.SH,32.37,32.61,32.11,32.25,32.26,-0.009999999999998,-0.03,292881.44,1065583.401,20220808,20220808.0
2022-08-09,600887.SH,32.25,32.5,32.14,32.28,32.25,0.0300000000000011,0.09,230595.98,839683.373,20220809,20220809.0
2022-08-10,600887.SH,32.33,32.45,31.81,31.9,32.28,-0.3800000000000025,-1.18,246188.97,887191.806,20220810,20220810.0
2022-08-11,600887.SH,32.07,32.42,31.9,32.39,31.9,0.490000000000002,1.54,290770.84,1055265.104,20220811,20220811.0
2022-08-12,600887.SH,32.37,32.57,32.25,32.5,32.39,0.1099999999999994,0.34,196513.27,718046.878,20220812,20220812.0
2022-08-15,600887.SH,32.33,32.61,32.14,32.17,32.5,-0.3299999999999983,-1.02,271294.24,988887.275,20220815,20220815.0
2022-08-16,600887.SH,32.19,32.44,31.95,32.22,32.17,0.0499999999999971,0.16,208010.54,753847.343,20220816,20220816.0
2022-08-17,600887.SH,32.34,32.39,32.0,32.25,32.22,0.0300000000000011,0.09,241168.05,876414.153,20220817,20220817.0
2022-08-18,600887.SH,32.17,32.17,31.9,31.95,32.25,-0.3000000000000007,-0.93,231681.76,835162.616,20220818,20220818.0
2022-08-19,600887.SH,31.86,32.02,31.73,31.75,31.95,-0.1999999999999993,-0.63,210902.45,756960.212,20220819,20220819.0
2022-08-22,600887.SH,31.64,32.02,31.6,31.83,31.75,0.0799999999999983,0.25,212356.47,761872.355,20220822,20220822.0
2022-08-23,600887.SH,31.79,31.95,31.41,31.44,31.83,-0.389999999999997,-1.23,242458.69,862013.281,20220823,20220823.0
2022-08-24,600887.SH,31.42,31.57,31.19,31.2,31.44,-0.240000000000002,-0.76,280744.91,992598.512,20220824,20220824.0
2022-08-25,600887.SH,31.2,31.83,31.14,31.77,31.2,0.5700000000000003,1.83,368652.7,1306972.939,20220825,20220825.0
2022-08-26,600887.SH,32.19,32.24,31.86,32.11,31.77,0.3399999999999998,1.07,311837.66,1127259.531,20220826,20220826.0
2022-08-29,600887.SH,31.96,32.16,31.86,31.9,32.11,-0.2100000000000008,-0.65,237665.33,856092.191,20220829,20220829.0
2022-08-30,600887.SH,32.05,32.19,31.69,32.06,31.9,0.1600000000000037,0.5,215755.19,776528.189,20220830,20220830.0
2022-08-31,600887.SH,31.67,31.95,31.08,31.71,32.06,-0.3500000000000014,-1.09,591011.95,2097200.871,20220831,20220831.0
2022-09-01,600887.SH,31.42,31.54,30.64,30.66,31.71,-1.0500000000000007,-3.31,656908.69,2302334.19,20220901,20220901.0
2022-09-02,600887.SH,30.7,30.9,29.81,30.08,30.66,-0.5800000000000018,-1.89,602933.75,2050920.274,20220902,20220902.0
2022-09-05,600887.SH,29.82,30.02,29.35,29.61,30.08,-0.4699999999999988,-1.56,410003.25,1365771.639,20220905,20220905.0
2022-09-06,600887.SH,29.67,29.85,29.58,29.84,29.61,0.2300000000000004,0.78,273725.95,917841.676,20220906,20220906.0
2022-09-07,600887.SH,29.71,29.83,29.4,29.48,29.84,-0.3599999999999994,-1.21,396173.73,1318510.332,20220907,20220907.0
2022-09-08,600887.SH,29.38,29.69,29.38,29.52,29.48,0.0399999999999991,0.14,275065.2,915580.949,20220908,20220908.0
2022-09-09,600887.SH,29.51,29.94,29.42,29.9,29.52,0.379999999999999,1.29,395604.22,1327537.041,20220909,20220909.0
2022-09-13,600887.SH,29.95,30.14,29.78,29.94,29.9,0.0400000000000027,0.13,355023.67,1199240.304,20220913,20220913.0
2022-09-14,600887.SH,29.64,29.85,29.59,29.82,29.94,-0.120000000000001,-0.4,241093.07,807564.114,20220914,20220914.0
2022-09-15,600887.SH,29.82,30.26,29.68,29.9,29.82,0.0799999999999983,0.27,443258.29,1493773.599,20220915,20220915.0
2022-09-16,600887.SH,29.77,29.9,29.18,29.18,29.9,-0.7199999999999989,-2.41,458542.77,1525094.712,20220916,20220916.0
2022-09-19,600887.SH,29.27,29.43,28.87,29.19,29.18,0.0100000000000015,0.03,294433.48,967264.104,20220919,20220919.0
2022-09-20,600887.SH,29.2,29.33,28.72,28.98,29.19,-0.2100000000000008,-0.72,292159.71,953880.255,20220920,20220920.0
2022-09-21,600887.SH,28.76,29.03,28.66,28.82,28.98,-0.1600000000000001,-0.55,265960.03,863641.262,20220921,20220921.0
2022-09-22,600887.SH,28.64,28.83,28.4,28.4,28.82,-0.4200000000000017,-1.46,305884.9,984138.78,20220922,20220922.0
2022-09-23,600887.SH,28.31,28.93,28.26,28.8,28.4,0.4000000000000021,1.41,444112.63,1437893.953,20220923,20220923.0
2022-09-26,600887.SH,28.98,29.02,28.71,28.72,28.8,-0.0800000000000018,-0.28,264326.71,859427.204,20220926,20220926.0
2022-09-27,600887.SH,28.69,29.56,28.61,29.48,28.72,0.7600000000000016,2.65,408775.81,1344766.249,20220927,20220927.0
2022-09-28,600887.SH,29.44,29.9,29.21,29.51,29.48,0.0300000000000011,0.1,425824.28,1424006.698,20220928,20220928.0
2022-09-29,600887.SH,29.51,30.04,29.34,29.55,29.51,0.0399999999999991,0.14,317541.7,1061022.707,20220929,20220929.0
2022-09-30,600887.SH,29.54,29.7,29.22,29.27,29.55,-0.2800000000000011,-0.95,264761.8,878073.266,20220930,20220930.0
2022-10-10,600887.SH,28.97,29.34,28.57,28.66,29.27,-0.6099999999999994,-2.08,295574.62,963530.801,20221010,20221010.0
2022-10-11,600887.SH,28.96,28.96,28.44,28.72,28.66,0.0599999999999987,0.21,186799.92,602926.933,20221011,20221011.0
2022-10-12,600887.SH,28.69,28.93,28.07,28.89,28.72,0.1700000000000017,0.59,357992.6,1151925.482,20221012,20221012.0
2022-10-13,600887.SH,28.77,29.06,28.48,28.89,28.89,0.0,0.0,268499.73,871075.955,20221013,20221013.0
2022-10-14,600887.SH,28.86,29.33,28.85,29.11,28.89,0.2199999999999988,0.76,341543.31,1122498.601,20221014,20221014.0
2022-10-17,600887.SH,28.93,29.43,28.86,29.29,29.11,0.1799999999999997,0.62,287430.74,944790.661,20221017,20221017.0
2022-10-18,600887.SH,29.3,29.65,29.02,29.08,29.29,-0.2100000000000008,-0.72,320269.83,1056162.713,20221018,20221018.0
2022-10-19,600887.SH,29.01,29.23,28.67,28.84,29.08,-0.2399999999999984,-0.83,287299.27,934361.034,20221019,20221019.0
2022-10-20,600887.SH,28.57,28.62,26.85,26.89,28.84,-1.9499999999999995,-6.76,994401.67,3087361.417,20221020,20221020.0
2022-10-21,600887.SH,26.67,27.05,26.28,26.57,26.89,-0.3200000000000003,-1.19,645419.66,1938186.753,20221021,20221021.0
2022-10-24,600887.SH,26.16,26.7,25.56,25.65,26.57,-0.9200000000000016,-3.46,673982.95,1966765.332,20221024,20221024.0
2022-10-25,600887.SH,25.39,26.08,25.38,25.87,25.65,0.2200000000000024,0.86,467632.72,1356974.702,20221025,20221025.0
2022-10-26,600887.SH,25.82,26.4,25.7,25.82,25.87,-0.0500000000000007,-0.19,400414.23,1172691.641,20221026,20221026.0
2022-10-27,600887.SH,25.99,26.13,25.49,25.52,25.82,-0.3000000000000007,-1.16,383819.09,1114625.303,20221027,20221027.0
2022-10-28,600887.SH,23.59,23.68,22.97,22.97,25.52,-2.5500000000000007,-9.99,1526504.13,3966407.663,20221028,20221028.0
2022-10-31,600887.SH,22.35,22.88,21.75,22.4,22.97,-0.5700000000000003,-2.48,1144018.56,2889012.904,20221031,20221031.0
2022-11-01,600887.SH,22.71,23.6,22.19,23.55,22.4,1.150000000000002,5.13,1025654.2,2663095.956,20221101,20221101.0
2022-11-02,600887.SH,23.26,24.33,23.16,24.26,23.55,0.7100000000000009,3.01,980889.34,2628017.454,20221102,20221102.0
2022-11-03,600887.SH,23.94,24.2,23.52,23.64,24.26,-0.620000000000001,-2.56,540088.3,1446963.091,20221103,20221103.0
2022-11-04,600887.SH,23.54,25.02,23.53,24.61,23.64,0.9699999999999988,4.1,816777.52,2256594.508,20221104,20221104.0
2022-11-07,600887.SH,24.39,24.96,24.15,24.59,24.61,-0.0199999999999995,-0.08,548725.89,1520203.544,20221107,20221107.0
2022-11-08,600887.SH,24.57,24.8,24.07,24.28,24.59,-0.3099999999999987,-1.26,445013.81,1219607.566,20221108,20221108.0
2022-11-09,600887.SH,24.31,24.47,24.09,24.15,24.28,-0.1300000000000025,-0.54,271661.84,742461.611,20221109,20221109.0
2022-11-10,600887.SH,23.97,24.61,23.91,24.59,24.15,0.4400000000000013,1.82,424299.81,1161275.892,20221110,20221110.0
2022-11-11,600887.SH,25.14,25.54,24.69,25.22,24.59,0.629999999999999,2.56,794879.39,2249296.215,20221111,20221111.0
2022-11-14,600887.SH,25.72,25.85,25.11,25.17,25.22,-0.0499999999999971,-0.2,608037.74,1742089.464,20221114,20221114.0
2022-11-15,600887.SH,25.23,26.15,25.18,25.91,25.17,0.7399999999999984,2.94,566234.3,1644828.771,20221115,20221115.0
2022-11-16,600887.SH,25.75,26.28,25.67,25.91,25.91,0.0,0.0,395518.88,1159458.526,20221116,20221116.0
2022-11-17,600887.SH,25.91,26.23,25.72,25.95,25.91,0.0399999999999991,0.15,347608.23,1016186.658,20221117,20221117.0
2022-11-18,600887.SH,26.02,26.16,25.73,25.84,25.95,-0.1099999999999994,-0.42,336682.49,984093.369,20221118,20221118.0
2022-11-21,600887.SH,25.47,25.63,25.19,25.5,25.84,-0.3399999999999998,-1.32,356047.38,1017109.651,20221121,20221121.0
2022-11-22,600887.SH,25.61,25.89,25.25,25.44,25.5,-0.0599999999999987,-0.24,312730.5,899461.999,20221122,20221122.0
2022-11-23,600887.SH,25.45,25.6,25.23,25.26,25.44,-0.1799999999999997,-0.71,249812.08,714126.881,20221123,20221123.0
2022-11-24,600887.SH,25.43,25.62,25.22,25.27,25.26,0.009999999999998,0.04,184111.65,526087.212,20221124,20221124.0
2022-11-25,600887.SH,25.2,25.34,24.98,25.29,25.27,0.0199999999999995,0.08,258539.19,734019.575,20221125,20221125.0
2022-11-28,600887.SH,24.85,25.41,24.57,25.26,25.29,-0.0299999999999975,-0.12,512354.36,1438656.62,20221128,20221128.0
2022-11-29,600887.SH,25.65,25.94,25.2,25.83,25.26,0.5699999999999967,2.26,488163.28,1410553.671,20221129,20221129.0
2022-11-30,600887.SH,25.72,25.83,25.36,25.6,25.83,-0.2299999999999968,-0.89,459284.83,1322556.133,20221130,20221130.0
2022-12-01,600887.SH,26.36,26.76,26.2,26.54,25.6,0.9399999999999976,3.67,781447.99,2334922.505,20221201,20221201.0
2022-12-02,600887.SH,26.55,26.7,26.23,26.39,26.54,-0.1499999999999985,-0.57,411133.78,1223444.775,20221202,20221202.0
2022-12-05,600887.SH,27.0,27.48,26.89,27.19,26.39,0.8000000000000007,3.03,635425.61,1947029.209,20221205,20221205.0
2022-12-06,600887.SH,27.38,28.03,27.13,27.67,27.19,0.4800000000000004,1.77,621479.24,1938725.328,20221206,20221206.0
2022-12-07,600887.SH,27.65,28.34,27.47,28.02,27.67,0.3499999999999978,1.26,568205.61,1789035.006,20221207,20221207.0
2022-12-08,600887.SH,28.04,28.11,27.65,27.71,28.02,-0.3099999999999987,-1.11,429203.02,1343831.895,20221208,20221208.0
2022-12-09,600887.SH,27.83,28.4,27.46,28.39,27.71,0.6799999999999997,2.45,793738.95,2507508.341,20221209,20221209.0
2022-12-12,600887.SH,28.2,28.38,27.97,28.17,28.39,-0.2199999999999988,-0.77,428773.81,1360522.505,20221212,20221212.0
2022-12-13,600887.SH,27.97,28.0,27.67,27.77,28.17,-0.4000000000000021,-1.42,323927.48,1014863.776,20221213,20221213.0
2022-12-14,600887.SH,27.77,28.31,27.67,28.15,27.77,0.379999999999999,1.37,470883.71,1485884.842,20221214,20221214.0
2022-12-15,600887.SH,28.15,28.39,27.78,27.83,28.15,-0.3200000000000003,-1.14,371906.87,1173310.034,20221215,20221215.0
2022-12-16,600887.SH,27.66,27.95,27.52,27.88,27.83,0.0500000000000007,0.18,274406.06,858342.335,20221216,20221216.0
2022-12-19,600887.SH,27.79,28.45,27.74,27.85,27.88,-0.0299999999999975,-0.11,362392.91,1145991.706,20221219,20221219.0
2022-12-20,600887.SH,27.7,27.85,26.8,27.06,27.85,-0.7900000000000027,-2.84,500474.31,1531520.005,20221220,20221220.0
2022-12-21,600887.SH,27.35,27.71,27.22,27.45,27.06,0.3900000000000005,1.44,397615.78,1232244.844,20221221,20221221.0
2022-12-22,600887.SH,27.6,27.77,27.29,27.38,27.45,-0.0700000000000002,-0.26,379632.57,1178309.555,20221222,20221222.0
2022-12-23,600887.SH,27.18,27.75,27.07,27.6,27.38,0.2200000000000024,0.8,288055.79,893922.116,20221223,20221223.0
2022-12-26,600887.SH,27.58,27.64,27.06,27.13,27.6,-0.4700000000000024,-1.7,276478.84,849997.072,20221226,20221226.0
2022-12-27,600887.SH,27.4,27.75,27.35,27.65,27.13,0.5199999999999996,1.92,248259.81,771471.908,20221227,20221227.0
2022-12-28,600887.SH,27.45,27.66,27.39,27.45,27.65,-0.1999999999999993,-0.72,247538.76,766852.346,20221228,20221228.0
2022-12-29,600887.SH,27.25,27.53,26.99,27.39,27.45,-0.0599999999999987,-0.22,231122.41,710069.288,20221229,20221229.0
2022-12-30,600887.SH,27.48,27.77,27.33,27.51,27.39,0.120000000000001,0.44,277286.34,861391.734,20221230,20221230.0
2023-01-03,600887.SH,27.51,27.57,26.91,27.24,27.51,-0.2700000000000031,-0.98,411926.22,1259875.524,20230103,20230103.0
2023-01-04,600887.SH,27.24,27.46,27.06,27.14,27.24,-0.0999999999999978,-0.37,271848.6,834441.953,20230104,20230104.0
2023-01-05,600887.SH,27.36,28.04,27.3,27.99,27.14,0.8499999999999979,3.13,533180.52,1674666.69,20230105,20230105.0
2023-01-06,600887.SH,28.13,28.13,27.72,27.95,27.99,-0.0399999999999991,-0.14,337507.01,1060969.783,20230106,20230106.0
2023-01-09,600887.SH,27.91,28.21,27.69,28.04,27.95,0.0899999999999998,0.32,441710.44,1393853.565,20230109,20230109.0
2023-01-10,600887.SH,28.03,28.88,27.95,28.85,28.04,0.8100000000000023,2.89,523043.34,1687514.408,20230110,20230110.0
2023-01-11,600887.SH,28.86,29.15,28.58,28.8,28.85,-0.0500000000000007,-0.17,360004.36,1172847.246,20230111,20230111.0
2023-01-12,600887.SH,28.77,28.98,28.35,28.6,28.8,-0.1999999999999993,-0.69,287305.24,924753.704,20230112,20230112.0
2023-01-13,600887.SH,28.62,28.95,28.54,28.92,28.6,0.3200000000000003,1.12,235923.87,765328.968,20230113,20230113.0
2023-01-16,600887.SH,29.11,29.9,28.94,29.64,28.92,0.7199999999999989,2.49,616298.95,2050939.731,20230116,20230116.0
2023-01-17,600887.SH,29.74,29.99,29.39,29.95,29.64,0.3099999999999987,1.05,470991.99,1578797.34,20230117,20230117.0
2023-01-18,600887.SH,29.8,29.97,28.57,28.6,29.95,-1.349999999999998,-4.51,706190.29,2305441.695,20230118,20230118.0
2023-01-19,600887.SH,28.7,28.77,28.28,28.77,28.6,0.1699999999999981,0.59,386099.25,1243866.188,20230119,20230119.0
2023-01-20,600887.SH,28.88,28.92,28.47,28.69,28.77,-0.0799999999999983,-0.28,366235.0,1182152.803,20230120,20230120.0
2023-01-30,600887.SH,29.12,29.73,29.04,29.51,28.69,0.8200000000000003,2.86,921465.8,3064707.622,20230130,20230130.0
2023-01-31,600887.SH,29.72,29.73,28.81,28.91,29.51,-0.6000000000000014,-2.03,409474.18,1346604.085,20230131,20230131.0
2023-02-01,600887.SH,29.09,29.15,28.55,28.91,28.91,0.0,0.0,334378.74,1085178.341,20230201,20230201.0
2023-02-02,600887.SH,28.93,29.11,28.56,28.86,28.91,-0.0500000000000007,-0.17,466121.37,1512513.758,20230202,20230202.0
2023-02-03,600887.SH,28.7,28.82,28.24,28.42,28.86,-0.4399999999999977,-1.52,374457.98,1199623.696,20230203,20230203.0
2023-02-06,600887.SH,28.17,28.18,27.45,27.62,28.42,-0.8000000000000007,-2.81,605859.54,1889571.285,20230206,20230206.0
2023-02-07,600887.SH,27.62,27.89,27.48,27.53,27.62,-0.0899999999999998,-0.33,312502.05,972164.438,20230207,20230207.0
2023-02-08,600887.SH,27.68,27.86,27.62,27.74,27.53,0.2099999999999973,0.76,275006.6,860639.176,20230208,20230208.0
2023-02-09,600887.SH,27.74,28.1,27.64,27.95,27.74,0.2100000000000008,0.76,273063.04,859634.347,20230209,20230209.0
2023-02-10,600887.SH,27.96,28.09,27.73,27.92,27.95,-0.0299999999999975,-0.11,174654.81,549549.753,20230210,20230210.0
2023-02-13,600887.SH,28.01,28.1,27.78,28.03,27.92,0.1099999999999994,0.39,355994.68,1121255.767,20230213,20230213.0
2023-02-14,600887.SH,28.04,28.18,27.94,28.07,28.03,0.0399999999999991,0.14,256928.2,812250.553,20230214,20230214.0
2023-02-15,600887.SH,28.02,28.04,27.39,27.67,28.07,-0.3999999999999986,-1.43,410826.0,1278907.944,20230215,20230215.0
2023-02-16,600887.SH,27.65,27.93,27.24,27.4,27.67,-0.2700000000000031,-0.98,385098.77,1202046.052,20230216,20230216.0
2023-02-17,600887.SH,27.39,27.73,27.15,27.23,27.4,-0.1699999999999981,-0.62,315697.76,978584.494,20230217,20230217.0
2023-02-20,600887.SH,27.27,27.92,27.1,27.82,27.23,0.5899999999999999,2.17,374236.11,1159941.781,20230220,20230220.0
2023-02-21,600887.SH,27.78,28.03,27.7,27.94,27.82,0.120000000000001,0.43,258397.76,811617.256,20230221,20230221.0
2023-02-22,600887.SH,27.8,27.89,27.46,27.56,27.94,-0.3800000000000025,-1.36,291252.52,908020.109,20230222,20230222.0
2023-02-23,600887.SH,27.53,27.77,27.43,27.51,27.56,-0.0499999999999971,-0.18,258597.4,802835.709,20230223,20230223.0
2023-02-24,600887.SH,27.51,27.62,27.16,27.16,27.51,-0.3500000000000014,-1.27,221954.88,682162.96,20230224,20230224.0
2023-02-27,600887.SH,27.03,27.21,26.9,27.06,27.16,-0.1000000000000014,-0.37,284853.78,868475.83,20230227,20230227.0
2023-02-28,600887.SH,27.09,27.46,26.79,27.03,27.06,-0.0299999999999975,-0.11,336162.43,1024522.059,20230228,20230228.0
2023-03-01,600887.SH,27.09,27.63,26.96,27.62,27.03,0.5899999999999999,2.18,365305.93,1128354.568,20230301,20230301.0
2023-03-02,600887.SH,27.51,27.77,27.47,27.63,27.62,0.009999999999998,0.04,184933.33,576015.286,20230302,20230302.0
2023-03-03,600887.SH,27.69,27.82,27.42,27.56,27.63,-0.0700000000000002,-0.25,206935.1,642870.036,20230303,20230303.0
2023-03-06,600887.SH,27.56,27.59,27.24,27.27,27.56,-0.2899999999999991,-1.05,238931.47,735672.194,20230306,20230306.0
2023-03-07,600887.SH,27.18,27.21,26.57,26.57,27.27,-0.6999999999999993,-2.57,494736.01,1497736.565,20230307,20230307.0
2023-03-08,600887.SH,26.59,26.62,26.43,26.51,26.57,-0.0599999999999987,-0.23,230975.89,689642.882,20230308,20230308.0
2023-03-09,600887.SH,26.52,26.6,26.22,26.22,26.51,-0.2900000000000027,-1.09,269194.35,800099.856,20230309,20230309.0
2023-03-10,600887.SH,26.09,26.35,25.81,25.83,26.22,-0.3900000000000005,-1.49,359616.41,1052463.809,20230310,20230310.0
2023-03-13,600887.SH,25.83,26.57,25.8,26.15,25.83,0.3200000000000003,1.24,371425.73,1098276.883,20230313,20230313.0
2023-03-14,600887.SH,26.16,26.29,25.88,26.21,26.15,0.0600000000000022,0.23,242517.64,712857.431,20230314,20230314.0
2023-03-15,600887.SH,26.41,26.56,25.89,25.9,26.21,-0.3100000000000023,-1.18,276884.67,814434.659,20230315,20230315.0
2023-03-16,600887.SH,25.83,26.12,25.72,25.82,25.9,-0.0799999999999983,-0.31,264327.68,771922.447,20230316,20230316.0
2023-03-17,600887.SH,26.0,26.09,25.62,25.62,25.82,-0.1999999999999993,-0.77,365640.26,1064225.034,20230317,20230317.0
2023-03-20,600887.SH,25.63,25.73,25.27,25.33,25.62,-0.2900000000000027,-1.13,360541.71,1033053.403,20230320,20230320.0
2023-03-21,600887.SH,25.33,25.77,25.22,25.72,25.33,0.3900000000000005,1.54,385345.13,1109661.899,20230321,20230321.0
2023-03-22,600887.SH,25.72,25.86,25.52,25.63,25.72,-0.0899999999999998,-0.35,271843.12,786784.71,20230322,20230322.0
2023-03-23,600887.SH,25.56,26.02,25.51,25.74,25.63,0.1099999999999994,0.43,349433.82,1015821.826,20230323,20230323.0
2023-03-24,600887.SH,25.76,26.04,25.71,25.85,25.74,0.1100000000000029,0.43,233913.69,682193.81,20230324,20230324.0
2023-03-27,600887.SH,25.89,26.04,25.73,25.84,25.85,-0.0100000000000015,-0.04,244089.79,711745.047,20230327,20230327.0
2023-03-28,600887.SH,25.84,26.03,25.65,25.73,25.84,-0.1099999999999994,-0.43,220243.15,640611.27,20230328,20230328.0
2023-03-29,600887.SH,25.88,25.95,25.42,25.47,25.73,-0.2600000000000015,-1.01,335733.32,967044.161,20230329,20230329.0
2023-03-30,600887.SH,25.53,26.02,25.39,25.91,25.47,0.4400000000000013,1.73,411323.01,1191076.14,20230330,20230330.0
2023-03-31,600887.SH,25.91,26.14,25.84,25.84,25.91,-0.0700000000000002,-0.27,307855.55,900708.311,20230331,20230331.0
2023-04-03,600887.SH,25.83,25.89,25.57,25.72,25.84,-0.120000000000001,-0.46,329934.2,955286.401,20230403,20230403.0
2023-04-04,600887.SH,25.75,25.96,25.57,25.83,25.72,0.1099999999999994,0.43,356835.7,1035243.583,20230404,20230404.0
2023-04-06,600887.SH,25.81,25.82,25.47,25.66,25.83,-0.1699999999999981,-0.66,311790.44,898936.687,20230406,20230406.0
2023-04-07,600887.SH,25.65,25.98,25.59,25.86,25.66,0.1999999999999993,0.78,264010.01,768712.536,20230407,20230407.0
2023-04-10,600887.SH,25.89,25.99,25.53,25.61,25.86,-0.25,-0.97,398583.73,1150541.253,20230410,20230410.0
2023-04-11,600887.SH,25.56,25.63,25.25,25.31,25.61,-0.3000000000000007,-1.17,459654.81,1316101.128,20230411,20230411.0
2023-04-12,600887.SH,25.31,25.36,24.95,24.99,25.31,-0.3200000000000003,-1.26,450221.72,1270357.511,20230412,20230412.0
2023-04-13,600887.SH,24.85,25.04,24.74,24.94,24.99,-0.0499999999999971,-0.2,389719.71,1091369.721,20230413,20230413.0
2023-04-14,600887.SH,25.01,25.12,24.74,24.78,24.94,-0.1600000000000001,-0.64,417360.86,1169550.315,20230414,20230414.0
2023-04-17,600887.SH,24.74,25.02,24.61,25.01,24.78,0.2300000000000004,0.93,483124.01,1353307.174,20230417,20230417.0
2023-04-18,600887.SH,25.01,25.33,24.94,25.28,25.01,0.2699999999999996,1.08,611206.78,1735618.34,20230418,20230418.0
2023-04-19,600887.SH,25.29,25.33,24.92,25.04,25.28,-0.240000000000002,-0.95,381782.37,1078305.878,20230419,20230419.0
2023-04-20,600887.SH,24.99,25.14,24.82,24.92,25.04,-0.1199999999999974,-0.48,419388.72,1178412.321,20230420,20230420.0
2023-04-21,600887.SH,25.02,25.45,24.8,24.85,24.92,-0.0700000000000002,-0.28,580133.78,1645110.819,20230421,20230421.0
2023-04-24,600887.SH,24.86,24.93,24.2,24.28,24.85,-0.5700000000000003,-2.29,535891.93,1473932.775,20230424,20230424.0
2023-04-25,600887.SH,24.31,24.55,24.11,24.41,24.28,0.129999999999999,0.54,442516.21,1212498.932,20230425,20230425.0
2023-04-26,600887.SH,24.32,24.53,24.18,24.37,24.41,-0.0399999999999991,-0.16,333996.38,917622.807,20230426,20230426.0
2023-04-27,600887.SH,24.34,24.75,24.05,24.67,24.37,0.3000000000000007,1.23,513735.76,1409706.752,20230427,20230427.0
2023-04-28,600887.SH,25.47,26.61,25.47,26.23,24.67,1.5599999999999987,6.32,1331739.72,3914425.563,20230428,20230428.0
2023-05-04,600887.SH,26.17,26.7,26.07,26.49,26.23,0.259999999999998,0.99,698795.72,2085135.825,20230504,20230504.0
2023-05-05,600887.SH,26.62,26.82,26.17,26.36,26.49,-0.129999999999999,-0.49,452108.98,1347130.01,20230505,20230505.0
2023-05-08,600887.SH,26.53,26.89,26.36,26.74,26.36,0.379999999999999,1.44,663271.22,1992763.212,20230508,20230508.0
2023-05-09,600887.SH,26.81,26.87,26.52,26.53,26.74,-0.2099999999999973,-0.79,451368.51,1359083.444,20230509,20230509.0
2023-05-10,600887.SH,26.58,26.67,26.36,26.47,26.53,-0.0600000000000022,-0.23,290274.87,867274.155,20230510,20230510.0
2023-05-11,600887.SH,26.53,26.61,26.18,26.25,26.47,-0.2199999999999988,-0.83,223271.42,662695.078,20230511,20230511.0
2023-05-12,600887.SH,26.2,26.93,26.12,26.42,26.25,0.1700000000000017,0.65,353115.66,1058015.203,20230512,20230512.0
2023-05-15,600887.SH,26.73,26.88,26.5,26.85,26.42,0.4299999999999997,1.63,339625.66,1022554.38,20230515,20230515.0
2023-05-16,600887.SH,26.93,26.95,26.54,26.67,26.85,-0.1799999999999997,-0.67,296761.98,892026.244,20230516,20230516.0
2023-05-17,600887.SH,26.69,26.77,26.44,26.46,26.67,-0.2100000000000008,-0.79,217171.46,650734.46,20230517,20230517.0
2023-05-18,600887.SH,26.42,26.62,26.2,26.33,26.46,-0.1300000000000025,-0.49,214177.35,637444.391,20230518,20230518.0
2023-05-19,600887.SH,26.44,26.66,26.21,26.49,26.33,0.1600000000000001,0.61,203544.06,607334.218,20230519,20230519.0
2023-05-22,600887.SH,26.58,27.13,26.48,27.02,26.49,0.5300000000000011,2.0,461945.43,1402523.98,20230522,20230522.0
2023-05-23,600887.SH,26.99,27.51,26.89,27.22,27.02,0.1999999999999993,0.74,517974.72,1595514.015,20230523,20230523.0
2023-05-24,600887.SH,27.22,27.28,26.59,26.62,27.22,-0.5999999999999979,-2.2,395623.02,1199815.874,20230524,20230524.0
2023-05-25,600887.SH,26.44,26.6,26.18,26.38,26.62,-0.240000000000002,-0.9,357259.04,1060619.583,20230525,20230525.0
2023-05-26,600887.SH,26.36,26.44,25.92,26.15,26.38,-0.2300000000000004,-0.87,261514.44,770000.652,20230526,20230526.0
2023-05-29,600887.SH,26.18,26.32,25.58,25.89,26.15,-0.259999999999998,-0.99,345918.2,1006984.14,20230529,20230529.0
2023-05-30,600887.SH,25.87,26.1,25.4,25.9,25.89,0.009999999999998,0.04,360405.15,1044712.916,20230530,20230530.0
2023-05-31,600887.SH,25.94,25.96,25.5,25.57,25.9,-0.3299999999999983,-1.27,276197.55,798597.36,20230531,20230531.0
2023-06-01,600887.SH,25.3,26.35,25.29,25.81,25.57,0.2399999999999984,0.94,340701.77,992807.44,20230601,20230601.0
2023-06-02,600887.SH,26.04,26.5,25.9,26.41,25.81,0.6000000000000014,2.32,286646.47,848097.671,20230602,20230602.0
2023-06-05,600887.SH,26.4,26.51,26.13,26.19,26.41,-0.2199999999999988,-0.83,187166.67,553892.394,20230605,20230605.0
2023-06-06,600887.SH,26.19,26.59,26.09,26.18,26.19,-0.0100000000000015,-0.04,240829.98,714729.404,20230606,20230606.0
2023-06-07,600887.SH,26.28,26.4,26.12,26.18,26.18,0.0,0.0,208474.56,616986.675,20230607,20230607.0
2023-06-08,600887.SH,26.18,26.46,25.89,26.28,26.18,0.1000000000000014,0.38,208604.46,614453.978,20230608,20230608.0
2023-06-09,600887.SH,26.3,26.61,26.22,26.48,26.28,0.1999999999999993,0.76,322887.39,962186.067,20230609,20230609.0
2023-06-12,600887.SH,26.62,26.72,26.24,26.52,26.48,0.0399999999999991,0.15,363981.04,1087974.18,20230612,20230612.0
2023-06-13,600887.SH,26.73,26.73,26.41,26.6,26.52,0.0800000000000018,0.3,268978.8,777576.392,20230613,20230613.0
2023-06-14,600887.SH,26.62,27.27,26.58,26.73,26.6,0.129999999999999,0.49,401407.64,1173938.082,20230614,20230614.0
2023-06-15,600887.SH,26.85,27.08,26.64,26.94,26.73,0.2100000000000008,0.79,262552.31,767839.206,20230615,20230615.0
2023-06-16,600887.SH,27.02,27.06,26.78,27.0,26.94,0.0599999999999987,0.22,310899.24,910331.036,20230616,20230616.0
2023-06-19,600887.SH,26.98,27.12,26.66,26.71,27.0,-0.2899999999999991,-1.07,246889.88,720615.596,20230619,20230619.0
2023-06-20,600887.SH,26.71,26.84,26.49,26.5,26.71,-0.2100000000000008,-0.79,184304.15,534301.299,20230620,20230620.0
2023-06-21,600887.SH,26.49,26.74,26.4,26.48,26.5,-0.0199999999999995,-0.08,233644.92,675620.406,20230621,20230621.0
2023-06-26,600887.SH,26.3,26.55,26.14,26.41,26.48,-0.0700000000000002,-0.26,263452.34,755006.951,20230626,20230626.0
2023-06-27,600887.SH,26.47,26.51,26.17,26.29,26.41,-0.120000000000001,-0.45,205970.62,589399.983,20230627,20230627.0
2023-06-28,600887.SH,26.25,26.34,26.03,26.23,26.29,-0.0599999999999987,-0.23,215743.94,613963.739,20230628,20230628.0
2023-06-29,600887.SH,26.25,26.4,25.84,25.95,26.23,-0.2800000000000011,-1.07,309705.99,875485.856,20230629,20230629.0
2023-06-30,600887.SH,25.95,26.19,25.85,26.04,25.95,0.0899999999999998,0.35,235290.18,667743.12,20230630,20230630.0
2023-07-03,600887.SH,26.04,26.81,26.03,26.78,26.04,0.740000000000002,2.84,458663.47,1328281.401,20230703,20230703.0
2023-07-04,600887.SH,26.8,26.89,26.55,26.79,26.78,0.009999999999998,0.04,225152.58,654784.868,20230704,20230704.0
2023-07-05,600887.SH,26.79,26.84,26.34,26.45,26.79,-0.3399999999999998,-1.27,211419.01,609292.664,20230705,20230705.0
2023-07-06,600887.SH,26.49,26.71,26.29,26.31,26.45,-0.1400000000000005,-0.53,222605.94,641422.024,20230706,20230706.0
2023-07-07,600887.SH,26.25,26.51,26.22,26.37,26.31,0.0600000000000022,0.23,164287.51,471677.837,20230707,20230707.0
2023-07-10,600887.SH,26.38,26.47,26.02,26.09,26.37,-0.2800000000000011,-1.06,364385.83,1038745.618,20230710,20230710.0
2023-07-11,600887.SH,26.29,26.31,26.03,26.2,26.09,0.1099999999999994,0.42,194564.88,553251.3,20230711,20230711.0
2023-07-12,600887.SH,26.17,26.31,26.03,26.07,26.2,-0.129999999999999,-0.5,164490.81,468179.952,20230712,20230712.0
2023-07-13,600887.SH,26.2,26.74,26.19,26.65,26.07,0.5799999999999983,2.22,313316.75,903991.159,20230713,20230713.0
2023-07-14,600887.SH,26.64,26.74,25.65,25.81,26.65,-0.8399999999999999,-3.15,793178.03,2245956.789,20230714,20230714.0
2023-07-17,600887.SH,25.81,25.82,25.12,25.33,25.81,-0.4800000000000004,-1.86,544760.52,1498237.99,20230717,20230717.0
2023-07-18,600887.SH,25.31,25.33,24.93,25.1,25.33,-0.2299999999999968,-0.91,462717.35,1260409.761,20230718,20230718.0
2023-07-19,600887.SH,24.94,25.06,24.72,25.04,25.1,-0.0600000000000022,-0.24,531629.78,1438751.322,20230719,20230719.0
2023-07-20,600887.SH,25.04,25.18,24.93,24.99,25.04,-0.0500000000000007,-0.2,350785.16,956099.57,20230720,20230720.0
2023-07-21,600887.SH,24.97,25.41,24.94,25.21,24.99,0.2200000000000024,0.88,349944.11,959640.812,20230721,20230721.0
2023-07-24,600887.SH,25.0,25.16,24.89,25.07,25.21,-0.1400000000000005,-0.56,190423.45,518119.296,20230724,20230724.0
2023-07-25,600887.SH,25.34,25.58,25.32,25.52,25.07,0.4499999999999993,1.79,550121.39,1521900.707,20230725,20230725.0
2023-07-26,600887.SH,25.4,25.56,25.36,25.49,25.52,-0.0300000000000011,-0.12,211542.09,585089.198,20230726,20230726.0
2023-07-27,600887.SH,25.31,25.81,25.28,25.52,25.49,0.0300000000000011,0.12,482998.96,1342368.022,20230727,20230727.0
2023-07-28,600887.SH,25.47,26.26,25.44,26.18,25.52,0.6600000000000001,2.59,593749.96,1678880.738,20230728,20230728.0
2023-07-31,600887.SH,26.4,26.64,26.2,26.35,26.18,0.1700000000000017,0.65,444661.06,1276908.955,20230731,20230731.0
2023-08-01,600887.SH,26.29,26.49,25.88,25.97,26.35,-0.3800000000000025,-1.44,377389.77,1072241.964,20230801,20230801.0
2023-08-02,600887.SH,25.98,26.06,25.81,25.97,25.97,0.0,0.0,236737.38,667628.924,20230802,20230802.0
2023-08-03,600887.SH,25.96,26.28,25.93,26.21,25.97,0.240000000000002,0.92,242117.54,688332.679,20230803,20230803.0
2023-08-04,600887.SH,26.38,26.53,26.03,26.03,26.21,-0.1799999999999997,-0.69,366475.85,1045135.197,20230804,20230804.0
2023-08-07,600887.SH,26.03,26.07,25.76,25.84,26.03,-0.1900000000000012,-0.73,301342.97,847668.264,20230807,20230807.0
2023-08-08,600887.SH,25.83,25.97,25.67,25.83,25.84,-0.0100000000000015,-0.04,240567.04,675538.525,20230808,20230808.0
2023-08-09,600887.SH,25.79,25.94,25.76,25.89,25.83,0.0600000000000022,0.23,224490.51,631168.052,20230809,20230809.0
2023-08-10,600887.SH,25.89,25.96,25.48,25.62,25.89,-0.2699999999999996,-1.04,331152.9,922126.391,20230810,20230810.0
2023-08-11,600887.SH,25.63,25.72,25.28,25.28,25.62,-0.3399999999999998,-1.33,338629.31,937889.303,20230811,20230811.0
2023-08-14,600887.SH,25.19,25.3,24.9,25.17,25.28,-0.1099999999999994,-0.44,322927.93,881658.242,20230814,20230814.0
2023-08-15,600887.SH,25.17,25.28,24.92,25.16,25.17,-0.0100000000000015,-0.04,255895.07,697565.545,20230815,20230815.0
2023-08-16,600887.SH,25.05,25.17,24.92,24.97,25.16,-0.1900000000000012,-0.76,277160.54,754257.246,20230816,20230816.0
2023-08-17,600887.SH,24.84,25.14,24.65,25.11,24.97,0.1400000000000005,0.56,281605.05,762890.498,20230817,20230817.0
2023-08-18,600887.SH,25.11,25.12,24.74,24.78,25.11,-0.3299999999999983,-1.31,270445.67,731491.588,20230818,20230818.0
2023-08-21,600887.SH,24.74,24.76,24.42,24.44,24.78,-0.3399999999999998,-1.37,329499.43,879920.486,20230821,20230821.0
2023-08-22,600887.SH,24.46,24.69,24.24,24.57,24.44,0.129999999999999,0.53,363267.16,965432.925,20230822,20230822.0
2023-08-23,600887.SH,24.56,24.69,24.22,24.23,24.57,-0.3399999999999998,-1.38,266844.89,708895.942,20230823,20230823.0
2023-08-24,600887.SH,24.23,24.63,24.05,24.36,24.23,0.129999999999999,0.54,299051.11,792415.212,20230824,20230824.0
2023-08-25,600887.SH,24.25,24.65,24.23,24.59,24.36,0.2300000000000004,0.94,273518.61,728782.735,20230825,20230825.0
2023-08-28,600887.SH,25.59,25.72,24.55,24.66,24.59,0.0700000000000002,0.28,660770.26,1796319.198,20230828,20230828.0
2023-08-29,600887.SH,24.09,24.59,23.96,24.47,24.66,-0.1900000000000012,-0.77,684047.1,1812982.152,20230829,20230829.0
2023-08-30,600887.SH,24.48,24.78,24.36,24.41,24.47,-0.0599999999999987,-0.25,331054.89,882288.525,20230830,20230830.0
2023-08-31,600887.SH,24.39,24.4,23.9,23.9,24.41,-0.5100000000000016,-2.09,547233.6,1432473.563,20230831,20230831.0
2023-09-01,600887.SH,24.0,24.29,23.91,23.95,23.9,0.0500000000000007,0.21,485934.49,1271521.44,20230901,20230901.0
2023-09-04,600887.SH,24.08,24.48,23.96,24.31,23.95,0.3599999999999994,1.5,777541.56,2049323.984,20230904,20230904.0
2023-09-05,600887.SH,24.16,24.22,23.9,23.93,24.31,-0.379999999999999,-1.56,686458.01,1788190.664,20230905,20230905.0
2023-09-06,600887.SH,23.92,24.11,23.79,24.08,23.93,0.1499999999999985,0.63,328262.28,856096.166,20230906,20230906.0
2023-09-07,600887.SH,24.0,24.0,23.79,23.79,24.08,-0.2899999999999991,-1.2,417447.54,1084198.428,20230907,20230907.0
2023-09-08,600887.SH,23.77,23.79,23.54,23.7,23.79,-0.0899999999999998,-0.38,291889.05,751690.839,20230908,20230908.0
2023-09-11,600887.SH,23.7,24.04,23.55,24.0,23.7,0.3000000000000007,1.27,376922.86,978017.656,20230911,20230911.0
2023-09-12,600887.SH,23.95,24.14,23.87,24.1,24.0,0.1000000000000014,0.42,268232.67,701683.784,20230912,20230912.0
2023-09-13,600887.SH,24.1,24.3,24.0,24.07,24.1,-0.0300000000000011,-0.12,392439.82,1031209.251,20230913,20230913.0
2023-09-14,600887.SH,24.09,24.2,23.98,24.13,24.07,0.0599999999999987,0.25,229025.73,600340.22,20230914,20230914.0
2023-09-15,600887.SH,24.22,24.32,23.94,24.02,24.13,-0.1099999999999994,-0.46,315518.54,826586.444,20230915,20230915.0
2023-09-18,600887.SH,24.05,24.17,23.87,24.16,24.02,0.1400000000000005,0.58,249130.31,652570.293,20230918,20230918.0
2023-09-19,600887.SH,24.16,24.18,24.01,24.12,24.16,-0.0399999999999991,-0.17,226126.9,592157.585,20230919,20230919.0
2023-09-20,600887.SH,23.96,24.15,23.91,24.03,24.12,-0.0899999999999998,-0.37,273256.9,715523.062,20230920,20230920.0
2023-09-21,600887.SH,24.03,24.1,23.78,23.78,24.03,-0.25,-1.04,283838.6,737211.913,20230921,20230921.0
2023-09-22,600887.SH,23.72,24.5,23.72,24.46,23.78,0.6799999999999997,2.86,557416.27,1469991.088,20230922,20230922.0
2023-09-25,600887.SH,24.55,24.57,24.35,24.51,24.46,0.0500000000000007,0.2,311326.78,829326.807,20230925,20230925.0
2023-09-26,600887.SH,24.46,24.65,24.38,24.61,24.51,0.0999999999999978,0.41,256355.76,684501.775,20230926,20230926.0
2023-09-27,600887.SH,24.55,24.76,24.47,24.49,24.61,-0.120000000000001,-0.49,218217.84,583180.983,20230927,20230927.0
2023-09-28,600887.SH,24.49,24.59,24.27,24.39,24.49,-0.0999999999999978,-0.41,234096.44,621177.511,20230928,20230928.0
2023-10-09,600887.SH,24.39,24.54,24.17,24.43,24.39,0.0399999999999991,0.16,251729.09,668309.338,20231009,20231009.0
2023-10-10,600887.SH,24.57,24.78,24.47,24.63,24.43,0.1999999999999993,0.82,311203.9,833717.508,20231010,20231010.0
2023-10-11,600887.SH,24.73,24.89,24.59,24.87,24.63,0.240000000000002,0.97,381222.72,1027236.521,20231011,20231011.0
2023-10-12,600887.SH,25.01,25.13,24.8,24.92,24.87,0.0500000000000007,0.2,280867.74,761371.133,20231012,20231012.0
2023-10-13,600887.SH,24.71,24.8,24.54,24.69,24.92,-0.2300000000000004,-0.92,224022.93,601153.743,20231013,20231013.0
2023-10-16,600887.SH,24.69,24.72,24.33,24.34,24.69,-0.3500000000000014,-1.42,273506.61,726084.522,20231016,20231016.0
2023-10-17,600887.SH,24.39,24.69,24.21,24.69,24.34,0.3500000000000014,1.44,307776.23,821282.942,20231017,20231017.0
2023-10-18,600887.SH,24.58,24.79,24.45,24.45,24.69,-0.240000000000002,-0.97,218295.77,584040.589,20231018,20231018.0
2023-10-19,600887.SH,24.38,24.45,24.04,24.05,24.45,-0.3999999999999986,-1.64,342975.25,902244.185,20231019,20231019.0
2023-10-20,600887.SH,23.98,24.09,23.72,23.87,24.05,-0.1799999999999997,-0.75,312183.74,811613.691,20231020,20231020.0
2023-10-23,600887.SH,23.75,23.95,23.31,23.53,23.87,-0.3399999999999998,-1.42,271995.55,698281.677,20231023,20231023.0
2023-10-24,600887.SH,23.44,23.65,23.17,23.55,23.53,0.0199999999999995,0.08,292214.04,745065.426,20231024,20231024.0
2023-10-25,600887.SH,23.74,24.13,23.72,23.95,23.55,0.3999999999999986,1.7,316522.11,824120.017,20231025,20231025.0
2023-10-26,600887.SH,23.89,24.1,23.73,23.91,23.95,-0.0399999999999991,-0.17,233080.11,605606.713,20231026,20231026.0
2023-10-27,600887.SH,23.9,24.79,23.85,24.71,23.91,0.8000000000000007,3.35,499864.56,1333549.637,20231027,20231027.0
2023-10-30,600887.SH,24.64,24.88,24.29,24.52,24.71,-0.1900000000000012,-0.77,358652.39,959956.374,20231030,20231030.0
2023-10-31,600887.SH,25.37,25.73,25.17,25.21,24.52,0.6900000000000013,2.81,1060163.35,2926168.589,20231031,20231031.0
2023-11-01,600887.SH,25.42,25.49,25.0,25.12,25.21,-0.0899999999999998,-0.36,380535.21,1041309.56,20231101,20231101.0
2023-11-02,600887.SH,25.1,25.37,25.06,25.14,25.12,0.0199999999999995,0.08,259403.49,711198.459,20231102,20231102.0
2023-11-03,600887.SH,25.28,25.47,25.23,25.37,25.14,0.2300000000000004,0.91,302979.98,835590.738,20231103,20231103.0
2023-11-06,600887.SH,25.48,25.51,25.26,25.33,25.37,-0.0400000000000027,-0.16,335739.5,925815.629,20231106,20231106.0
2023-11-07,600887.SH,25.28,25.46,25.08,25.37,25.33,0.0400000000000027,0.16,290656.2,799239.234,20231107,20231107.0
2023-11-08,600887.SH,25.35,25.42,25.24,25.36,25.37,-0.0100000000000015,-0.04,252746.45,696241.528,20231108,20231108.0
2023-11-09,600887.SH,25.26,25.56,25.24,25.4,25.36,0.0399999999999991,0.16,202621.77,560208.988,20231109,20231109.0
2023-11-10,600887.SH,25.36,25.44,25.16,25.3,25.4,-0.0999999999999978,-0.39,228341.38,628529.341,20231110,20231110.0
2023-11-13,600887.SH,25.41,25.41,25.05,25.22,25.3,-0.0800000000000018,-0.32,198095.92,542940.326,20231113,20231113.0
2023-11-14,600887.SH,25.25,25.4,24.94,25.07,25.22,-0.1499999999999985,-0.59,277089.79,756576.975,20231114,20231114.0
2023-11-15,600887.SH,25.22,25.33,25.02,25.06,25.07,-0.0100000000000015,-0.04,255552.46,698898.044,20231115,20231115.0
2023-11-16,600887.SH,25.12,25.16,24.79,24.84,25.06,-0.2199999999999988,-0.88,232802.16,630718.903,20231116,20231116.0
2023-11-17,600887.SH,24.71,24.92,24.51,24.78,24.84,-0.0599999999999987,-0.24,267753.56,718955.795,20231117,20231117.0
2023-11-20,600887.SH,24.82,25.1,24.67,24.97,24.78,0.1899999999999977,0.77,246992.75,669238.605,20231120,20231120.0
2023-11-21,600887.SH,25.05,25.37,24.99,25.24,24.97,0.2699999999999996,1.08,298083.08,818587.435,20231121,20231121.0
2023-11-22,600887.SH,25.18,25.18,24.98,25.01,25.24,-0.2299999999999968,-0.91,167637.85,457145.47,20231122,20231122.0
2023-11-23,600887.SH,24.87,25.17,24.78,25.11,25.01,0.0999999999999978,0.4,275548.77,748391.801,20231123,20231123.0
2023-11-24,600887.SH,25.13,25.28,25.07,25.14,25.11,0.0300000000000011,0.12,245952.27,673847.692,20231124,20231124.0
2023-11-27,600887.SH,25.12,25.14,24.71,24.99,25.14,-0.1500000000000021,-0.6,243814.98,659771.058,20231127,20231127.0
2023-11-28,600887.SH,24.99,25.26,24.9,25.07,24.99,0.0800000000000018,0.32,221438.37,604460.368,20231128,20231128.0
2023-11-29,600887.SH,25.07,25.12,24.79,24.87,25.07,-0.1999999999999993,-0.8,216847.28,586895.668,20231129,20231129.0
2023-11-30,600887.SH,24.87,25.08,24.8,25.05,24.87,0.1799999999999997,0.72,281134.73,763939.806,20231130,20231130.0
2023-12-01,600887.SH,25.01,25.02,24.57,24.87,25.05,-0.1799999999999997,-0.72,342335.62,921416.579,20231201,20231201.0
2023-12-04,600887.SH,24.87,24.89,24.64,24.64,24.87,-0.2300000000000004,-0.92,222346.14,598619.229,20231204,20231204.0
2023-12-05,600887.SH,24.6,24.86,24.3,24.3,24.64,-0.3399999999999998,-1.38,300665.8,804332.488,20231205,20231205.0
2023-12-06,600887.SH,24.2,24.51,24.12,24.3,24.3,0.0,0.0,257563.58,682056.514,20231206,20231206.0
2023-12-07,600887.SH,24.2,24.4,24.05,24.23,24.3,-0.0700000000000002,-0.29,246389.23,649923.231,20231207,20231207.0
2023-12-08,600887.SH,24.26,24.58,24.19,24.23,24.23,0.0,0.0,259967.87,689100.601,20231208,20231208.0
2023-12-11,600887.SH,24.0,24.46,23.56,24.21,24.23,-0.0199999999999995,-0.08,373749.34,979717.549,20231211,20231211.0
2023-12-12,600887.SH,24.2,24.36,24.1,24.32,24.21,0.1099999999999994,0.45,270163.26,712664.155,20231212,20231212.0
2023-12-13,600887.SH,24.35,24.35,23.73,23.75,24.32,-0.5700000000000003,-2.34,402905.08,1049806.531,20231213,20231213.0
2023-12-14,600887.SH,23.9,24.09,23.78,23.79,23.75,0.0399999999999991,0.17,266435.57,693950.392,20231214,20231214.0
2023-12-15,600887.SH,23.83,24.0,23.45,23.45,23.79,-0.3399999999999998,-1.43,363712.66,936258.894,20231215,20231215.0
2023-12-18,600887.SH,23.22,23.64,23.22,23.54,23.45,0.0899999999999998,0.38,363467.6,927766.263,20231218,20231218.0
2023-12-19,600887.SH,23.44,23.63,23.29,23.4,23.54,-0.1400000000000005,-0.59,243621.35,620906.8,20231219,20231219.0
2023-12-20,600887.SH,23.41,23.49,23.22,23.29,23.4,-0.1099999999999994,-0.47,256530.41,651775.449,20231220,20231220.0
2023-12-21,600887.SH,23.23,23.67,23.22,23.59,23.29,0.3000000000000007,1.29,307945.16,787231.325,20231221,20231221.0
2023-12-22,600887.SH,23.62,23.98,23.6,23.9,23.59,0.3099999999999987,1.31,381448.27,987983.708,20231222,20231222.0
2023-12-25,600887.SH,23.9,24.14,23.82,24.0,23.9,0.1000000000000014,0.42,224631.09,586443.145,20231225,20231225.0
2023-12-26,600887.SH,24.0,24.06,23.64,23.73,24.0,-0.2699999999999996,-1.12,200503.81,518777.595,20231226,20231226.0
2023-12-27,600887.SH,23.77,24.08,23.61,24.02,23.73,0.2899999999999991,1.22,253796.77,659553.658,20231227,20231227.0
2023-12-28,600887.SH,24.14,24.73,24.08,24.69,24.02,0.6700000000000017,2.79,490373.27,1308916.326,20231228,20231228.0
2023-12-29,600887.SH,24.64,24.76,24.36,24.59,24.69,-0.1000000000000014,-0.41,364764.58,974933.842,20231229,20231229.0
2024-01-02,600887.SH,24.69,24.69,24.14,24.15,24.59,-0.4400000000000013,-1.79,267322.03,705687.852,20240102,20240102.0
2024-01-03,600887.SH,24.13,24.29,23.9,23.96,24.15,-0.1899999999999977,-0.79,287976.28,751737.0,20240103,20240103.0
2024-01-04,600887.SH,23.99,24.07,23.72,23.88,23.96,-0.0800000000000018,-0.33,294192.75,763907.956,20240104,20240104.0
2024-01-05,600887.SH,23.89,24.32,23.82,24.01,23.88,0.1300000000000025,0.54,387187.66,1016121.754,20240105,20240105.0
2024-01-08,600887.SH,24.12,24.36,23.91,24.04,24.01,0.0299999999999975,0.12,417470.81,1099044.448,20240108,20240108.0
2024-01-09,600887.SH,24.0,24.31,23.77,24.19,24.04,0.1500000000000021,0.62,329539.27,863716.396,20240109,20240109.0
2024-01-10,600887.SH,24.23,24.49,24.09,24.43,24.19,0.2399999999999984,0.99,356590.2,945903.593,20240110,20240110.0
2024-01-11,600887.SH,24.35,24.8,24.32,24.46,24.43,0.0300000000000011,0.12,367427.32,982150.782,20240111,20240111.0
2024-01-12,600887.SH,24.36,24.64,24.34,24.59,24.46,0.129999999999999,0.53,248941.7,664584.43,20240112,20240112.0
2024-01-15,600887.SH,24.52,24.78,24.36,24.56,24.59,-0.0300000000000011,-0.12,244759.31,654869.768,20240115,20240115.0
2024-01-16,600887.SH,24.46,24.77,24.43,24.73,24.56,0.1700000000000017,0.69,348212.75,932626.842,20240116,20240116.0
2024-01-17,600887.SH,24.69,24.71,24.27,24.27,24.73,-0.4600000000000008,-1.86,341694.54,911377.347,20240117,20240117.0
2024-01-18,600887.SH,24.18,24.69,23.89,24.59,24.27,0.3200000000000003,1.32,512824.49,1351331.395,20240118,20240118.0
2024-01-19,600887.SH,24.37,24.75,24.34,24.7,24.59,0.1099999999999994,0.45,401415.85,1075765.829,20240119,20240119.0
2024-01-22,600887.SH,24.74,24.82,24.24,24.53,24.7,-0.1699999999999981,-0.69,577169.62,1547702.105,20240122,20240122.0
2024-01-23,600887.SH,24.5,24.58,24.07,24.33,24.53,-0.2000000000000028,-0.82,368963.64,977152.711,20240123,20240123.0
2024-01-24,600887.SH,24.37,24.76,24.09,24.64,24.33,0.3100000000000023,1.27,333678.91,885659.71,20240124,20240124.0
2024-01-25,600887.SH,24.63,24.91,24.57,24.89,24.64,0.25,1.01,394562.31,1063573.507,20240125,20240125.0
2024-01-26,600887.SH,24.75,25.05,24.6,25.01,24.89,0.120000000000001,0.48,396743.51,1071082.81,20240126,20240126.0
2024-01-29,600887.SH,24.95,25.4,24.93,25.27,25.01,0.259999999999998,1.04,473263.22,1301517.289,20240129,20240129.0
2024-01-30,600887.SH,25.14,25.38,25.07,25.08,25.27,-0.1900000000000012,-0.75,334804.61,917872.154,20240130,20240130.0
2024-01-31,600887.SH,25.05,25.26,24.73,24.91,25.08,-0.1699999999999981,-0.68,353406.71,959755.666,20240131,20240131.0
2024-02-01,600887.SH,24.91,25.09,24.71,24.79,24.91,-0.120000000000001,-0.48,350766.53,949598.54,20240201,20240201.0
2024-02-02,600887.SH,25.0,25.42,24.43,24.79,24.79,0.0,0.0,596667.08,1624891.329,20240202,20240202.0
2024-02-05,600887.SH,24.89,25.65,24.68,25.42,24.79,0.6300000000000026,2.54,846388.6,2322045.491,20240205,20240205.0
2024-02-06,600887.SH,25.42,26.2,25.39,25.87,25.42,0.4499999999999993,1.77,775110.24,2185869.211,20240206,20240206.0
2024-02-07,600887.SH,25.87,26.0,25.67,26.0,25.87,0.129999999999999,0.5,730802.3,2053553.968,20240207,20240207.0
2024-02-08,600887.SH,26.04,26.2,25.53,25.91,26.0,-0.0899999999999998,-0.35,593436.41,1663761.076,20240208,20240208.0
2024-02-19,600887.SH,26.07,26.11,25.82,26.05,25.91,0.1400000000000005,0.54,515275.22,1456658.446,20240219,20240219.0
2024-02-20,600887.SH,26.04,26.4,25.91,26.37,26.05,0.3200000000000003,1.23,566613.23,1616864.588,20240220,20240220.0
2024-02-21,600887.SH,26.3,26.85,26.19,26.52,26.37,0.1499999999999985,0.57,544952.79,1578056.955,20240221,20240221.0
2024-02-22,600887.SH,26.6,26.79,26.48,26.72,26.52,0.1999999999999993,0.75,351156.39,1018097.798,20240222,20240222.0
2024-02-23,600887.SH,26.64,26.78,26.44,26.64,26.72,-0.0799999999999983,-0.3,352858.95,1021298.973,20240223,20240223.0
2024-02-26,600887.SH,26.59,26.7,26.37,26.38,26.64,-0.2600000000000015,-0.98,328374.83,946012.389,20240226,20240226.0
2024-02-27,600887.SH,26.28,26.43,25.94,26.12,26.38,-0.259999999999998,-0.99,478917.32,1361050.381,20240227,20240227.0
2024-02-28,600887.SH,26.04,26.16,25.83,25.93,26.12,-0.1900000000000012,-0.73,471707.18,1332475.619,20240228,20240228.0
2024-02-29,600887.SH,25.92,26.16,25.85,26.06,25.93,0.129999999999999,0.5,436346.6,1233252.224,20240229,20240229.0
2024-03-01,600887.SH,26.02,26.14,25.84,25.98,26.06,-0.0799999999999983,-0.31,371306.86,1049564.612,20240301,20240301.0
2024-03-04,600887.SH,25.89,25.97,25.66,25.87,25.98,-0.1099999999999994,-0.42,412212.11,1157988.998,20240304,20240304.0
2024-03-05,600887.SH,25.87,26.54,25.78,26.52,25.87,0.6499999999999986,2.51,581690.95,1663491.244,20240305,20240305.0
2024-03-06,600887.SH,26.44,26.53,26.17,26.2,26.52,-0.3200000000000003,-1.21,361881.64,1037120.186,20240306,20240306.0
2024-03-07,600887.SH,26.15,26.41,26.09,26.25,26.2,0.0500000000000007,0.19,326757.68,932894.16,20240307,20240307.0
2024-03-08,600887.SH,26.25,26.35,25.89,26.02,26.25,-0.2300000000000004,-0.88,290254.99,822008.856,20240308,20240308.0
2024-03-11,600887.SH,26.02,26.25,25.85,26.2,26.02,0.1799999999999997,0.69,357191.45,1014016.884,20240311,20240311.0
2024-03-12,600887.SH,26.2,26.45,26.06,26.35,26.2,0.1500000000000021,0.57,423313.09,1210259.517,20240312,20240312.0
2024-03-13,600887.SH,26.31,26.35,25.81,25.9,26.35,-0.4500000000000028,-1.71,476881.67,1345848.133,20240313,20240313.0
2024-03-14,600887.SH,25.83,26.25,25.8,25.89,25.9,-0.009999999999998,-0.04,325901.86,921947.913,20240314,20240314.0
2024-03-15,600887.SH,25.84,26.57,25.83,26.5,25.89,0.6099999999999994,2.36,707165.57,2018348.006,20240315,20240315.0
2024-03-18,600887.SH,26.48,26.89,26.38,26.76,26.5,0.2600000000000015,0.98,568990.32,1653327.31,20240318,20240318.0
2024-03-19,600887.SH,26.71,26.93,26.52,26.74,26.76,-0.0200000000000031,-0.07,374063.63,1088557.295,20240319,20240319.0
2024-03-20,600887.SH,26.8,26.82,26.55,26.66,26.74,-0.0799999999999983,-0.3,249404.5,723459.046,20240320,20240320.0
2024-03-21,600887.SH,26.75,26.75,26.5,26.57,26.66,-0.0899999999999998,-0.34,228516.54,660790.171,20240321,20240321.0
2024-03-22,600887.SH,26.58,26.63,26.05,26.34,26.57,-0.2300000000000004,-0.87,324728.51,927438.547,20240322,20240322.0
2024-03-25,600887.SH,26.28,26.34,26.06,26.09,26.34,-0.25,-0.95,261190.0,742847.044,20240325,20240325.0
2024-03-26,600887.SH,26.2,26.23,25.89,26.03,26.09,-0.0599999999999987,-0.23,354466.01,1002663.455,20240326,20240326.0
2024-03-27,600887.SH,25.97,26.08,25.86,25.87,26.03,-0.1600000000000001,-0.61,290682.19,820431.202,20240327,20240327.0
2024-03-28,600887.SH,25.74,26.0,25.49,25.57,25.87,-0.3000000000000007,-1.16,479083.87,1339014.718,20240328,20240328.0
2024-03-29,600887.SH,25.6,25.87,25.52,25.65,25.57,0.0799999999999983,0.31,276270.47,770574.679,20240329,20240329.0
2024-04-01,600887.SH,25.73,26.13,25.7,25.88,25.65,0.2300000000000004,0.9,430918.9,1215562.377,20240401,20240401.0
2024-04-02,600887.SH,25.89,25.94,25.42,25.53,25.88,-0.3499999999999978,-1.35,376937.02,1049892.367,20240402,20240402.0
2024-04-03,600887.SH,25.47,25.59,25.22,25.44,25.53,-0.0899999999999998,-0.35,380628.66,1050650.974,20240403,20240403.0
2024-04-08,600887.SH,25.28,25.35,24.82,25.07,25.44,-0.370000000000001,-1.45,540443.41,1472523.845,20240408,20240408.0
2024-04-09,600887.SH,25.06,25.32,24.97,25.15,25.07,0.0799999999999983,0.32,243162.3,664842.975,20240409,20240409.0
2024-04-10,600887.SH,25.17,25.25,24.92,25.0,25.15,-0.1499999999999985,-0.6,323784.35,882475.506,20240410,20240410.0
2024-04-11,600887.SH,24.87,25.01,24.65,24.84,25.0,-0.1600000000000001,-0.64,374547.24,1012567.311,20240411,20240411.0
2024-04-12,600887.SH,24.79,24.91,24.41,24.43,24.84,-0.4100000000000001,-1.65,421324.94,1125717.492,20240412,20240412.0
2024-04-15,600887.SH,24.44,25.14,24.44,24.86,24.43,0.4299999999999997,1.76,499381.64,1352547.077,20240415,20240415.0
2024-04-16,600887.SH,24.73,25.23,24.65,25.03,24.86,0.1700000000000017,0.68,448528.97,1219811.459,20240416,20240416.0
2024-04-17,600887.SH,25.03,25.18,24.78,25.15,25.03,0.1199999999999974,0.48,364427.66,990151.061,20240417,20240417.0
2024-04-18,600887.SH,25.03,25.57,25.02,25.47,25.15,0.3200000000000003,1.27,432832.46,1195672.926,20240418,20240418.0
2024-04-19,600887.SH,25.37,25.52,25.21,25.43,25.47,-0.0399999999999991,-0.16,274485.41,757828.081,20240419,20240419.0
2024-04-22,600887.SH,25.49,25.83,25.47,25.64,25.43,0.2100000000000008,0.83,326631.71,912475.443,20240422,20240422.0
2024-04-23,600887.SH,25.6,25.81,25.47,25.67,25.64,0.0300000000000011,0.12,378737.34,1058836.099,20240423,20240423.0
2024-04-24,600887.SH,25.75,25.79,25.41,25.72,25.67,0.0499999999999971,0.19,280875.93,783062.118,20240424,20240424.0
2024-04-25,600887.SH,25.7,25.96,25.67,25.82,25.72,0.1000000000000014,0.39,282280.28,792311.46,20240425,20240425.0
2024-04-26,600887.SH,25.82,26.06,25.74,25.75,25.82,-0.0700000000000002,-0.27,363813.55,1023666.06,20240426,20240426.0
2024-04-29,600887.SH,25.56,26.18,25.5,26.01,25.75,0.2600000000000015,1.01,585719.52,1651046.232,20240429,20240429.0
2024-04-30,600887.SH,26.56,26.65,25.83,26.3,26.01,0.2899999999999991,1.11,1173292.11,3352785.416,20240430,20240430.0
2024-05-06,600887.SH,26.5,26.69,26.26,26.48,26.3,0.1799999999999997,0.68,861790.89,2484133.363,20240506,20240506.0
2024-05-07,600887.SH,26.46,26.47,25.93,26.06,26.48,-0.4200000000000017,-1.59,638006.51,1812306.477,20240507,20240507.0
2024-05-08,600887.SH,26.06,26.18,25.94,25.95,26.06,-0.1099999999999994,-0.42,415685.62,1176807.122,20240508,20240508.0
2024-05-09,600887.SH,25.91,26.08,25.85,25.94,25.95,-0.009999999999998,-0.04,529754.17,1495451.378,20240509,20240509.0
2024-05-10,600887.SH,25.95,26.03,25.59,25.7,25.94,-0.240000000000002,-0.93,588762.57,1647718.784,20240510,20240510.0
2024-05-13,600887.SH,25.63,25.8,25.49,25.74,25.7,0.0399999999999991,0.16,495748.64,1382329.345,20240513,20240513.0
2024-05-14,600887.SH,25.77,25.83,25.58,25.61,25.74,-0.129999999999999,-0.51,470406.33,1314822.784,20240514,20240514.0
2024-05-15,600887.SH,25.61,25.71,25.49,25.56,25.61,-0.0500000000000007,-0.2,274530.39,763899.139,20240515,20240515.0
2024-05-16,600887.SH,25.51,25.66,25.4,25.53,25.56,-0.0299999999999975,-0.12,533484.56,1481254.7,20240516,20240516.0
2024-05-17,600887.SH,25.48,25.87,25.48,25.84,25.53,0.3099999999999987,1.21,620865.33,1736602.361,20240517,20240517.0
2024-05-20,600887.SH,25.83,26.38,25.75,26.26,25.84,0.4200000000000017,1.63,809073.33,2307754.59,20240520,20240520.0
2024-05-21,600887.SH,26.5,26.9,26.49,26.81,26.26,0.5499999999999972,2.09,1135160.0,3297219.39,20240521,20240521.0
2024-05-22,600887.SH,26.72,27.08,26.68,26.87,26.81,0.0600000000000022,0.22,737782.15,2160167.695,20240522,20240522.0
2024-05-23,600887.SH,26.74,26.97,26.48,26.93,26.87,0.0599999999999987,0.22,738519.31,2146548.024,20240523,20240523.0
2024-05-24,600887.SH,26.71,27.01,26.5,26.55,26.93,-0.379999999999999,-1.41,512622.96,1490670.21,20240524,20240524.0
2024-05-27,600887.SH,26.5,26.81,26.5,26.68,26.55,0.129999999999999,0.49,421459.49,1220758.265,20240527,20240527.0
2024-05-28,600887.SH,26.67,26.8,26.4,26.45,26.68,-0.2300000000000004,-0.86,333486.01,963614.46,20240528,20240528.0
2024-05-29,600887.SH,26.49,26.74,26.49,26.62,26.45,0.1700000000000017,0.64,302459.01,875514.866,20240529,20240529.0
2024-05-30,600887.SH,26.54,26.6,26.2,26.21,26.62,-0.4100000000000001,-1.54,453021.82,1297697.889,20240530,20240530.0
2024-05-31,600887.SH,26.27,26.37,26.03,26.03,26.21,-0.1799999999999997,-0.69,353570.73,1007748.961,20240531,20240531.0
2024-06-03,600887.SH,26.04,26.3,25.95,26.28,26.03,0.25,0.96,378653.36,1079300.876,20240603,20240603.0
2024-06-04,600887.SH,26.23,26.52,26.06,26.31,26.28,0.0299999999999975,0.11,481308.15,1379283.651,20240604,20240604.0
2024-06-05,600887.SH,26.46,26.58,26.19,26.22,26.31,-0.0899999999999998,-0.34,482234.04,1325982.63,20240605,20240605.0
2024-06-06,600887.SH,26.25,26.55,26.17,26.36,26.22,0.1400000000000005,0.53,367068.22,1008048.975,20240606,20240606.0
2024-06-07,600887.SH,26.32,26.44,25.82,25.97,26.36,-0.3900000000000005,-1.48,454832.77,1234699.097,20240607,20240607.0
2024-06-11,600887.SH,25.89,26.01,25.55,25.64,25.97,-0.3299999999999983,-1.27,382245.34,1023923.028,20240611,20240611.0
2024-06-12,600887.SH,25.65,25.99,25.58,25.93,25.64,0.2899999999999991,1.13,376887.32,1013079.834,20240612,20240612.0
2024-06-13,600887.SH,25.95,25.98,25.72,25.78,25.93,-0.1499999999999985,-0.58,304712.46,819703.145,20240613,20240613.0
2024-06-14,600887.SH,25.76,26.15,25.6,26.07,25.78,0.2899999999999991,1.12,425494.59,1147537.135,20240614,20240614.0
2024-06-17,600887.SH,25.91,25.99,25.65,25.79,26.07,-0.2800000000000011,-1.07,276833.56,743375.887,20240617,20240617.0
2024-06-18,600887.SH,25.78,25.87,25.26,25.33,25.79,-0.4600000000000008,-1.78,558745.5,1484337.141,20240618,20240618.0
2024-06-19,600887.SH,25.37,25.37,25.05,25.26,25.33,-0.0699999999999967,-0.28,342958.91,900466.057,20240619,20240619.0
2024-06-20,600887.SH,25.2,25.27,24.58,24.61,25.26,-0.6500000000000021,-2.57,618107.41,1597189.306,20240620,20240620.0
2024-06-21,600887.SH,24.57,24.87,24.37,24.74,24.61,0.129999999999999,0.53,556100.09,1426961.526,20240621,20240621.0
2024-06-24,600887.SH,24.62,25.08,24.58,24.92,24.74,0.1800000000000032,0.73,462024.66,1196445.579,20240624,20240624.0
2024-06-25,600887.SH,24.85,25.13,24.67,24.73,24.92,-0.1900000000000012,-0.76,435594.84,1126708.156,20240625,20240625.0
2024-06-26,600887.SH,24.72,24.99,24.59,24.94,24.73,0.2100000000000008,0.85,286383.92,741508.882,20240626,20240626.0
2024-06-27,600887.SH,24.84,24.94,24.63,24.73,24.94,-0.2100000000000008,-0.84,359689.88,927499.126,20240627,20240627.0
2024-06-28,600887.SH,24.73,25.11,24.68,24.8,24.73,0.0700000000000002,0.28,371598.82,965199.045,20240628,20240628.0
2024-07-01,600887.SH,24.8,24.94,24.53,24.92,24.8,0.120000000000001,0.48,343129.84,884249.33,20240701,20240701.0
2024-07-02,600887.SH,24.85,25.03,24.71,24.73,24.92,-0.1900000000000012,-0.76,333418.51,862657.251,20240702,20240702.0
2024-07-03,600887.SH,24.73,24.89,24.62,24.77,24.73,0.0399999999999991,0.16,260571.5,672561.514,20240703,20240703.0
2024-07-04,600887.SH,24.77,24.89,24.54,24.58,24.77,-0.1900000000000012,-0.77,319705.02,822884.62,20240704,20240704.0
2024-07-05,600887.SH,24.58,24.66,24.16,24.42,24.58,-0.1599999999999966,-0.65,408159.64,1036440.431,20240705,20240705.0
2024-07-08,600887.SH,24.33,24.35,23.99,24.18,24.42,-0.240000000000002,-0.98,463507.09,1165715.983,20240708,20240708.0
2024-07-09,600887.SH,24.09,24.14,23.73,23.99,24.18,-0.1900000000000012,-0.79,604087.65,1506820.11,20240709,20240709.0
2024-07-10,600887.SH,23.81,24.2,23.72,24.11,23.99,0.120000000000001,0.5,393350.8,986267.186,20240710,20240710.0
2024-07-11,600887.SH,24.26,24.8,24.26,24.66,24.11,0.5500000000000007,2.28,431363.96,1104898.758,20240711,20240711.0
2024-07-12,600887.SH,24.66,24.72,24.31,24.47,24.66,-0.1900000000000012,-0.77,350505.4,894016.381,20240712,20240712.0
2024-07-15,600887.SH,24.47,24.59,24.34,24.46,24.47,-0.009999999999998,-0.04,257435.63,656686.389,20240715,20240715.0
2024-07-16,600887.SH,24.38,24.61,24.3,24.51,24.46,0.0500000000000007,0.2,304607.05,777186.121,20240716,20240716.0
2024-07-17,600887.SH,24.51,24.99,24.35,24.95,24.51,0.4399999999999977,1.8,523263.85,1349953.448,20240717,20240717.0
2024-07-18,600887.SH,24.85,25.19,24.77,25.15,24.95,0.1999999999999993,0.8,380490.01,991296.164,20240718,20240718.0
2024-07-19,600887.SH,25.07,25.51,24.91,25.33,25.15,0.1799999999999997,0.72,472595.59,1244293.912,20240719,20240719.0
2024-07-22,600887.SH,25.34,25.49,24.98,25.05,25.33,-0.2799999999999976,-1.11,371477.89,973575.503,20240722,20240722.0
2024-07-23,600887.SH,25.09,25.11,24.39,24.39,25.05,-0.6600000000000001,-2.63,408556.88,1049971.208,20240723,20240723.0
2024-07-24,600887.SH,24.36,24.42,23.94,24.04,24.39,-0.3500000000000014,-1.44,408647.5,1026219.061,20240724,20240724.0
2024-07-25,600887.SH,23.94,24.16,23.94,24.03,24.04,-0.009999999999998,-0.04,341172.54,855137.411,20240725,20240725.0
2024-07-26,600887.SH,24.06,24.16,23.9,24.07,24.03,0.0399999999999991,0.17,361888.91,905498.939,20240726,20240726.0
2024-07-29,600887.SH,24.07,24.09,23.74,23.74,24.07,-0.3300000000000018,-1.37,388027.29,963461.076,20240729,20240729.0
2024-07-30,600887.SH,23.65,23.65,23.26,23.41,23.74,-0.3299999999999983,-1.39,506379.12,1234043.387,20240730,20240730.0
2024-07-31,600887.SH,23.32,24.08,23.28,24.08,23.41,0.6699999999999982,2.86,675259.5,1673160.239,20240731,20240731.0
2024-08-01,600887.SH,23.99,24.01,23.51,23.51,24.08,-0.5699999999999967,-2.37,521041.75,1285596.743,20240801,20240801.0
2024-08-02,600887.SH,23.36,23.55,23.33,23.45,23.51,-0.0600000000000022,-0.26,291610.78,712247.928,20240802,20240802.0
2024-08-05,600887.SH,23.34,23.76,23.2,23.34,23.45,-0.1099999999999994,-0.47,465730.13,1138519.955,20240805,20240805.0
2024-08-06,600887.SH,23.42,23.54,23.16,23.33,23.34,-0.0100000000000015,-0.04,417169.65,1011703.959,20240806,20240806.0
2024-08-07,600887.SH,23.31,23.31,23.13,23.14,23.33,-0.1899999999999977,-0.81,399834.62,966467.688,20240807,20240807.0
2024-08-08,600887.SH,23.04,23.46,22.81,23.4,23.14,0.259999999999998,1.12,506491.04,1223925.361,20240808,20240808.0
2024-08-09,600887.SH,23.42,23.58,23.2,23.21,23.4,-0.1899999999999977,-0.81,254853.97,619727.859,20240809,20240809.0
2024-08-12,600887.SH,23.18,23.44,23.16,23.37,23.21,0.1600000000000001,0.69,235957.27,574122.785,20240812,20240812.0
2024-08-13,600887.SH,23.38,23.42,23.0,23.12,23.37,-0.25,-1.07,295409.0,711122.998,20240813,20240813.0
2024-08-14,600887.SH,23.08,23.11,22.86,22.88,23.12,-0.240000000000002,-1.04,264299.53,631590.261,20240814,20240814.0
2024-08-15,600887.SH,22.84,23.17,22.75,23.09,22.88,0.2100000000000008,0.92,316408.28,759334.84,20240815,20240815.0
2024-08-16,600887.SH,23.03,23.16,22.97,23.06,23.09,-0.0300000000000011,-0.13,206415.84,495830.426,20240816,20240816.0
2024-08-19,600887.SH,23.03,23.44,22.92,22.94,23.06,-0.1199999999999974,-0.52,370657.69,892703.795,20240819,20240819.0
2024-08-20,600887.SH,22.98,23.0,22.47,22.59,22.94,-0.3500000000000014,-1.53,447514.96,1056628.834,20240820,20240820.0
2024-08-21,600887.SH,22.57,22.62,22.43,22.45,22.59,-0.1400000000000005,-0.62,253674.34,595369.846,20240821,20240821.0
2024-08-22,600887.SH,22.55,22.66,22.07,22.1,22.45,-0.3499999999999978,-1.56,452319.95,1046727.79,20240822,20240822.0
2024-08-23,600887.SH,22.02,22.34,21.98,22.25,22.1,0.1499999999999985,0.68,329226.9,761551.258,20240823,20240823.0
2024-08-26,600887.SH,22.24,22.3,21.84,21.92,22.25,-0.3299999999999983,-1.48,387365.35,886419.373,20240826,20240826.0
2024-08-27,600887.SH,21.91,21.96,21.6,21.73,21.92,-0.1900000000000012,-0.87,328857.35,745753.683,20240827,20240827.0
2024-08-28,600887.SH,21.69,21.77,21.17,21.35,21.73,-0.379999999999999,-1.75,495997.52,1104543.463,20240828,20240828.0
2024-08-29,600887.SH,21.17,21.99,21.15,21.95,21.35,0.5999999999999979,2.81,530974.32,1199528.767,20240829,20240829.0
2024-08-30,600887.SH,20.73,21.96,20.61,21.72,21.95,-0.2300000000000004,-1.05,1552605.08,3451710.685,20240830,20240830.0
2024-09-02,600887.SH,21.45,21.5,20.68,20.77,21.72,-0.9499999999999992,-4.37,973302.48,2120673.63,20240902,20240902.0
2024-09-03,600887.SH,20.78,21.37,20.66,21.31,20.77,0.5399999999999991,2.6,760375.05,1677426.338,20240903,20240903.0
2024-09-04,600887.SH,21.26,21.41,21.04,21.27,21.31,-0.0399999999999991,-0.19,361875.06,800934.508,20240904,20240904.0
2024-09-05,600887.SH,21.23,21.66,21.23,21.61,21.27,0.3399999999999998,1.6,395707.29,887967.424,20240905,20240905.0
2024-09-06,600887.SH,21.61,21.74,21.36,21.36,21.61,-0.25,-1.16,259589.69,583603.338,20240906,20240906.0
2024-09-09,600887.SH,21.45,21.65,21.09,21.18,21.36,-0.1799999999999997,-0.84,373111.52,829022.938,20240909,20240909.0
2024-09-10,600887.SH,21.17,21.28,20.95,21.06,21.18,-0.120000000000001,-0.57,298107.65,654270.858,20240910,20240910.0
2024-09-11,600887.SH,21.0,21.39,20.82,21.33,21.06,0.2699999999999996,1.28,324734.34,716427.011,20240911,20240911.0
2024-09-12,600887.SH,21.3,21.44,20.95,20.98,21.33,-0.3499999999999978,-1.64,339969.57,747740.421,20240912,20240912.0
2024-09-13,600887.SH,20.9,20.97,20.46,20.7,20.98,-0.2800000000000011,-1.33,435291.32,939714.459,20240913,20240913.0
2024-09-18,600887.SH,20.63,20.72,20.4,20.51,20.7,-0.1899999999999977,-0.92,354342.22,757068.257,20240918,20240918.0
2024-09-19,600887.SH,20.57,21.37,20.28,21.15,20.51,0.639999999999997,3.12,728523.46,1593695.898,20240919,20240919.0
2024-09-20,600887.SH,21.11,21.21,20.88,21.09,21.15,-0.0599999999999987,-0.28,376873.11,826592.134,20240920,20240920.0
2024-09-23,600887.SH,21.09,21.48,20.96,21.01,21.09,-0.0799999999999983,-0.38,358479.23,789265.521,20240923,20240923.0
2024-09-24,600887.SH,21.4,22.35,21.14,22.31,21.01,1.2999999999999972,6.19,1114738.52,2536855.996,20240924,20240924.0
2024-09-25,600887.SH,22.74,23.08,22.54,22.58,22.31,0.2699999999999996,1.21,989513.81,2352471.099,20240925,20240925.0
2024-09-26,600887.SH,22.74,24.55,22.6,24.49,22.58,1.91,8.46,1545432.71,3809822.354,20240926,20240926.0
2024-09-27,600887.SH,25.75,26.68,25.59,26.49,24.49,2.0,8.17,1615216.11,4391935.722,20240927,20240927.0
2024-09-30,600887.SH,27.68,28.39,26.82,27.9,26.49,1.41,5.32,2541173.43,7332486.231,20240930,20240930.0
2024-10-08,600887.SH,30.67,30.67,27.05,27.79,27.9,-0.1099999999999994,-0.39,2820994.27,8429937.689,20241008,20241008.0
2024-10-09,600887.SH,27.35,27.35,25.46,25.46,27.79,-2.3299999999999983,-8.38,1710974.55,4674619.614,20241009,20241009.0
2024-10-10,600887.SH,25.53,27.33,25.53,26.5,25.46,1.0399999999999991,4.08,1406257.22,3877380.251,20241010,20241010.0
2024-10-11,600887.SH,26.51,26.94,25.91,26.25,26.5,-0.25,-0.94,837167.4,2298560.853,20241011,20241011.0
2024-10-14,600887.SH,26.22,26.38,25.54,26.25,26.25,0.0,0.0,864514.89,2341744.7,20241014,20241014.0
2024-10-15,600887.SH,26.1,26.24,25.43,25.43,26.25,-0.8200000000000003,-3.12,663053.44,1783806.829,20241015,20241015.0
2024-10-16,600887.SH,25.13,25.45,24.96,25.09,25.43,-0.3399999999999998,-1.34,464365.95,1216279.461,20241016,20241016.0
2024-10-17,600887.SH,25.27,25.27,24.49,24.49,25.09,-0.6000000000000014,-2.39,589594.84,1524279.967,20241017,20241017.0
2024-10-18,600887.SH,24.45,25.75,24.26,25.33,24.49,0.8399999999999999,3.43,911645.66,2368669.233,20241018,20241018.0
2024-10-21,600887.SH,25.41,25.6,24.96,25.15,25.33,-0.1799999999999997,-0.71,687125.57,1807485.236,20241021,20241021.0
2024-10-22,600887.SH,25.11,25.76,25.06,25.54,25.15,0.3900000000000005,1.55,607181.14,1615103.358,20241022,20241022.0
2024-10-23,600887.SH,25.59,26.22,25.38,25.92,25.54,0.3800000000000025,1.49,691592.18,1867628.771,20241023,20241023.0
2024-10-24,600887.SH,25.78,25.9,25.33,25.45,25.92,-0.4700000000000024,-1.81,387220.63,1032349.699,20241024,20241024.0
2024-10-25,600887.SH,25.38,25.86,25.33,25.6,25.45,0.1500000000000021,0.59,390398.88,1042302.998,20241025,20241025.0
2024-10-28,600887.SH,25.65,26.11,25.48,26.02,25.6,0.4199999999999981,1.64,521720.36,1408393.953,20241028,20241028.0
2024-10-29,600887.SH,26.22,26.45,25.43,25.45,26.02,-0.5700000000000003,-2.19,620250.02,1668840.398,20241029,20241029.0
2024-10-30,600887.SH,25.4,25.65,25.23,25.37,25.45,-0.0799999999999983,-0.31,406939.93,1077302.199,20241030,20241030.0
2024-10-31,600887.SH,26.15,27.0,26.15,26.78,25.37,1.41,5.56,1642947.61,4579555.241,20241031,20241031.0
2024-11-01,600887.SH,26.65,27.35,26.54,27.16,26.78,0.379999999999999,1.42,1078804.35,3042767.41,20241101,20241101.0
2024-11-04,600887.SH,27.26,27.69,27.12,27.67,27.16,0.5100000000000016,1.88,806828.8,2309876.407,20241104,20241104.0
2024-11-05,600887.SH,27.44,27.91,27.39,27.9,27.67,0.2299999999999968,0.83,771611.37,2227089.575,20241105,20241105.0
2024-11-06,600887.SH,27.86,28.07,27.46,27.73,27.9,-0.1699999999999981,-0.61,645772.12,1869608.891,20241106,20241106.0
2024-11-07,600887.SH,27.69,28.98,27.61,28.98,27.73,1.25,4.51,1129916.85,3365729.277,20241107,20241107.0
2024-11-08,600887.SH,29.1,29.24,28.48,28.91,28.98,-0.0700000000000002,-0.24,803483.32,2413508.867,20241108,20241108.0
2024-11-11,600887.SH,28.41,28.87,28.11,28.8,28.91,-0.1099999999999994,-0.38,608347.85,1807909.782,20241111,20241111.0
2024-11-12,600887.SH,28.69,29.25,28.45,28.6,28.8,-0.1999999999999993,-0.69,593731.85,1784851.123,20241112,20241112.0
2024-11-13,600887.SH,28.5,29.03,28.31,28.8,28.6,0.1999999999999993,0.7,525447.27,1574041.406,20241113,20241113.0
2024-11-14,600887.SH,28.7,28.93,28.39,28.41,28.8,-0.3900000000000005,-1.35,440354.78,1315695.899,20241114,20241114.0
2024-11-15,600887.SH,28.38,28.74,28.05,28.11,28.41,-0.3000000000000007,-1.06,482750.45,1429803.457,20241115,20241115.0
2024-11-18,600887.SH,28.11,28.36,27.69,27.81,28.11,-0.3000000000000007,-1.07,400261.69,1170735.839,20241118,20241118.0
2024-11-19,600887.SH,27.7,28.04,27.25,27.7,27.81,-0.1099999999999994,-0.4,415587.75,1195941.448,20241119,20241119.0
2024-11-20,600887.SH,27.73,28.02,27.47,27.87,27.7,0.1700000000000017,0.61,286531.24,830306.989,20241120,20241120.0
2024-11-21,600887.SH,27.74,28.1,27.73,27.99,27.87,0.1199999999999974,0.43,239625.33,696695.953,20241121,20241121.0
2024-11-22,600887.SH,27.99,28.02,27.21,27.25,27.99,-0.7399999999999984,-2.64,292499.07,841696.294,20241122,20241122.0
2024-11-25,600887.SH,27.25,27.52,27.03,27.08,27.25,-0.1700000000000017,-0.62,410986.29,1165494.151,20241125,20241125.0
2024-11-26,600887.SH,27.14,27.73,27.03,27.42,27.08,0.3400000000000034,1.26,341083.79,976009.665,20241126,20241126.0
2024-11-27,600887.SH,27.35,27.81,27.25,27.7,27.42,0.2799999999999976,1.02,302227.19,869636.266,20241127,20241127.0
2024-11-28,600887.SH,27.71,27.8,27.24,27.36,27.7,-0.3399999999999998,-1.23,286014.41,819510.966,20241128,20241128.0
2024-11-29,600887.SH,27.4,27.83,27.27,27.43,27.36,0.0700000000000002,0.26,336322.14,964361.679,20241129,20241129.0
2024-12-02,600887.SH,27.37,28.0,27.33,27.66,27.43,0.2300000000000004,0.84,439897.46,1271036.463,20241202,20241202.0
2024-12-03,600887.SH,27.66,28.15,27.4,28.08,27.66,0.4199999999999981,1.52,455112.76,1320226.238,20241203,20241203.0
2024-12-04,600887.SH,27.97,28.07,27.66,27.93,28.08,-0.1499999999999985,-0.53,311428.5,904206.041,20241204,20241204.0
2024-12-05,600887.SH,27.68,27.91,27.6,27.67,27.93,-0.259999999999998,-0.93,268887.0,777508.596,20241205,20241205.0
2024-12-06,600887.SH,27.67,28.17,27.62,28.06,27.67,0.389999999999997,1.41,409298.46,1193668.609,20241206,20241206.0
2024-12-09,600887.SH,28.04,28.08,27.43,27.66,28.06,-0.3999999999999986,-1.43,527478.86,1521343.01,20241209,20241209.0
2024-12-10,600887.SH,28.31,28.88,28.21,28.33,27.66,0.6699999999999982,2.42,807718.9,2405124.343,20241210,20241210.0
2024-12-11,600887.SH,28.23,28.79,28.18,28.57,28.33,0.240000000000002,0.85,474342.51,1413712.57,20241211,20241211.0
2024-12-12,600887.SH,28.54,29.04,28.38,29.01,28.57,0.4400000000000013,1.54,681992.14,2046852.046,20241212,20241212.0
2024-12-13,600887.SH,28.79,28.79,28.0,28.07,29.01,-0.9400000000000012,-3.24,832447.04,2452775.495,20241213,20241213.0
2024-12-16,600887.SH,28.14,28.3,27.72,28.02,28.07,-0.0500000000000007,-0.18,431344.19,1255833.008,20241216,20241216.0
2024-12-17,600887.SH,27.91,28.64,27.76,28.41,28.02,0.3900000000000005,1.39,472012.09,1395576.372,20241217,20241217.0
2024-12-18,600887.SH,28.54,28.66,28.31,28.41,28.41,0.0,0.0,280366.26,832421.363,20241218,20241218.0
2024-12-19,600887.SH,28.33,28.53,28.07,28.18,28.41,-0.2300000000000004,-0.81,275581.03,811755.396,20241219,20241219.0
2024-12-20,600887.SH,28.29,28.37,27.95,28.02,28.18,-0.1600000000000001,-0.57,296708.29,869402.808,20241220,20241220.0
2024-12-23,600887.SH,27.92,28.6,27.88,28.4,28.02,0.379999999999999,1.36,439427.82,1301645.497,20241223,20241223.0
2024-12-24,600887.SH,28.32,28.92,28.32,28.88,28.4,0.4800000000000004,1.69,480188.16,1436314.608,20241224,20241224.0
2024-12-25,600887.SH,28.88,28.95,28.62,28.72,28.88,-0.1600000000000001,-0.55,320484.33,960151.014,20241225,20241225.0
2024-12-26,600887.SH,28.72,28.83,28.59,28.76,28.72,0.0400000000000027,0.14,272727.09,815551.813,20241226,20241226.0
2024-12-27,600887.SH,28.75,28.99,28.55,28.93,28.76,0.1699999999999981,0.59,386790.79,1161393.948,20241227,20241227.0
2024-12-30,600887.SH,28.79,29.08,28.69,28.86,28.93,-0.0700000000000002,-0.24,338462.35,1018665.822,20241230,20241230.0
2024-12-31,600887.SH,28.77,29.41,28.75,28.96,28.86,0.1000000000000014,0.35,677721.17,2063323.533,20241231,20241231.0
2025-01-02,600887.SH,28.88,29.25,28.17,28.37,28.96,-0.5899999999999999,-2.04,545479.78,1631435.516,20250102,20250102.0
2025-01-03,600887.SH,28.31,28.53,28.02,28.12,28.37,-0.25,-0.88,409097.46,1206201.912,20250103,20250103.0
2025-01-06,600887.SH,28.07,28.19,27.64,27.87,28.12,-0.25,-0.89,379349.01,1102617.592,20250106,20250106.0
2025-01-07,600887.SH,27.68,27.99,27.59,27.71,27.87,-0.1600000000000001,-0.57,318904.33,923011.914,20250107,20250107.0
2025-01-08,600887.SH,27.78,28.26,27.41,27.97,27.71,0.259999999999998,0.94,399560.94,1162978.649,20250108,20250108.0
2025-01-09,600887.SH,27.83,28.26,27.64,27.79,27.97,-0.1799999999999997,-0.64,289976.38,842923.378,20250109,20250109.0
2025-01-10,600887.SH,27.79,27.91,27.38,27.38,27.79,-0.4100000000000001,-1.48,311666.35,896971.215,20250110,20250110.0
2025-01-13,600887.SH,27.29,27.67,27.12,27.3,27.38,-0.0799999999999983,-0.29,302015.33,859053.968,20250113,20250113.0
2025-01-14,600887.SH,27.24,27.78,27.07,27.49,27.3,0.1899999999999977,0.7,375231.32,1074224.813,20250114,20250114.0
2025-01-15,600887.SH,27.54,27.67,27.23,27.31,27.49,-0.1799999999999997,-0.65,268840.92,767044.979,20250115,20250115.0
2025-01-16,600887.SH,27.42,27.52,27.09,27.19,27.31,-0.1199999999999974,-0.44,309146.04,877585.764,20250116,20250116.0
2025-01-17,600887.SH,27.04,27.43,26.93,27.25,27.19,0.0599999999999987,0.22,247486.51,703089.985,20250117,20250117.0
2025-01-20,600887.SH,27.46,27.62,26.68,26.68,27.25,-0.5700000000000003,-2.09,497796.48,1403726.743,20250120,20250120.0
2025-01-21,600887.SH,26.71,26.76,26.01,26.46,26.68,-0.2199999999999988,-0.82,533721.2,1466001.038,20250121,20250121.0
2025-01-22,600887.SH,26.38,26.49,26.05,26.29,26.46,-0.1700000000000017,-0.64,376746.62,1029930.692,20250122,20250122.0
2025-01-23,600887.SH,26.44,26.77,26.2,26.45,26.29,0.1600000000000001,0.61,321698.39,888327.137,20250123,20250123.0
2025-01-24,600887.SH,26.37,26.74,26.29,26.48,26.45,0.0300000000000011,0.11,354639.95,978956.439,20250124,20250124.0
2025-01-27,600887.SH,26.48,26.92,26.48,26.71,26.48,0.2300000000000004,0.87,478032.8,1334632.188,20250127,20250127.0
2025-02-05,600887.SH,26.6,26.72,25.77,25.77,26.71,-0.9400000000000012,-3.52,586418.24,1590015.006,20250205,20250205.0
2025-02-06,600887.SH,25.76,26.11,25.73,25.96,25.77,0.1900000000000012,0.74,351932.62,949910.829,20250206,20250206.0
2025-02-07,600887.SH,25.98,26.42,25.77,26.21,25.96,0.25,0.96,421352.07,1148270.317,20250207,20250207.0
2025-02-10,600887.SH,26.22,26.25,25.77,26.03,26.21,-0.1799999999999997,-0.69,563163.53,1523279.283,20250210,20250210.0
2025-02-11,600887.SH,26.05,26.11,25.79,25.86,26.03,-0.1700000000000017,-0.65,351310.73,947584.88,20250211,20250211.0
2025-02-12,600887.SH,25.8,26.1,25.74,26.04,25.86,0.1799999999999997,0.7,328970.65,887956.89,20250212,20250212.0
2025-02-13,600887.SH,26.04,26.66,25.99,26.39,26.04,0.3500000000000014,1.34,644816.38,1770183.935,20250213,20250213.0
2025-02-14,600887.SH,26.34,26.68,26.29,26.5,26.39,0.1099999999999994,0.42,354884.28,977550.8,20250214,20250214.0
2025-02-17,600887.SH,26.5,26.53,26.13,26.32,26.5,-0.1799999999999997,-0.68,471935.49,1292072.249,20250217,20250217.0
2025-02-18,600887.SH,26.28,26.56,26.11,26.16,26.32,-0.1600000000000001,-0.61,460177.95,1263058.978,20250218,20250218.0
2025-02-19,600887.SH,26.2,27.04,26.17,26.96,26.16,0.8000000000000007,3.06,697610.41,1946975.961,20250219,20250219.0
2025-02-20,600887.SH,26.87,27.04,26.58,26.71,26.96,-0.25,-0.93,363778.83,1014461.6,20250220,20250220.0
2025-02-21,600887.SH,26.75,26.94,26.45,26.57,26.71,-0.1400000000000005,-0.52,428322.93,1185932.735,20250221,20250221.0
2025-02-24,600887.SH,26.57,26.68,26.33,26.41,26.57,-0.1600000000000001,-0.6,521101.06,1436331.869,20250224,20250224.0
2025-02-25,600887.SH,26.31,26.37,26.1,26.25,26.41,-0.1600000000000001,-0.61,402740.76,1100894.641,20250225,20250225.0
2025-02-26,600887.SH,26.21,26.41,26.12,26.32,26.25,0.0700000000000002,0.27,355945.3,973228.614,20250226,20250226.0
2025-02-27,600887.SH,26.38,27.15,26.3,27.06,26.32,0.7399999999999984,2.81,784441.85,2195583.799,20250227,20250227.0
2025-02-28,600887.SH,27.02,27.68,26.97,27.14,27.06,0.0800000000000018,0.3,725758.19,2065747.063,20250228,20250228.0
2025-03-03,600887.SH,27.16,27.33,26.68,26.77,27.14,-0.370000000000001,-1.36,513233.84,1440304.081,20250303,20250303.0
2025-03-04,600887.SH,26.68,26.76,26.45,26.65,26.77,-0.120000000000001,-0.45,316948.73,878026.48,20250304,20250304.0
2025-03-05,600887.SH,26.64,26.8,26.41,26.67,26.65,0.0200000000000031,0.08,366172.16,1014961.789,20250305,20250305.0
2025-03-06,600887.SH,26.7,26.95,26.49,26.86,26.67,0.1899999999999977,0.71,439776.37,1224383.021,20250306,20250306.0
2025-03-07,600887.SH,26.75,26.85,26.24,26.63,26.86,-0.2300000000000004,-0.86,680935.56,1882186.49,20250307,20250307.0
2025-03-10,600887.SH,26.53,26.68,26.19,26.26,26.63,-0.3699999999999974,-1.39,495880.74,1359053.615,20250310,20250310.0
2025-03-11,600887.SH,26.1,26.52,26.05,26.52,26.26,0.259999999999998,0.99,428619.12,1175164.527,20250311,20250311.0
2025-03-12,600887.SH,26.52,26.68,26.29,26.29,26.52,-0.2300000000000004,-0.87,329646.7,907079.707,20250312,20250312.0
2025-03-13,600887.SH,26.39,26.68,26.25,26.28,26.29,-0.009999999999998,-0.04,386421.51,1063456.595,20250313,20250313.0
2025-03-14,600887.SH,26.77,28.78,26.77,28.55,26.28,2.27,8.64,1920893.53,5578815.616,20250314,20250314.0
2025-03-17,600887.SH,28.79,28.87,27.75,27.93,28.55,-0.620000000000001,-2.17,1152614.91,3376136.844,20250317,20250317.0
2025-03-18,600887.SH,27.97,28.09,27.56,27.65,27.93,-0.2800000000000011,-1.0,537934.45,1553625.184,20250318,20250318.0
2025-03-19,600887.SH,27.65,27.78,27.44,27.48,27.65,-0.1699999999999981,-0.61,403704.4,1158983.905,20250319,20250319.0
2025-03-20,600887.SH,27.55,27.68,27.18,27.19,27.48,-0.2899999999999991,-1.06,463459.05,1317971.944,20250320,20250320.0
2025-03-21,600887.SH,27.2,27.38,26.55,26.55,27.19,-0.6400000000000006,-2.35,694402.0,1948893.59,20250321,20250321.0
2025-03-24,600887.SH,26.77,27.25,26.66,26.88,26.55,0.3299999999999983,1.24,499927.69,1398365.164,20250324,20250324.0
2025-03-25,600887.SH,26.89,27.24,26.69,27.23,26.88,0.3500000000000014,1.3,341808.33,962308.584,20250325,20250325.0
2025-03-26,600887.SH,27.09,27.23,27.03,27.14,27.23,-0.0899999999999998,-0.33,245323.91,693784.305,20250326,20250326.0
2025-03-27,600887.SH,27.13,27.41,27.07,27.26,27.14,0.120000000000001,0.44,304122.26,863216.602,20250327,20250327.0
2025-03-28,600887.SH,27.25,27.38,27.05,27.08,27.26,-0.1800000000000032,-0.66,223557.41,633100.314,20250328,20250328.0
2025-03-31,600887.SH,26.97,27.4,26.84,26.95,27.08,-0.129999999999999,-0.48,364562.17,1029151.997,20250331,20250331.0
2025-04-01,600887.SH,26.96,27.1,26.8,26.94,26.95,-0.009999999999998,-0.04,285070.54,799680.206,20250401,20250401.0
2025-04-02,600887.SH,26.96,27.15,26.68,26.72,26.94,-0.2200000000000024,-0.82,265933.99,743679.759,20250402,20250402.0
2025-04-03,600887.SH,26.58,27.2,26.58,27.15,26.72,0.4299999999999997,1.61,433315.53,1220247.54,20250403,20250403.0
2025-04-07,600887.SH,26.4,27.43,25.57,26.48,27.15,-0.6699999999999982,-2.47,1115799.48,3074727.586,20250407,20250407.0
2025-04-08,600887.SH,26.47,27.57,26.04,27.57,26.48,1.09,4.12,1132042.46,3191082.697,20250408,20250408.0
2025-04-09,600887.SH,27.34,28.39,27.11,28.34,27.57,0.7699999999999996,2.79,1166671.72,3392535.76,20250409,20250409.0
2025-04-10,600887.SH,28.71,28.71,27.91,28.48,28.34,0.1400000000000005,0.49,808599.7,2387476.607,20250410,20250410.0
2025-04-11,600887.SH,28.62,28.63,27.79,28.07,28.48,-0.4100000000000001,-1.44,543512.14,1587840.361,20250411,20250411.0
2025-04-14,600887.SH,27.93,28.22,27.75,28.13,28.07,0.0599999999999987,0.21,355639.9,1040584.963,20250414,20250414.0
2025-04-15,600887.SH,28.15,28.6,27.94,28.19,28.13,0.0600000000000022,0.21,414990.74,1221996.934,20250415,20250415.0
2025-04-16,600887.SH,28.29,28.54,27.98,28.5,28.19,0.3099999999999987,1.1,483612.22,1427081.633,20250416,20250416.0
2025-04-17,600887.SH,28.31,28.55,28.04,28.48,28.5,-0.0199999999999995,-0.07,305879.13,903937.348,20250417,20250417.0
2025-04-18,600887.SH,28.53,28.53,28.07,28.41,28.48,-0.0700000000000002,-0.25,270780.63,797138.358,20250418,20250418.0
2025-04-21,600887.SH,28.2,28.3,27.87,27.91,28.41,-0.5,-1.76,318455.28,929093.196,20250421,20250421.0
2025-04-22,600887.SH,27.85,28.06,27.75,27.76,27.91,-0.1499999999999985,-0.54,311869.28,905515.177,20250422,20250422.0
2025-04-23,600887.SH,27.9,27.99,27.73,27.83,27.76,0.0699999999999967,0.25,239194.68,693847.869,20250423,20250423.0
2025-04-24,600887.SH,27.85,28.1,27.76,27.96,27.83,0.1300000000000025,0.47,219211.53,638896.402,20250424,20250424.0
2025-04-25,600887.SH,27.9,28.13,27.73,27.8,27.96,-0.1600000000000001,-0.57,227293.01,660325.46,20250425,20250425.0
2025-04-28,600887.SH,27.71,27.79,27.31,27.44,27.8,-0.3599999999999994,-1.29,305736.04,876864.392,20250428,20250428.0
2025-04-29,600887.SH,27.43,27.68,27.31,27.63,27.44,0.1899999999999977,0.69,232171.15,666614.507,20250429,20250429.0
2025-04-30,600887.SH,28.36,28.96,28.17,28.56,27.63,0.9299999999999996,3.37,1054811.4,3149928.154,20250430,20250430.0
2025-05-06,600887.SH,28.71,28.72,28.26,28.5,28.56,-0.0599999999999987,-0.21,463520.76,1375445.684,20250506,20250506.0
2025-05-07,600887.SH,29.17,29.2,28.28,28.39,28.5,-0.1099999999999994,-0.39,403636.7,1199413.927,20250507,20250507.0
2025-05-08,600887.SH,28.33,28.6,28.28,28.35,28.39,-0.0399999999999991,-0.14,227674.62,674475.467,20250508,20250508.0
2025-05-09,600887.SH,28.35,28.56,28.31,28.33,28.35,-0.0200000000000031,-0.07,229653.3,679972.792,20250509,20250509.0
2025-05-12,600887.SH,28.35,28.68,28.12,28.63,28.33,0.3000000000000007,1.06,334221.74,992693.155,20250512,20250512.0
2025-05-13,600887.SH,28.63,28.76,28.49,28.55,28.63,-0.0799999999999983,-0.28,305081.73,910594.922,20250513,20250513.0
2025-05-14,600887.SH,28.48,28.86,28.33,28.74,28.55,0.1899999999999977,0.67,349267.69,1041839.567,20250514,20250514.0
2025-05-15,600887.SH,28.67,29.0,28.49,28.86,28.74,0.120000000000001,0.42,377622.45,1131904.026,20250515,20250515.0
2025-05-16,600887.SH,28.79,28.89,28.39,28.78,28.86,-0.0799999999999983,-0.28,354646.04,1057207.202,20250516,20250516.0
2025-05-19,600887.SH,28.69,28.97,28.59,28.73,28.78,-0.0500000000000007,-0.17,224493.69,672202.618,20250519,20250519.0
2025-05-20,600887.SH,28.76,29.61,28.67,29.36,28.73,0.629999999999999,2.19,500705.34,1526800.242,20250520,20250520.0
2025-05-21,600887.SH,29.32,29.69,29.08,29.17,29.36,-0.1899999999999977,-0.65,279728.57,853439.564,20250521,20250521.0
2025-05-22,600887.SH,29.12,29.46,29.05,29.33,29.17,0.1599999999999966,0.55,264714.14,807401.016,20250522,20250522.0
2025-05-23,600887.SH,29.33,29.83,29.33,29.36,29.33,0.0300000000000011,0.1,387196.33,1194521.713,20250523,20250523.0
2025-05-26,600887.SH,29.38,29.82,29.28,29.54,29.36,0.1799999999999997,0.61,333623.38,1027525.022,20250526,20250526.0
2025-05-27,600887.SH,29.56,29.73,29.39,29.39,29.54,-0.1499999999999985,-0.51,275336.04,846737.322,20250527,20250527.0
2025-05-28,600887.SH,29.41,29.81,29.33,29.73,29.39,0.3399999999999998,1.16,286080.32,884903.079,20250528,20250528.0
2025-05-29,600887.SH,29.73,29.86,29.13,29.18,29.73,-0.5500000000000007,-1.85,345045.89,1056179.342,20250529,20250529.0
2025-05-30,600887.SH,29.18,29.41,29.02,29.08,29.18,-0.1000000000000014,-0.34,273357.04,831558.512,20250530,20250530.0
2025-06-03,600887.SH,28.8,29.42,28.77,29.34,29.08,0.2600000000000015,0.89,342461.81,1041526.254,20250603,20250603.0
2025-06-04,600887.SH,29.32,29.48,29.23,29.35,29.34,0.0100000000000015,0.03,216489.98,662105.513,20250604,20250604.0
2025-06-05,600887.SH,29.4,29.57,28.93,28.98,29.35,-0.370000000000001,-1.26,342896.01,1042943.935,20250605,20250605.0
2025-06-06,600887.SH,29.08,29.1,28.6,28.66,28.98,-0.3200000000000003,-1.1,429283.03,1237523.224,20250606,20250606.0
2025-06-09,600887.SH,28.76,28.94,28.63,28.8,28.66,0.1400000000000005,0.49,340779.05,981431.619,20250609,20250609.0
2025-06-10,600887.SH,28.91,29.24,28.51,28.55,28.8,-0.25,-0.87,345266.46,994929.489,20250610,20250610.0
2025-06-11,600887.SH,28.55,28.69,28.44,28.44,28.55,-0.1099999999999994,-0.39,276774.15,789620.181,20250611,20250611.0
2025-06-12,600887.SH,28.45,28.48,28.1,28.21,28.44,-0.2300000000000004,-0.81,334924.64,944123.813,20250612,20250612.0
2025-06-13,600887.SH,28.2,28.27,27.8,28.0,28.21,-0.2100000000000008,-0.74,479372.37,1342365.832,20250613,20250613.0
2025-06-16,600887.SH,28.0,28.27,27.79,28.06,28.0,0.0599999999999987,0.21,347822.72,975897.616,20250616,20250616.0
2025-06-17,600887.SH,28.07,28.2,27.86,28.07,28.06,0.0100000000000015,0.04,273613.19,767277.518,20250617,20250617.0
2025-06-18,600887.SH,28.15,28.54,27.92,27.92,28.07,-0.1499999999999985,-0.53,400150.94,1128026.074,20250618,20250618.0
2025-06-19,600887.SH,27.9,28.04,27.68,27.71,27.92,-0.2100000000000008,-0.75,258849.15,719738.416,20250619,20250619.0
2025-06-20,600887.SH,27.71,28.13,27.71,27.92,27.71,0.2100000000000008,0.76,336375.93,940815.299,20250620,20250620.0
2025-06-23,600887.SH,27.79,27.89,27.4,27.57,27.92,-0.3500000000000014,-1.25,347708.43,959933.701,20250623,20250623.0
2025-06-24,600887.SH,27.62,27.9,27.6,27.67,27.57,0.1000000000000014,0.36,372451.3,1032288.019,20250624,20250624.0
2025-06-25,600887.SH,27.76,27.79,27.52,27.77,27.67,0.0999999999999978,0.36,372866.29,1031734.241,20250625,20250625.0
2025-06-26,600887.SH,27.79,28.14,27.75,28.0,27.77,0.2300000000000004,0.83,445496.77,1246366.128,20250626,20250626.0
2025-06-27,600887.SH,27.95,28.24,27.79,27.92,28.0,-0.0799999999999983,-0.29,342760.6,959162.608,20250627,20250627.0
2025-06-30,600887.SH,27.99,28.04,27.8,27.88,27.92,-0.0400000000000027,-0.14,294848.74,821943.961,20250630,20250630.0
2025-07-01,600887.SH,27.86,27.86,27.6,27.67,27.88,-0.2099999999999973,-0.75,335129.38,927316.668,20250701,20250701.0
2025-07-02,600887.SH,27.74,27.92,27.56,27.81,27.67,0.139999999999997,0.51,467449.65,1297460.482,20250702,20250702.0
2025-07-03,600887.SH,27.81,27.83,27.64,27.75,27.81,-0.0599999999999987,-0.22,259288.28,718400.832,20250703,20250703.0
2025-07-04,600887.SH,27.74,27.9,27.65,27.77,27.75,0.0199999999999995,0.07,287417.05,798463.929,20250704,20250704.0
2025-07-07,600887.SH,27.75,27.77,27.19,27.37,27.77,-0.3999999999999986,-1.44,534659.15,1465796.545,20250707,20250707.0
2025-07-08,600887.SH,27.35,27.6,27.27,27.49,27.37,0.1199999999999974,0.44,312889.34,859934.216,20250708,20250708.0
2025-07-09,600887.SH,27.49,27.99,27.45,27.69,27.49,0.2000000000000028,0.73,482633.05,1342833.361,20250709,20250709.0
2025-07-10,600887.SH,27.69,27.96,27.64,27.66,27.69,-0.0300000000000011,-0.11,373409.91,1036277.367,20250710,20250710.0
2025-07-11,600887.SH,27.67,27.95,27.66,27.69,27.66,0.0300000000000011,0.11,467555.74,1299838.473,20250711,20250711.0
2025-07-14,600887.SH,27.7,27.73,27.44,27.49,27.69,-0.2000000000000028,-0.72,449659.32,1237562.2,20250714,20250714.0
2025-07-15,600887.SH,27.49,27.61,27.26,27.38,27.49,-0.1099999999999994,-0.4,364970.3,999638.872,20250715,20250715.0
2025-07-16,600887.SH,27.39,27.68,27.38,27.52,27.38,0.1400000000000005,0.51,337587.39,929227.537,20250716,20250716.0
2025-07-17,600887.SH,27.54,28.16,27.51,28.1,27.52,0.5800000000000018,2.11,597872.88,1668797.44,20250717,20250717.0
2025-07-18,600887.SH,28.12,28.23,27.88,28.07,28.1,-0.0300000000000011,-0.11,335659.27,940587.764,20250718,20250718.0
2025-07-21,600887.SH,28.08,28.21,27.98,28.19,28.07,0.120000000000001,0.43,319424.51,897556.154,20250721,20250721.0
2025-07-22,600887.SH,28.22,28.42,28.12,28.37,28.19,0.1799999999999997,0.64,386782.67,1095139.001,20250722,20250722.0
2025-07-23,600887.SH,28.42,28.54,28.25,28.29,28.37,-0.0800000000000018,-0.28,356905.39,1012987.185,20250723,20250723.0
2025-07-24,600887.SH,28.29,28.34,28.13,28.24,28.29,-0.0500000000000007,-0.18,360050.76,1015874.052,20250724,20250724.0
2025-07-25,600887.SH,28.2,28.2,27.81,27.83,28.24,-0.4100000000000001,-1.45,443333.59,1239749.487,20250725,20250725.0
2025-07-28,600887.SH,27.84,27.95,27.67,27.73,27.83,-0.0999999999999978,-0.36,413144.84,1147320.824,20250728,20250728.0
2025-07-29,600887.SH,28.2,28.39,27.41,27.52,27.73,-0.2100000000000008,-0.76,1188984.73,3291479.316,20250729,20250729.0
2025-07-30,600887.SH,27.39,28.04,27.38,27.88,27.52,0.3599999999999994,1.31,781534.9,2173517.142,20250730,20250730.0
2025-07-31,600887.SH,27.82,27.82,27.38,27.41,27.88,-0.4699999999999988,-1.69,528616.7,1454311.357,20250731,20250731.0
2025-08-01,600887.SH,27.4,27.55,27.39,27.51,27.41,0.1000000000000014,0.36,347353.58,954195.33,20250801,20250801.0
2025-08-04,600887.SH,27.39,27.49,27.31,27.48,27.51,-0.0300000000000011,-0.11,302352.99,828205.263,20250804,20250804.0
2025-08-05,600887.SH,27.5,27.55,27.36,27.55,27.48,0.0700000000000002,0.25,331782.23,911276.744,20250805,20250805.0
2025-08-06,600887.SH,27.55,27.69,27.48,27.57,27.55,0.0199999999999995,0.07,301320.08,830900.511,20250806,20250806.0
2025-08-07,600887.SH,27.59,27.62,27.46,27.57,27.57,0.0,0.0,303772.95,837202.048,20250807,20250807.0
2025-08-08,600887.SH,27.55,27.55,27.22,27.3,27.57,-0.2699999999999996,-0.98,415787.37,1137063.976,20250808,20250808.0
2025-08-11,600887.SH,27.31,27.6,27.26,27.57,27.3,0.2699999999999996,0.99,392240.87,1077280.578,20250811,20250811.0
2025-08-12,600887.SH,27.57,27.72,27.46,27.47,27.57,-0.1000000000000014,-0.36,312211.46,860552.801,20250812,20250812.0
2025-08-13,600887.SH,27.52,27.68,27.42,27.48,27.47,0.0100000000000015,0.04,435683.21,1197693.411,20250813,20250813.0
2025-08-14,600887.SH,27.5,27.57,27.2,27.2,27.48,-0.2800000000000011,-1.02,560989.15,1536616.438,20250814,20250814.0
2025-08-15,600887.SH,27.2,27.34,26.99,27.16,27.2,-0.0399999999999991,-0.15,593253.56,1611339.273,20250815,20250815.0
2025-08-18,600887.SH,27.19,27.55,27.19,27.2,27.16,0.0399999999999991,0.15,766025.83,2097560.156,20250818,20250818.0
2025-08-19,600887.SH,27.35,27.59,27.2,27.21,27.2,0.0100000000000015,0.04,772282.83,2113799.555,20250819,20250819.0
2025-08-20,600887.SH,27.21,27.51,27.04,27.46,27.21,0.25,0.92,648817.17,1768582.0,20250820,20250820.0
2025-08-21,600887.SH,27.48,27.8,27.4,27.64,27.46,0.1799999999999997,0.66,699106.44,1931938.562,20250821,20250821.0
2025-08-22,600887.SH,27.68,27.7,27.5,27.69,27.64,0.0500000000000007,0.18,511270.44,1410588.146,20250822,20250822.0
2025-08-25,600887.SH,27.76,28.18,27.74,28.17,27.69,0.4800000000000004,1.73,888164.68,2482832.113,20250825,20250825.0
2025-08-26,600887.SH,28.09,28.55,28.02,28.33,28.17,0.1599999999999966,0.57,712899.38,2018922.787,20250826,20250826.0
2025-08-27,600887.SH,28.33,28.36,27.81,27.81,28.33,-0.5199999999999996,-1.84,703930.22,1978250.629,20250827,20250827.0
2025-08-28,600887.SH,27.79,28.0,27.42,27.69,27.81,-0.1199999999999974,-0.43,563423.76,1562134.274,20250828,20250828.0
2025-08-29,600887.SH,28.6,29.5,28.57,28.57,27.69,0.879999999999999,3.18,2112944.73,6115499.114,20250829,20250829.0
2025-09-01,600887.SH,28.55,28.92,28.22,28.27,28.57,-0.3000000000000007,-1.05,1054003.22,3002204.422,20250901,20250901.0
2025-09-02,600887.SH,28.35,28.68,28.2,28.26,28.27,-0.009999999999998,-0.04,678059.16,1923858.149,20250902,20250902.0
2025-09-03,600887.SH,28.44,28.55,27.75,27.91,28.26,-0.3500000000000014,-1.24,733050.98,2049453.849,20250903,20250903.0
2025-09-04,600887.SH,27.91,28.28,27.8,28.16,27.91,0.25,0.9,946315.08,2654747.239,20250904,20250904.0
2025-09-05,600887.SH,28.17,28.24,27.82,28.18,28.16,0.0199999999999995,0.07,551549.98,1546833.903,20250905,20250905.0
2025-09-08,600887.SH,28.13,28.49,28.0,28.21,28.18,0.0300000000000011,0.11,826355.77,2331231.868,20250908,20250908.0
2025-09-09,600887.SH,28.23,28.59,28.12,28.56,28.21,0.3499999999999978,1.24,732602.05,2076480.632,20250909,20250909.0
2025-09-10,600887.SH,28.49,28.58,28.16,28.43,28.56,-0.129999999999999,-0.46,622490.23,1769059.129,20250910,20250910.0
2025-09-11,600887.SH,28.38,28.75,28.37,28.72,28.43,0.2899999999999991,1.02,607933.23,1738182.102,20250911,20250911.0
2025-09-12,600887.SH,28.74,28.93,28.15,28.25,28.72,-0.4699999999999988,-1.64,784848.49,2239297.335,20250912,20250912.0
2025-09-15,600887.SH,28.2,28.52,28.1,28.23,28.25,-0.0199999999999995,-0.07,591253.23,1673303.638,20250915,20250915.0
2025-09-16,600887.SH,28.25,28.31,27.84,28.08,28.23,-0.1500000000000021,-0.53,708253.78,1986247.116,20250916,20250916.0
2025-09-17,600887.SH,28.14,28.38,27.96,28.08,28.08,0.0,0.0,483243.44,1358295.385,20250917,20250917.0
2025-09-18,600887.SH,28.08,28.13,27.66,27.76,28.08,-0.3199999999999967,-1.14,623234.97,1738475.538,20250918,20250918.0
2025-09-19,600887.SH,27.73,27.87,27.58,27.7,27.76,-0.0600000000000022,-0.22,433941.93,1202107.383,20250919,20250919.0
2025-09-22,600887.SH,27.7,27.79,27.44,27.55,27.7,-0.1499999999999985,-0.54,388684.6,1070082.302,20250922,20250922.0
2025-09-23,600887.SH,27.55,27.62,27.21,27.38,27.55,-0.1700000000000017,-0.62,449804.81,1231350.853,20250923,20250923.0
2025-09-24,600887.SH,27.3,27.5,27.26,27.41,27.38,0.0300000000000011,0.11,345352.29,945671.196,20250924,20250924.0
2025-09-25,600887.SH,27.42,27.43,26.92,26.97,27.41,-0.4400000000000013,-1.61,764024.76,2069611.137,20250925,20250925.0
2025-09-26,600887.SH,26.92,27.31,26.8,27.26,26.97,0.2900000000000027,1.08,638754.32,1731050.314,20250926,20250926.0
2025-09-29,600887.SH,27.26,27.35,26.9,27.19,27.26,-0.0700000000000002,-0.26,576591.18,1561655.553,20250929,20250929.0
2025-09-30,600887.SH,27.19,27.43,26.99,27.28,27.19,0.0899999999999998,0.33,505276.46,1377355.384,20250930,20250930.0
2025-10-09,600887.SH,27.16,27.63,26.88,27.63,27.28,0.3499999999999978,1.28,711508.33,1939794.035,20251009,20251009.0
2025-10-10,600887.SH,27.54,28.09,27.46,27.75,27.63,0.120000000000001,0.43,588453.24,1637025.175,20251010,20251010.0
2025-10-13,600887.SH,27.53,27.7,27.39,27.55,27.75,-0.1999999999999993,-0.72,514528.62,1415780.494,20251013,20251013.0
2025-10-14,600887.SH,27.59,27.8,27.36,27.69,27.55,0.1400000000000005,0.51,584775.97,1615165.091,20251014,20251014.0
2025-10-15,600887.SH,27.69,27.79,27.53,27.65,27.69,-0.0400000000000027,-0.14,410816.15,1135528.973,20251015,20251015.0
2025-10-16,600887.SH,27.66,27.95,27.61,27.81,27.65,0.1600000000000001,0.58,368502.28,1024989.227,20251016,20251016.0
2025-10-17,600887.SH,27.81,27.96,27.31,27.35,27.81,-0.4599999999999973,-1.65,429520.0,1185057.313,20251017,20251017.0
2025-10-20,600887.SH,27.4,27.63,27.37,27.47,27.35,0.1199999999999974,0.44,334886.42,920784.094,20251020,20251020.0
2025-10-21,600887.SH,27.47,27.55,27.37,27.41,27.47,-0.0599999999999987,-0.22,321257.61,881806.609,20251021,20251021.0
2025-10-22,600887.SH,27.38,27.46,27.25,27.25,27.41,-0.1600000000000001,-0.58,275168.14,752203.896,20251022,20251022.0
2025-10-23,600887.SH,27.25,27.42,27.13,27.37,27.25,0.120000000000001,0.44,293717.09,800862.127,20251023,20251023.0
2025-10-24,600887.SH,27.37,27.5,27.21,27.28,27.37,-0.0899999999999998,-0.33,329615.97,900051.677,20251024,20251024.0
2025-10-27,600887.SH,27.3,27.5,27.28,27.41,27.28,0.129999999999999,0.48,378477.32,1037542.757,20251027,20251027.0
2025-10-28,600887.SH,27.42,27.48,27.23,27.27,27.41,-0.1400000000000005,-0.51,305259.23,833796.923,20251028,20251028.0
2025-10-29,600887.SH,27.34,27.34,27.11,27.18,27.27,-0.0899999999999998,-0.33,363189.04,986076.668,20251029,20251029.0
2025-10-30,600887.SH,27.15,27.55,27.12,27.36,27.18,0.1799999999999997,0.66,621166.0,1701669.232,20251030,20251030.0
2025-10-31,600887.SH,27.47,27.61,27.3,27.41,27.36,0.0500000000000007,0.18,552298.49,1515292.122,20251031,20251031.0
2025-11-03,600887.SH,27.41,27.54,27.23,27.45,27.41,0.0399999999999991,0.15,428366.55,1173054.889,20251103,20251103.0
2025-11-04,600887.SH,27.42,27.42,27.05,27.07,27.45,-0.379999999999999,-1.38,606485.8,1648553.616,20251104,20251104.0
2025-11-05,600887.SH,27.01,27.32,26.94,27.25,27.07,0.1799999999999997,0.66,449646.46,1221500.605,20251105,20251105.0
2025-11-06,600887.SH,27.2,27.38,27.13,27.22,27.25,-0.0300000000000011,-0.11,314692.31,857926.375,20251106,20251106.0
2025-11-07,600887.SH,27.22,27.32,27.17,27.29,27.22,0.0700000000000002,0.26,260677.46,710309.225,20251107,20251107.0
2025-11-10,600887.SH,27.3,28.35,27.29,28.27,27.29,0.9800000000000004,3.59,1176002.7,3286290.067,20251110,20251110.0
2025-11-11,600887.SH,28.28,28.45,28.08,28.35,28.27,0.0800000000000018,0.28,718208.31,2032845.997,20251111,20251111.0
2025-11-12,600887.SH,28.31,28.75,28.31,28.48,28.35,0.129999999999999,0.46,703551.3,2012767.204,20251112,20251112.0
2025-11-13,600887.SH,28.45,28.6,28.21,28.58,28.48,0.0999999999999978,0.35,510241.26,1449241.871,20251113,20251113.0
2025-11-14,600887.SH,28.57,28.83,28.35,28.35,28.58,-0.2299999999999968,-0.8,409201.48,1169548.535,20251114,20251114.0
2025-11-17,600887.SH,28.34,28.62,28.12,28.57,28.35,0.2199999999999988,0.78,374675.11,1064447.095,20251117,20251117.0
2025-11-18,600887.SH,28.77,29.58,28.77,29.52,28.57,0.9499999999999992,3.33,1303325.63,3831903.904,20251118,20251118.0
2025-11-19,600887.SH,29.59,29.78,29.39,29.58,29.52,0.0599999999999987,0.2,630427.35,1869673.84,20251119,20251119.0
2025-11-20,600887.SH,29.56,29.77,29.36,29.4,29.58,-0.1799999999999997,-0.61,472371.88,1397017.933,20251120,20251120.0
2025-11-21,600887.SH,29.21,29.55,29.0,29.1,29.4,-0.2999999999999971,-1.02,599021.27,1749885.197,20251121,20251121.0
2025-11-24,600887.SH,29.35,29.39,28.88,28.91,29.1,-0.1900000000000012,-0.65,447780.82,1301705.714,20251124,20251124.0
2025-11-25,600887.SH,28.92,29.26,28.75,29.16,28.91,0.25,0.86,407639.05,1184039.231,20251125,20251125.0
2025-11-26,600887.SH,29.1,29.35,28.88,29.18,29.16,0.0199999999999995,0.07,287148.77,835332.535,20251126,20251126.0
2025-11-27,600887.SH,29.2,29.21,28.92,29.05,29.18,-0.129999999999999,-0.45,223025.78,648115.983,20251127,20251127.0
2025-11-28,600887.SH,29.05,29.46,28.97,29.38,29.05,0.3299999999999983,1.14,357201.14,1046624.929,20251128,20251128.0
2025-12-01,600887.SH,29.4,29.56,29.08,29.43,29.38,0.0500000000000007,0.17,379120.06,1111191.935,20251201,20251201.0
2025-12-02,600887.SH,29.47,29.5,29.21,29.35,29.43,-0.0799999999999983,-0.27,244418.02,716507.514,20251202,20251202.0
2025-12-03,600887.SH,29.3,29.43,29.11,29.27,29.35,-0.0800000000000018,-0.27,263715.44,772760.507,20251203,20251203.0
2025-12-04,600887.SH,29.18,29.28,28.94,28.99,29.27,-0.2800000000000011,-0.96,270942.45,787269.79,20251204,20251204.0
2025-12-05,600887.SH,28.99,29.16,28.8,28.92,28.99,-0.0699999999999967,-0.24,263630.35,763707.568,20251205,20251205.0
2025-12-08,600887.SH,28.95,29.15,28.73,28.84,28.92,-0.0800000000000018,-0.28,331706.57,957402.046,20251208,20251208.0
2025-12-09,600887.SH,28.97,29.05,28.64,28.76,28.84,-0.0799999999999983,-0.28,318507.97,917781.063,20251209,20251209.0
2025-12-10,600887.SH,28.7,28.85,28.46,28.56,28.76,-0.2000000000000028,-0.7,260075.81,744375.878,20251210,20251210.0
2025-12-11,600887.SH,28.55,28.62,28.36,28.39,28.56,-0.1699999999999981,-0.6,266282.98,758252.704,20251211,20251211.0
2025-12-12,600887.SH,28.54,28.76,28.33,28.7,28.39,0.3099999999999987,1.09,488631.29,1397348.34,20251212,20251212.0
