date,ts_code,close,open,high,low,pre_close,pct_change,volume,amount,vwap,date,p_change,date.1
2019-12-16,TSLA,381.5,362.55,383.61,362.5,358.39,6.45,18220942.0,6871693009.97,377.13,20191216,6.448282597170683,
2019-12-17,TSLA,378.99,378.99,385.5,375.9,381.5,-0.66,8503774.0,3231261833.54,379.98,20191217,-0.6579292267365638,
2019-12-18,TSLA,393.15,380.63,395.22,380.58,378.99,3.74,14136391.0,5502217561.48,389.22,20191218,3.7362463389535256,
2019-12-19,TSLA,404.04,397.32,406.85,396.5,393.15,2.77,18120309.0,7293756336.56,402.52,20191219,2.769935139259836,
2019-12-20,TSLA,405.59,410.29,413.0,400.19,404.04,0.38,14785208.0,5997372860.08,405.63,20191220,0.38362538362537235,
2019-12-23,TSLA,419.22,411.78,422.01,410.0,405.59,3.36,13332821.0,5583655973.11,418.79,20191223,3.3605365023792633,
2019-12-24,TSLA,425.25,418.36,425.47,412.69,419.22,1.44,8054719.0,3382346865.41,419.92,20191224,1.4383855732073787,
2019-12-26,TSLA,430.94,427.91,433.48,426.35,425.25,1.34,10648290.0,4581088902.26,430.22,20191226,1.3380364491475596,
2019-12-27,TSLA,430.38,435.0,435.31,426.11,430.94,-0.13,9956828.0,4285947777.47,430.45,20191227,-0.12994848470784848,
2019-12-30,TSLA,414.7,428.79,429.0,409.26,430.38,-3.64,12601266.0,5243381868.11,416.1,20191230,-3.6432919745341343,
2019-12-31,TSLA,418.33,405.0,421.29,402.08,414.7,0.88,10292458.0,4290912257.08,416.9,20191231,0.8753315649867364,
2020-12-14,TSLA,639.83,619.0,642.75,610.2,609.99,4.89,52040649.0,32941997785.53,633.01,20201214,4.89188347349957,20201214.0
2020-12-15,TSLA,633.25,643.28,646.9,623.8,639.83,-1.03,45223559.0,28760306746.3,635.96,20201215,-1.028398168263451,20201215.0
2020-12-16,TSLA,622.77,628.23,632.5,605.0,633.25,-1.65,42095813.0,26088551338.45,619.74,20201216,-1.6549545992893833,20201216.0
2020-12-17,TSLA,655.9,628.19,658.82,619.5,622.77,5.32,56270145.0,36133868547.44,642.15,20201217,5.3197809785314,20201217.0
2020-12-18,TSLA,695.0,668.9,695.0,628.54,655.9,5.96,222126190.0,150384204121.82,677.02,20201218,5.961274584540329,20201218.0
2020-12-21,TSLA,649.86,666.24,668.5,646.07,695.0,-6.49,58045266.0,38243243077.35,658.85,20201221,-6.494964028776977,20201221.0
2020-12-22,TSLA,640.34,648.0,649.88,614.23,649.86,-1.46,51861645.0,32736004870.84,631.22,20201222,-1.4649309081956086,20201222.0
2020-12-23,TSLA,645.98,632.2,651.5,622.57,640.34,0.88,33172973.0,21304273076.06,642.22,20201223,0.8807820845175979,20201223.0
2020-12-24,TSLA,661.77,642.99,666.09,641.0,645.98,2.44,22865567.0,15058522267.8,658.57,20201224,2.444348122232881,20201224.0
2020-12-28,TSLA,663.69,674.51,681.4,660.8,661.77,0.29,32278563.0,21621262829.26,669.83,20201228,0.290131012285246,20201228.0
2020-12-29,TSLA,665.99,661.0,669.9,655.0,663.69,0.35,22910813.0,15178905965.87,662.52,20201229,0.3465473338456138,20201229.0
2020-12-30,TSLA,694.78,672.0,696.6,668.36,665.99,4.32,42846020.0,29314115320.61,684.17,20201230,4.322887731047008,20201230.0
2020-12-31,TSLA,705.67,699.99,718.72,691.12,694.78,1.57,49649930.0,35138235054.12,707.72,20201231,1.5674026310486755,20201231.0
2021-01-04,TSLA,729.77,719.46,744.49,717.19,705.67,3.42,48638188.0,35582171588.08,731.57,20210104,3.4151940708829938,20210104.0
2021-01-05,TSLA,735.11,723.66,740.84,719.2,729.77,0.73,32245165.0,23642334583.57,733.21,20210105,0.7317373967140376,20210105.0
2021-01-06,TSLA,755.98,758.49,774.0,749.1,735.11,2.84,44699965.0,34081704662.08,762.45,20210106,2.839030893335692,20210106.0
2021-01-07,TSLA,816.04,777.63,816.99,775.2,755.98,7.94,51498950.0,41190861974.19,799.84,20210107,7.9446546204925985,20210107.0
2021-01-08,TSLA,880.02,856.0,884.49,838.39,816.04,7.84,75055500.0,65062362296.29,866.86,20210108,7.840301945983043,20210108.0
2021-01-11,TSLA,811.19,849.4,854.43,803.62,880.02,-7.82,59554145.0,49512423436.37,831.39,20210111,-7.821413149701136,20210111.0
2021-01-12,TSLA,849.44,831.0,868.0,827.34,811.19,4.72,46270719.0,39526999074.54,854.26,20210112,4.715294813792083,20210112.0
2021-01-13,TSLA,854.41,852.76,860.47,832.0,849.44,0.59,33312497.0,28194084136.57,846.35,20210113,0.5850913543040018,20210113.0
2021-01-14,TSLA,845.0,843.39,863.0,838.75,854.41,-1.1,31266329.0,26630401300.58,851.73,20210114,-1.1013447876312272,20210114.0
2021-01-15,TSLA,826.16,852.0,859.9,819.1,845.0,-2.23,38777598.0,32498032110.63,838.06,20210115,-2.229585798816572,20210115.0
2021-01-19,TSLA,844.55,837.8,850.0,833.0,826.16,2.23,25366981.0,21323301079.0,840.59,20210119,2.2259610729156565,20210119.0
2021-01-20,TSLA,850.45,858.74,859.5,837.28,844.55,0.7,25665883.0,21798512073.98,849.32,20210120,0.6985968859155872,20210120.0
2021-01-21,TSLA,844.99,855.0,855.72,841.42,850.45,-0.64,20598133.0,17448031888.91,847.07,20210121,-0.642013051913697,20210121.0
2021-01-22,TSLA,846.64,834.31,848.0,828.62,844.99,0.2,20066497.0,16816263472.11,838.03,20210122,0.1952685830601518,20210122.0
2021-01-25,TSLA,880.8,855.0,900.4,838.82,846.64,4.03,41173399.0,35954399344.05,873.24,20210125,4.034772748747988,20210125.0
2021-01-26,TSLA,883.09,891.38,895.9,871.6,880.8,0.26,23131602.0,20488890029.99,885.75,20210126,0.2599909173478744,20210126.0
2021-01-27,TSLA,864.16,870.35,891.5,858.66,883.09,-2.14,27333954.0,23945911768.4,876.05,20210127,-2.1436093716382323,20210127.0
2021-01-28,TSLA,835.43,820.0,848.0,801.0,864.16,-3.32,26378047.0,21945543553.21,831.96,20210128,-3.32461581188669,20210128.0
2021-01-29,TSLA,793.53,830.0,842.41,780.1,835.43,-5.02,34990754.0,28171298881.23,805.11,20210129,-5.015381300647568,20210129.0
2021-02-01,TSLA,839.81,814.29,842.0,795.56,793.53,5.83,25391387.0,20906664502.53,823.38,20210201,5.832167655917227,20210201.0
2021-02-02,TSLA,872.79,844.68,880.5,842.2,839.81,3.93,24346215.0,21193439805.73,870.5,20210202,3.927078744001622,20210202.0
2021-02-03,TSLA,854.69,877.02,878.08,853.06,872.79,-2.07,18343512.0,15794529673.63,861.04,20210203,-2.0738092782914457,20210203.0
2021-02-04,TSLA,849.99,855.0,856.5,833.42,854.69,-0.55,15812661.0,13349167327.41,844.21,20210204,-0.5499069838186997,20210204.0
2021-02-05,TSLA,852.23,845.0,864.77,838.97,849.99,0.26,18566637.0,15830102414.9,852.61,20210205,0.2635325121472028,20210205.0
2021-02-08,TSLA,863.42,869.67,877.77,854.75,852.23,1.31,20161719.0,17452640633.59,865.63,20210208,1.3130258263614212,20210208.0
2021-02-09,TSLA,849.46,855.12,859.8,841.75,863.42,-1.62,15157653.0,12869572842.27,849.05,20210209,-1.6168261101202106,20210209.0
2021-02-10,TSLA,804.82,843.64,844.82,800.02,849.46,-5.26,36216090.0,29508270755.71,814.78,20210210,-5.25510324205966,20210210.0
2021-02-11,TSLA,811.66,812.44,829.88,801.73,804.82,0.85,21622754.0,17599042522.45,813.91,20210211,0.849879476156149,20210211.0
2021-02-12,TSLA,816.12,801.26,817.33,785.33,811.66,0.55,23768313.0,19023453470.09,800.37,20210212,0.5494911662518834,20210212.0
2021-02-16,TSLA,796.22,818.0,821.0,792.44,816.12,-2.44,19802325.0,15908547893.86,803.37,20210216,-2.4383669068274245,20210216.0
2021-02-17,TSLA,798.15,779.09,799.84,762.01,796.22,0.24,26078899.0,20364016536.74,780.86,20210217,0.2423953178769624,20210217.0
2021-02-18,TSLA,787.38,780.9,794.69,776.27,798.15,-1.35,17957059.0,14126387884.6,786.68,20210218,-1.3493704190941531,20210218.0
2021-02-19,TSLA,781.3,795.0,796.79,777.37,787.38,-0.77,18958254.0,14893314660.28,785.58,20210219,-0.772181157763728,20210219.0
2021-02-22,TSLA,714.5,762.64,768.5,710.2,781.3,-8.55,37269715.0,27554130157.68,739.32,20210222,-8.54985280942019,20210222.0
2021-02-23,TSLA,698.84,662.13,713.61,619.0,714.5,-2.19,66606875.0,44946550375.86,674.8,20210223,-2.1917424772568186,20210223.0
2021-02-24,TSLA,742.02,711.85,745.0,694.17,698.84,6.18,36766950.0,26544993001.59,721.98,20210224,6.178810600423552,20210224.0
2021-02-25,TSLA,682.22,726.15,737.21,670.58,742.02,-8.06,39023856.0,27396862005.0,702.05,20210225,-8.05908196544567,20210225.0
2021-02-26,TSLA,675.5,700.0,706.7,659.51,682.22,-0.99,41089172.0,27972366840.4,680.77,20210226,-0.9850194951775127,20210226.0
2021-03-01,TSLA,718.43,690.11,719.0,685.05,675.5,6.36,27136239.0,19184711493.07,706.98,20210301,6.355292376017757,20210301.0
2021-03-02,TSLA,686.44,718.28,721.11,685.0,718.43,-4.45,23732157.0,16665872604.3,702.25,20210302,-4.4527650571384685,20210302.0
2021-03-03,TSLA,653.2,687.99,700.7,651.71,686.44,-4.84,30207961.0,20419711646.72,675.97,20210303,-4.842375152963116,20210303.0
2021-03-04,TSLA,621.44,655.8,668.45,600.0,653.2,-4.86,65919438.0,41249169409.41,625.75,20210304,-4.862216778934475,20210304.0
2021-03-05,TSLA,597.95,626.06,627.84,539.49,621.44,-3.78,89396438.0,52111925498.95,582.93,20210305,-3.779930484037077,20210305.0
2021-03-08,TSLA,563.0,600.55,620.13,558.79,597.95,-5.84,51786958.0,30413610930.38,587.28,20210308,-5.844970315243756,20210308.0
2021-03-09,TSLA,673.58,608.18,678.09,595.21,563.0,19.64,67523313.0,43615098584.96,645.93,20210309,19.64120781527532,20210309.0
2021-03-10,TSLA,668.06,700.3,717.85,655.06,673.58,-0.82,60605672.0,41434867045.2,683.68,20210310,-0.8195017666795473,20210310.0
2021-03-11,TSLA,699.6,699.4,702.5,677.18,668.06,4.72,36253891.0,25094189269.27,692.18,20210311,4.721132832380337,20210311.0
2021-03-12,TSLA,693.73,670.0,694.88,666.14,699.6,-0.84,33583840.0,22957358890.64,683.58,20210312,-0.8390508862206981,20210312.0
2021-03-15,TSLA,707.94,694.09,713.18,684.04,693.73,2.05,29423481.0,20664428479.89,702.31,20210315,2.048347339743133,20210315.0
2021-03-16,TSLA,676.88,703.35,707.92,671.0,707.94,-4.39,32195672.0,22265476854.34,691.57,20210316,-4.387377461366791,20210316.0
2021-03-17,TSLA,701.81,656.87,703.73,651.01,676.88,3.68,40372454.0,27448360237.04,679.88,20210317,3.683075286609141,20210317.0
2021-03-18,TSLA,653.16,684.29,689.23,652.0,701.81,-6.93,33369024.0,22420033235.56,671.88,20210318,-6.932075633006081,20210318.0
2021-03-19,TSLA,654.87,646.6,657.23,624.62,653.16,0.26,42893977.0,27663452592.08,644.93,20210319,0.2618041521219971,20210319.0
2021-03-22,TSLA,670.0,684.59,699.62,668.75,654.87,2.31,39512223.0,27142292950.38,686.93,20210322,2.3103822132637006,20210322.0
2021-03-23,TSLA,662.16,675.77,677.8,657.51,670.0,-1.17,30491872.0,20371012285.11,668.08,20210323,-1.170149253731348,20210323.0
2021-03-24,TSLA,630.27,667.91,668.02,630.11,662.16,-4.82,33795176.0,21985643365.45,650.56,20210324,-4.816056542225442,20210324.0
2021-03-25,TSLA,640.39,613.0,645.5,609.5,630.27,1.61,39224852.0,24721884640.16,630.26,20210325,1.605661065892396,20210325.0
2021-03-26,TSLA,618.71,641.87,643.82,599.89,640.39,-3.39,33852829.0,20942561794.83,618.64,20210326,-3.385436999328526,20210326.0
2021-03-29,TSLA,611.29,615.64,616.48,596.02,618.71,-1.2,28636985.0,17373966588.41,606.7,20210329,-1.1992694477218846,20210329.0
2021-03-30,TSLA,635.62,601.75,637.66,591.01,611.29,3.98,39432360.0,24354700384.2,617.63,20210330,3.98010764121776,20210330.0
2021-03-31,TSLA,667.93,646.62,672.0,641.11,635.62,5.08,33337290.0,21993072601.21,659.71,20210331,5.083225826751824,20210331.0
2021-04-01,TSLA,661.75,688.37,692.42,659.42,667.93,-0.93,35298379.0,23853870787.73,675.78,20210401,-0.9252466575838711,20210401.0
2021-04-05,TSLA,691.05,707.71,708.16,684.7,661.75,4.43,41842766.0,29156684982.68,696.82,20210405,4.427653947865502,20210405.0
2021-04-06,TSLA,691.62,690.3,696.55,681.37,691.05,0.08,28271840.0,19515631597.89,690.29,20210406,0.0824831777729614,20210406.0
2021-04-07,TSLA,670.97,687.0,691.38,667.84,691.62,-2.99,26309434.0,17901431143.11,680.42,20210407,-2.985743616436769,20210407.0
2021-04-08,TSLA,683.8,677.38,689.55,671.65,670.97,1.91,23924329.0,16333109263.65,682.7,20210408,1.912157026394612,20210408.0
2021-04-09,TSLA,677.02,677.77,680.97,669.43,683.8,-0.99,21437086.0,14475010312.63,675.23,20210409,-0.9915179877157024,20210409.0
2021-04-12,TSLA,701.98,685.7,704.8,682.09,677.02,3.69,29135672.0,20344253353.04,698.26,20210412,3.686744852441588,20210412.0
2021-04-13,TSLA,762.32,712.7,763.0,710.66,701.98,8.6,44652809.0,33151778332.53,742.43,20210413,8.5956864867945,20210413.0
2021-04-14,TSLA,732.23,770.7,780.79,728.03,762.32,-3.95,49017434.0,36981153083.52,754.45,20210414,-3.947161297093088,20210414.0
2021-04-15,TSLA,738.85,743.1,743.69,721.31,732.23,0.9,27848899.0,20393804713.99,732.3,20210415,0.9040875134862002,20210415.0
2021-04-16,TSLA,739.78,728.65,749.41,724.6,738.85,0.13,27979528.0,20612202948.32,736.69,20210416,0.125871286458679,20210416.0
2021-04-19,TSLA,714.63,719.6,725.4,691.8,739.78,-3.4,39686227.0,28107576603.96,708.25,20210419,-3.3996593581875665,20210419.0
2021-04-20,TSLA,718.99,717.42,737.25,710.69,714.63,0.61,35609040.0,25723384727.29,722.38,20210420,0.6101059289422518,20210420.0
2021-04-21,TSLA,744.12,704.77,744.84,698.0,718.99,3.5,31215516.0,22585752173.27,723.54,20210421,3.4951807396486734,20210421.0
2021-04-22,TSLA,719.69,741.5,753.77,718.04,744.12,-3.28,35590254.0,26158324190.34,734.99,20210422,-3.2830726226952573,20210422.0
2021-04-23,TSLA,729.4,719.8,737.36,715.46,719.69,1.35,28413891.0,20714954587.37,729.04,20210423,1.3491920132279067,20210423.0
2021-04-26,TSLA,738.2,741.0,749.3,732.61,729.4,1.21,31038504.0,22913955825.39,738.24,20210426,1.2064710721140757,20210426.0
2021-04-27,TSLA,704.74,717.96,724.0,703.35,738.2,-4.53,29436997.0,20926492407.52,710.89,20210427,-4.532646979138449,20210427.0
2021-04-28,TSLA,694.4,696.41,708.5,693.6,704.74,-1.47,22271047.0,15574753393.79,699.33,20210428,-1.46720776456566,20210428.0
2021-04-29,TSLA,677.0,699.51,702.25,668.5,694.4,-2.51,28845450.0,19644328935.91,681.02,20210429,-2.505760368663591,20210429.0
2021-04-30,TSLA,709.44,667.59,715.47,666.14,677.0,4.79,40758723.0,28485441657.1,698.88,20210430,4.79172821270311,20210430.0
2021-05-03,TSLA,684.9,703.8,706.0,680.5,709.44,-3.46,27043145.0,18658740247.04,689.96,20210503,-3.459066305818685,20210503.0
2021-05-04,TSLA,673.6,678.94,683.45,657.7,684.9,-1.65,29739321.0,19836947614.87,667.03,20210504,-1.649875894291131,20210504.0
2021-05-05,TSLA,670.94,681.06,685.3,667.34,673.6,-0.39,21901895.0,14775170366.15,674.61,20210505,-0.3948931116389501,20210505.0
2021-05-06,TSLA,663.54,680.76,681.02,650.0,670.94,-1.1,27784618.0,18411508514.32,662.65,20210506,-1.1029302173070752,20210506.0
2021-05-07,TSLA,672.37,665.8,690.0,660.22,663.54,1.33,23469172.0,15781161758.49,672.42,20210507,1.3307411761159902,20210507.0
2021-05-10,TSLA,629.04,664.9,665.05,627.61,672.37,-6.44,31392418.0,20164470790.72,642.34,20210510,-6.444368428097631,20210510.0
2021-05-11,TSLA,617.2,599.24,627.1,595.6,629.04,-1.88,46503895.0,28533909188.23,613.58,20210511,-1.882233244308775,20210511.0
2021-05-12,TSLA,589.89,602.49,620.41,586.76,617.2,-4.42,33823645.0,20356912949.65,601.85,20210512,-4.424821775761513,20210512.0
2021-05-13,TSLA,571.69,601.54,606.46,559.65,589.89,-3.09,44184915.0,25598869403.55,579.36,20210513,-3.0853209920493536,20210513.0
2021-05-14,TSLA,589.74,583.41,592.87,570.46,571.69,3.16,33370856.0,19464203828.53,583.27,20210514,3.157305532718773,20210514.0
2021-05-17,TSLA,576.83,575.55,589.73,561.2,589.74,-2.19,32390360.0,18590690697.51,573.96,20210517,-2.189100281479969,20210517.0
2021-05-18,TSLA,577.87,568.0,596.25,563.38,576.83,0.18,36830567.0,21449282483.87,582.38,20210518,0.1802957543817006,20210518.0
2021-05-19,TSLA,563.46,552.55,566.21,546.98,577.87,-2.49,39578395.0,22038421460.71,556.83,20210519,-2.4936404381608264,20210519.0
2021-05-20,TSLA,586.78,575.0,588.85,571.07,563.46,4.14,30821118.0,17886121060.52,580.32,20210520,4.138714371916363,20210520.0
2021-05-21,TSLA,580.88,596.11,596.68,580.0,586.78,-1.01,26030594.0,15286809670.03,587.26,20210521,-1.0054875762636726,20210521.0
2021-05-24,TSLA,606.44,581.6,614.48,573.65,580.88,4.4,34558090.0,20720713866.31,599.59,20210524,4.400220355322968,20210524.0
2021-05-25,TSLA,604.69,607.31,613.99,595.71,606.44,-0.29,28005934.0,16883243443.54,602.85,20210525,-0.2885693555834047,20210525.0
2021-05-26,TSLA,619.13,607.56,626.17,601.5,604.69,2.39,28639305.0,17670612137.89,617.01,20210526,2.388000463047171,20210526.0
2021-05-27,TSLA,630.85,620.24,631.13,616.21,619.13,1.89,26370594.0,16429968112.71,623.04,20210527,1.8929788574289772,20210527.0
2021-05-28,TSLA,625.22,628.5,635.59,622.38,630.85,-0.89,22737040.0,14298678496.69,628.87,20210528,-0.892446698898311,20210528.0
2021-06-01,TSLA,623.9,627.8,633.8,620.55,625.22,-0.21,18084891.0,11327521934.7,626.35,20210601,-0.2111256837593247,20210601.0
2021-06-02,TSLA,605.12,620.13,623.36,599.14,623.9,-3.01,23302778.0,14155732259.91,607.47,20210602,-3.010097772078854,20210602.0
2021-06-03,TSLA,572.84,601.8,604.55,571.22,605.12,-5.33,30111895.0,17721225401.71,588.51,20210603,-5.334479111581169,20210603.0
2021-06-04,TSLA,599.05,579.71,600.61,577.2,572.84,4.58,24036895.0,14277381770.56,593.98,20210604,4.575448641854606,20210604.0
2021-06-07,TSLA,605.13,591.82,610.0,582.88,599.05,1.01,22543684.0,13360776505.64,592.66,20210607,1.0149403221767868,20210607.0
2021-06-08,TSLA,603.59,623.01,623.09,595.5,605.13,-0.25,26053407.0,15785750443.14,605.9,20210608,-0.2544907705782169,20210608.0
2021-06-09,TSLA,598.78,602.17,611.79,597.63,603.59,-0.8,16584567.0,10003352582.81,603.17,20210609,-0.7968985569674877,20210609.0
2021-06-10,TSLA,610.12,603.88,616.59,600.5,598.78,1.89,23919606.0,14609133059.05,610.76,20210610,1.893850830021048,20210610.0
2021-06-11,TSLA,609.89,610.23,612.56,601.52,610.12,-0.04,16205305.0,9841296661.92,607.29,20210611,-0.0376975021307313,20210611.0
2021-06-14,TSLA,617.69,612.23,625.49,609.18,609.89,1.28,20423985.0,12622531491.47,618.02,20210614,1.2789191493548129,20210614.0
2021-06-15,TSLA,599.36,616.69,616.79,598.23,617.69,-2.97,17764145.0,10758800771.53,605.65,20210615,-2.967507973255199,20210615.0
2021-06-16,TSLA,604.87,597.53,608.5,593.5,599.36,0.92,22144129.0,13311140866.56,601.11,20210616,0.9193139348638532,20210616.0
2021-06-17,TSLA,616.6,601.89,621.47,601.34,604.87,1.94,22701352.0,13959646812.67,614.93,20210617,1.939259675632784,20210617.0
2021-06-18,TSLA,623.31,613.37,628.35,611.8,616.6,1.09,24560907.0,15239329299.15,620.47,20210618,1.0882257541355695,20210618.0
2021-06-21,TSLA,620.83,624.48,631.39,608.88,623.31,-0.4,24812743.0,15405078832.41,620.85,20210621,-0.3978758563154617,20210621.0
2021-06-22,TSLA,623.71,618.25,628.57,615.5,620.83,0.46,19158891.0,11937205299.4,623.06,20210622,0.4638951081616538,20210622.0
2021-06-23,TSLA,656.57,632.0,657.2,630.04,623.71,5.27,31099227.0,20225985293.46,650.37,20210623,5.268474130605572,20210623.0
2021-06-24,TSLA,679.82,674.99,697.62,667.61,656.57,3.54,45982387.0,31490660681.38,684.84,20210624,3.5411304202141425,20210624.0
2021-06-25,TSLA,671.87,689.58,693.81,668.7,679.82,-1.17,32496708.0,22058243493.27,678.78,20210625,-1.1694272013180025,20210625.0
2021-06-28,TSLA,688.72,671.64,694.7,670.32,671.87,2.51,21628161.0,14853419435.15,686.76,20210628,2.507925640376862,20210628.0
2021-06-29,TSLA,680.76,684.65,687.51,675.89,688.72,-1.16,17381313.0,11829634373.61,680.59,20210629,-1.155767220350801,20210629.0
2021-06-30,TSLA,679.7,679.77,692.81,678.14,680.76,-0.16,18924864.0,12968757562.7,685.28,20210630,-0.1557083259885929,20210630.0
2021-07-01,TSLA,677.92,683.92,687.99,672.8,679.7,-0.26,18634524.0,12655334908.97,679.13,20210701,-0.2618802412829316,20210701.0
2021-07-02,TSLA,678.9,678.98,700.0,673.26,677.92,0.14,27097375.0,18534981695.46,684.01,20210702,0.1445598300684473,20210702.0
2021-07-06,TSLA,659.58,681.71,684.0,651.4,678.9,-2.85,23284450.0,15402845759.4,661.51,20210706,-2.8457799381352094,20210706.0
2021-07-07,TSLA,644.65,664.27,665.7,638.32,659.58,-2.26,18791961.0,12169386802.44,647.58,20210707,-2.2635616604505997,20210707.0
2021-07-08,TSLA,652.81,628.37,654.43,620.46,644.65,1.27,22773317.0,14588427912.45,640.59,20210708,1.265803148995574,20210708.0
2021-07-09,TSLA,656.95,653.19,658.91,644.69,652.81,0.63,18140547.0,11855117758.65,653.51,20210709,0.6341814616810558,20210709.0
2021-07-12,TSLA,685.7,662.2,687.24,662.16,656.95,4.38,25927043.0,17636864778.26,680.25,20210712,4.3762843443184405,20210712.0
2021-07-13,TSLA,668.54,686.32,693.28,666.3,685.7,-2.5,20966094.0,14203008643.18,677.43,20210713,-2.502552136502856,20210713.0
2021-07-14,TSLA,653.38,670.75,678.61,652.84,668.54,-2.27,21641192.0,14406640847.47,665.7,20210714,-2.267627965417173,20210714.0
2021-07-15,TSLA,650.6,658.39,666.14,637.88,653.38,-0.43,20209571.0,13177252237.81,652.03,20210715,-0.425479812666438,20210715.0
2021-07-16,TSLA,644.22,654.68,656.7,642.2,650.6,-0.98,16370969.0,10589255160.53,646.83,20210716,-0.9806332616046718,20210716.0
2021-07-19,TSLA,646.22,629.89,647.2,621.29,644.22,0.31,21297090.0,13541143237.05,635.82,20210719,0.3104529508552979,20210719.0
2021-07-20,TSLA,660.5,651.99,662.39,640.5,646.22,2.21,15487129.0,10071961422.38,650.34,20210720,2.209773761257772,20210720.0
2021-07-21,TSLA,655.29,659.61,664.86,650.29,660.5,-0.79,13953340.0,9171793402.46,657.32,20210721,-0.7887963663891048,20210721.0
2021-07-22,TSLA,649.26,656.44,662.17,644.6,655.29,-0.92,15105727.0,9851489741.95,652.17,20210722,-0.9202032687817564,20210722.0
2021-07-23,TSLA,643.38,646.36,648.8,637.3,649.26,-0.91,14604946.0,9385368035.4,642.62,20210723,-0.905646428241382,20210723.0
2021-07-26,TSLA,657.62,650.97,668.2,647.11,643.38,2.21,25336555.0,16686001946.61,658.57,20210726,2.213310951537196,20210726.0
2021-07-27,TSLA,644.78,663.4,666.5,627.24,657.62,-1.95,32813290.0,21062030518.75,641.88,20210727,-1.9524953620632024,20210727.0
2021-07-28,TSLA,646.98,647.0,654.97,639.4,644.78,0.34,16006598.0,10358844207.55,647.16,20210728,0.3412016501752606,20210728.0
2021-07-29,TSLA,677.35,649.79,683.69,648.8,646.98,4.69,30394637.0,20461868713.27,673.21,20210729,4.694117283378158,20210729.0
2021-07-30,TSLA,687.2,671.76,697.53,669.0,677.35,1.45,29656411.0,20378038044.79,687.14,20210730,1.454196501070351,20210730.0
2021-08-02,TSLA,709.67,700.0,726.94,698.4,687.2,3.27,33615766.0,24088478715.95,716.58,20210802,3.269790454016285,20210802.0
2021-08-03,TSLA,709.74,719.0,722.65,701.01,709.67,0.01,21620254.0,15355500448.55,710.24,20210803,0.0098637394845562,20210803.0
2021-08-04,TSLA,710.92,711.0,724.9,708.93,709.74,0.17,17002649.0,12149882992.68,714.59,20210804,0.1662580663341434,20210804.0
2021-08-05,TSLA,714.63,716.0,720.95,711.41,710.92,0.52,12919637.0,9249472902.54,715.92,20210805,0.5218589996061493,20210805.0
2021-08-06,TSLA,699.1,711.9,716.33,697.63,714.63,-2.17,15623051.0,10995187551.94,703.78,20210806,-2.173152540475487,20210806.0
2021-08-09,TSLA,713.76,710.17,719.03,705.13,699.1,2.1,14715348.0,10509718905.71,714.2,20210809,2.096981833786292,20210809.0
2021-08-10,TSLA,709.99,713.99,716.59,701.88,713.76,-0.53,13432305.0,9524009299.67,709.04,20210810,-0.5281887469177289,20210810.0
2021-08-11,TSLA,707.82,712.71,715.18,704.21,709.99,-0.31,9800559.0,6943459269.99,708.48,20210811,-0.3056381075789742,20210811.0
2021-08-12,TSLA,722.25,706.34,722.8,699.4,707.82,2.04,17681688.0,12627423280.77,714.15,20210812,2.0386538950580584,20210812.0
2021-08-13,TSLA,717.17,723.71,729.9,714.34,722.25,-0.7,16731469.0,12051183709.68,720.27,20210813,-0.7033575631706529,20210813.0
2021-08-16,TSLA,686.17,705.07,709.5,676.4,717.17,-4.32,23103305.0,15867356804.99,686.8,20210816,-4.322545561024583,20210816.0
2021-08-17,TSLA,665.71,672.66,674.58,648.84,686.17,-2.98,23721278.0,15683917167.71,661.18,20210817,-2.9817683664397925,20210817.0
2021-08-18,TSLA,688.99,669.75,695.77,669.35,665.71,3.5,20349375.0,13990364415.81,687.51,20210818,3.4970182211473424,20210818.0
2021-08-19,TSLA,673.47,678.21,686.55,667.59,688.99,-2.25,14313485.0,9687730783.06,676.83,20210819,-2.252572606278753,20210819.0
2021-08-20,TSLA,680.26,682.85,692.13,673.7,673.47,1.01,14841864.0,10092337208.43,679.99,20210820,1.008211204656475,20210820.0
2021-08-23,TSLA,706.3,685.44,712.13,680.75,680.26,3.83,20264860.0,14248942468.53,703.14,20210823,3.8279481374768416,20210823.0
2021-08-24,TSLA,708.49,710.68,715.22,702.64,706.3,0.31,13083071.0,9264944846.11,708.16,20210824,0.3100665439614972,20210824.0
2021-08-25,TSLA,711.2,707.03,716.97,704.0,708.49,0.38,12645563.0,9001276009.26,711.81,20210825,0.382503634490259,20210825.0
2021-08-26,TSLA,701.16,708.31,715.4,697.62,711.2,-1.41,13214293.0,9324129090.87,705.61,20210826,-1.4116985376828004,20210826.0
2021-08-27,TSLA,711.92,705.0,715.0,702.1,701.16,1.53,13833762.0,9830488882.28,710.62,20210827,1.534599806035711,20210827.0
2021-08-30,TSLA,730.91,714.72,731.0,712.73,711.92,2.67,18604219.0,13488740247.54,725.04,20210830,2.6674345432071034,20210830.0
2021-08-31,TSLA,735.72,733.0,740.39,726.44,730.91,0.66,20855438.0,15321481312.51,734.65,20210831,0.6580837586022984,20210831.0
2021-09-01,TSLA,734.09,734.08,741.99,731.27,735.72,-0.22,13204336.0,9728762113.54,736.79,20210901,-0.2215516772685254,20210901.0
2021-09-02,TSLA,732.39,734.5,740.97,730.54,734.09,-0.23,12796739.0,9412382749.35,735.53,20210902,-0.2315792341538565,20210902.0
2021-09-03,TSLA,733.57,732.25,734.0,724.2,732.39,0.16,15271047.0,11133447067.24,729.06,20210903,0.1611163451166815,20210903.0
2021-09-07,TSLA,752.92,740.0,760.2,739.26,733.57,2.64,20039825.0,15089587228.1,752.98,20210907,2.637785078451941,20210907.0
2021-09-08,TSLA,753.87,761.58,764.45,740.77,752.92,0.13,18793036.0,14138089122.14,752.3,20210908,0.1261754236837971,20210908.0
2021-09-09,TSLA,754.86,753.41,762.1,751.63,753.87,0.13,14077731.0,10655522579.72,756.91,20210909,0.1313223765370699,20210909.0
2021-09-10,TSLA,736.27,759.6,762.61,734.52,754.86,-2.46,15184172.0,11387254239.85,749.94,20210910,-2.462708316773975,20210910.0
2021-09-13,TSLA,743.0,740.21,744.78,708.85,736.27,0.91,22952481.0,16713328747.0,728.17,20210913,0.9140668504760509,20210913.0
2021-09-14,TSLA,744.49,742.57,754.47,736.4,743.0,0.2,18524883.0,13815284396.27,745.77,20210914,0.2005383580080766,20210914.0
2021-09-15,TSLA,755.83,745.0,756.86,738.36,744.49,1.52,15357684.0,11500025750.25,748.81,20210915,1.5231903719324682,20210915.0
2021-09-16,TSLA,756.99,752.83,758.91,747.61,755.83,0.15,13923395.0,10485628575.74,753.09,20210916,0.1534736647129603,20210916.0
2021-09-17,TSLA,759.49,757.15,761.04,750.0,756.99,0.33,28204176.0,21358535116.64,757.28,20210917,0.3302553534392792,20210917.0
2021-09-20,TSLA,730.17,734.56,742.0,718.63,759.49,-3.86,24757653.0,18057722090.55,729.38,20210920,-3.8604853256790808,20210920.0
2021-09-21,TSLA,739.38,734.79,744.74,730.44,730.17,1.26,16330723.0,12077060070.11,739.53,20210921,1.2613500965528626,20210921.0
2021-09-22,TSLA,751.94,743.53,753.67,739.12,739.38,1.7,15126274.0,11310280066.79,747.72,20210922,1.6987205496497144,20210922.0
2021-09-23,TSLA,753.64,755.0,758.2,747.92,751.94,0.23,11947528.0,9000023857.54,753.3,20210923,0.2260818682341585,20210923.0
2021-09-24,TSLA,774.39,745.89,774.8,744.56,753.64,2.75,21373024.0,16313174511.97,763.26,20210924,2.753303964757709,20210924.0
2021-09-27,TSLA,791.36,773.12,799.0,769.31,774.39,2.19,28070657.0,22096267349.48,787.17,20210927,2.191402265008591,20210927.0
2021-09-28,TSLA,777.56,787.2,795.64,766.18,791.36,-1.74,25381422.0,19816954375.02,780.77,20210928,-1.7438334007278695,20210928.0
2021-09-29,TSLA,781.31,779.8,793.5,770.68,777.56,0.48,20942879.0,16386064558.54,782.42,20210929,0.4822778949534441,20210929.0
2021-09-30,TSLA,775.48,781.0,789.13,775.0,781.31,-0.75,17955961.0,14046278532.95,782.26,20210930,-0.7461826931691553,20210930.0
2021-10-01,TSLA,775.22,778.4,780.78,763.59,775.48,-0.03,17031415.0,13147412560.93,771.95,20211001,-0.0335276216021033,20211001.0
2021-10-04,TSLA,781.53,796.5,806.97,776.12,775.22,0.81,30483340.0,24092883018.92,790.36,20211004,0.8139624880678962,20211004.0
2021-10-05,TSLA,780.59,784.8,797.31,774.2,781.53,-0.12,18432625.0,14475267413.29,785.31,20211005,-0.1202768927616266,20211005.0
2021-10-06,TSLA,782.75,776.2,786.66,773.22,780.59,0.28,14632770.0,11427778969.95,780.97,20211006,0.2767137677910257,20211006.0
2021-10-07,TSLA,793.61,785.46,805.0,783.38,782.75,1.39,19195782.0,15205201209.36,792.11,20211007,1.3874161609709377,20211007.0
2021-10-08,TSLA,785.49,796.21,796.38,780.91,793.61,-1.02,16738606.0,13173266685.55,787.0,20211008,-1.0231725910711815,20211008.0
2021-10-11,TSLA,791.94,787.65,801.24,785.5,785.49,0.82,14200321.0,11290236437.18,795.07,20211011,0.8211434900508021,20211011.0
2021-10-12,TSLA,805.72,800.93,812.32,796.57,791.94,1.74,22020040.0,17769312177.24,806.96,20211012,1.740030810414927,20211012.0
2021-10-13,TSLA,811.08,810.47,815.41,805.78,805.72,0.67,14120075.0,11431924491.26,809.62,20211013,0.665243508911286,20211013.0
2021-10-14,TSLA,818.32,815.49,820.25,813.35,811.08,0.89,12247172.0,10010361855.34,817.36,20211014,0.892636977856686,20211014.0
2021-10-15,TSLA,843.03,823.74,843.21,822.35,818.32,3.02,18924567.0,15764298486.18,833.01,20211015,3.019601134030688,20211015.0
2021-10-18,TSLA,870.11,851.79,875.26,851.47,843.03,3.21,24207243.0,20943467330.31,865.17,20211018,3.212222578081449,20211018.0
2021-10-19,TSLA,864.27,877.53,877.95,862.51,870.11,-0.67,17381129.0,15114826706.59,869.61,20211019,-0.67117950603947,20211019.0
2021-10-20,TSLA,865.8,865.35,869.49,857.38,864.27,0.18,14032051.0,12134346319.68,864.76,20211020,0.1770280120795553,20211020.0
2021-10-21,TSLA,894.0,856.0,900.0,855.5,865.8,3.26,31481454.0,28005136164.25,889.58,20211021,3.2571032571032625,20211021.0
2021-10-22,TSLA,909.68,895.5,910.0,890.96,894.0,1.75,22880836.0,20690744613.95,904.28,20211022,1.7539149888143122,20211022.0
2021-10-25,TSLA,1024.86,950.53,1045.02,944.2,909.68,12.66,62852098.0,62292321502.19,991.09,20211025,12.6615952862545,20211025.0
2021-10-26,TSLA,1018.43,1024.69,1094.94,1001.44,1024.86,-0.63,62414969.0,65193858181.79,1044.52,20211026,-0.6274027672072235,20211026.0
2021-10-27,TSLA,1037.86,1039.66,1070.88,1030.78,1018.43,1.91,38526461.0,40424548006.73,1049.27,20211027,1.907838535785469,20211027.0
2021-10-28,TSLA,1077.04,1068.31,1081.0,1054.2,1037.86,3.78,27213172.0,29111911207.32,1069.77,20211028,3.775075636405687,20211028.0
2021-10-29,TSLA,1114.0,1081.86,1115.21,1073.21,1077.04,3.43,29918418.0,32764350667.26,1095.12,20211029,3.4316274233083304,20211029.0
2021-11-01,TSLA,1208.59,1145.0,1209.75,1118.66,1114.0,8.49,56048715.0,65283480639.29,1164.76,20211101,8.491023339317765,20211101.0
2021-11-02,TSLA,1172.0,1159.36,1208.59,1146.0,1208.59,-3.03,42737797.0,50356240967.0,1178.26,20211102,-3.02749484936992,20211102.0
2021-11-03,TSLA,1213.86,1177.33,1215.39,1152.62,1172.0,3.57,34628520.0,41004423525.11,1184.12,20211103,3.571672354948797,20211103.0
2021-11-04,TSLA,1229.91,1234.41,1243.49,1217.0,1213.86,1.32,25397411.0,31323658121.19,1233.34,20211104,1.322228263555944,20211104.0
2021-11-05,TSLA,1222.09,1228.0,1239.87,1208.0,1229.91,-0.64,21628813.0,26545784063.19,1227.33,20211105,-0.6358188810563508,20211105.0
2021-11-08,TSLA,1162.94,1149.79,1197.0,1133.0,1222.09,-4.84,33445715.0,39348378667.2,1176.48,20211108,-4.840069062016698,20211108.0
2021-11-09,TSLA,1023.5,1173.6,1174.5,1011.52,1162.94,-11.99,59105836.0,63070099884.02,1067.07,20211109,-11.990300445422813,20211109.0
2021-11-10,TSLA,1067.95,1010.41,1078.1,987.31,1023.5,4.34,42802723.0,44932547974.03,1049.76,20211110,4.342940889106013,20211110.0
2021-11-11,TSLA,1063.51,1102.77,1104.97,1054.68,1067.95,-0.42,22396567.0,24003444533.92,1071.75,20211111,-0.4157498010206521,20211111.0
2021-11-12,TSLA,1033.42,1047.5,1054.5,1019.2,1063.51,-2.83,25573149.0,26402555269.57,1032.43,20211112,-2.8293104907335067,20211112.0
2021-11-15,TSLA,1013.39,1017.63,1031.98,978.6,1033.42,-1.94,34775649.0,34765834616.34,999.72,20211115,-1.9382245360066657,20211115.0
2021-11-16,TSLA,1054.73,1003.31,1057.2,1002.18,1013.39,4.08,26542360.0,27670243083.13,1042.49,20211116,4.079377140094143,20211116.0
2021-11-17,TSLA,1089.01,1063.51,1119.64,1055.5,1054.73,3.25,31445364.0,34278566140.11,1090.1,20211117,3.250120884017708,20211117.0
2021-11-18,TSLA,1096.38,1106.55,1112.0,1075.02,1089.01,0.68,20898930.0,22882384749.51,1094.91,20211118,0.6767614622455366,20211118.0
2021-11-19,TSLA,1137.06,1098.87,1138.72,1092.7,1096.38,3.71,21642258.0,24170930767.82,1116.84,20211119,3.7103923822032354,20211119.0
2021-11-22,TSLA,1156.87,1162.33,1201.95,1132.43,1137.06,1.74,33072508.0,38882226497.58,1175.67,20211122,1.7422123722582756,20211122.0
2021-11-23,TSLA,1109.03,1167.51,1180.5,1062.7,1156.87,-4.14,36171700.0,40275704910.3,1113.46,20211123,-4.135296100685464,20211123.0
2021-11-24,TSLA,1116.0,1080.39,1132.77,1062.0,1109.03,0.63,22560239.0,25035658968.25,1109.72,20211124,0.628477137678875,20211124.0
2021-11-26,TSLA,1081.92,1099.47,1108.78,1081.0,1116.0,-3.05,11680891.0,12761656095.06,1092.52,20211126,-3.0537634408602083,20211126.0
2021-11-29,TSLA,1136.99,1100.99,1142.67,1100.19,1081.92,5.09,19464469.0,21996414913.31,1130.08,20211129,5.090025140490972,20211129.0
2021-11-30,TSLA,1144.76,1144.37,1168.0,1118.0,1136.99,0.68,27092040.0,30962010581.41,1142.85,20211130,0.6833833191145025,20211130.0
2021-12-01,TSLA,1095.0,1160.7,1172.84,1090.76,1144.76,-4.35,22934700.0,26070199162.74,1136.71,20211201,-4.34676264020406,20211201.0
2021-12-02,TSLA,1084.6,1099.06,1113.0,1056.65,1095.0,-0.95,24371622.0,26419245254.09,1084.02,20211202,-0.9497716894977252,20211202.0
2021-12-03,TSLA,1014.97,1084.79,1090.58,1000.21,1084.6,-6.42,30773997.0,31649606459.24,1028.45,20211203,-6.419878296146034,20211203.0
2021-12-06,TSLA,1009.01,1001.51,1021.64,950.5,1014.97,-0.59,27221036.0,26950753161.56,990.07,20211206,-0.5872094741716539,20211206.0
2021-12-07,TSLA,1051.75,1044.2,1057.67,1026.81,1009.01,4.24,18694856.0,19524053251.48,1044.35,20211207,4.235835125519074,20211207.0
2021-12-08,TSLA,1068.96,1052.71,1072.38,1033.0,1051.75,1.64,13968790.0,14720690853.09,1053.83,20211208,1.636320418350372,20211208.0
2021-12-09,TSLA,1003.8,1060.64,1062.49,1002.36,1068.96,-6.1,19812833.0,20348167822.53,1027.02,20211209,-6.095644364616083,20211209.0
2021-12-10,TSLA,1017.03,1008.75,1020.98,982.53,1003.8,1.32,19888122.0,19973632969.35,1004.3,20211210,1.3179916317991651,20211210.0
2021-12-13,TSLA,966.41,1001.09,1005.0,951.42,1017.03,-4.98,26198504.0,25411909374.52,969.98,20211213,-4.977237642940721,20211213.0
2021-12-14,TSLA,958.51,945.0,966.41,930.0,966.41,-0.82,23602090.0,22326131039.95,945.94,20211214,-0.8174584286172512,20211214.0
2021-12-15,TSLA,975.99,953.21,978.75,928.25,958.51,1.82,25056411.0,23862946582.02,952.37,20211215,1.8236638115408308,20211215.0
2021-12-16,TSLA,926.92,994.5,994.98,921.85,975.99,-5.03,27590485.0,26046502421.97,944.04,20211216,-5.027715447904185,20211216.0
2021-12-17,TSLA,932.57,914.77,960.66,909.04,926.92,0.61,33626754.0,31525812584.36,937.52,20211217,0.6095455918525969,20211217.0
2021-12-20,TSLA,899.94,910.7,921.69,893.39,932.57,-3.5,18826672.0,17011911476.3,903.61,20211220,-3.4989330559636267,20211220.0
2021-12-21,TSLA,938.53,916.87,939.5,886.12,899.94,4.29,23839305.0,21823894396.34,915.46,20211221,4.288063648687681,20211221.0
2021-12-22,TSLA,1008.87,965.66,1015.66,957.05,938.53,7.49,31211364.0,31044121339.26,994.64,20211222,7.494699157192635,20211222.0
2021-12-23,TSLA,1067.0,1006.8,1072.98,997.56,1008.87,5.76,30904430.0,32341337653.74,1046.5,20211223,5.761892017802095,20211223.0
2021-12-27,TSLA,1093.94,1073.67,1117.0,1070.72,1067.0,2.52,23715274.0,26092701760.17,1100.25,20211227,2.5248359887535194,20211227.0
2021-12-28,TSLA,1088.47,1109.49,1119.0,1078.42,1093.94,-0.5,20107969.0,21975860575.11,1092.89,20211228,-0.500027423807524,20211228.0
2021-12-29,TSLA,1086.19,1098.64,1104.0,1064.14,1088.47,-0.21,18718016.0,20289764059.92,1083.97,20211229,-0.2094683362885493,20211229.0
2021-12-30,TSLA,1070.34,1061.33,1095.55,1053.15,1086.19,-1.46,15680313.0,16903034015.15,1077.98,20211230,-1.4592290483248913,20211230.0
2021-12-31,TSLA,1056.78,1073.44,1082.0,1054.59,1070.34,-1.27,13577875.0,14491800408.46,1067.31,20211231,-1.2668871573518643,20211231.0
2022-01-03,TSLA,1199.78,1147.75,1201.07,1136.04,1056.78,13.53,34895348.0,40893226715.4,1171.88,20220103,13.531671681901624,20220103.0
2022-01-04,TSLA,1149.59,1189.55,1208.0,1123.05,1199.78,-4.18,33416086.0,38805402275.6,1161.28,20220104,-4.183266932270921,20220104.0
2022-01-05,TSLA,1088.12,1146.65,1170.34,1081.01,1149.59,-5.35,26706598.0,30121250207.08,1127.86,20220105,-5.347123757165601,20220105.0
2022-01-06,TSLA,1064.7,1077.0,1088.0,1020.5,1088.12,-2.15,30112157.0,31911505930.32,1059.75,20220106,-2.152336139396376,20220106.0
2022-01-07,TSLA,1026.96,1080.37,1080.93,1010.0,1064.7,-3.54,28054915.0,29139428238.17,1038.66,20220107,-3.5446604677373914,20220107.0
2022-01-10,TSLA,1058.12,1000.0,1059.1,980.0,1026.96,3.03,30604961.0,31112559580.67,1016.59,20220110,3.0341980213445368,20220110.0
2022-01-11,TSLA,1064.4,1053.67,1075.85,1038.82,1058.12,0.59,22021071.0,23349615426.07,1060.33,20220111,0.5935054625184479,20220111.0
2022-01-12,TSLA,1106.22,1078.85,1114.84,1072.59,1064.4,3.93,27913004.0,30599373835.36,1096.24,20220112,3.928974069898529,20220112.0
2022-01-13,TSLA,1031.56,1109.07,1115.6,1026.54,1106.22,-6.75,32403266.0,34648355447.75,1069.29,20220113,-6.749109580372808,20220113.0
2022-01-14,TSLA,1049.61,1019.88,1052.0,1013.38,1031.56,1.75,24308137.0,25188103713.47,1036.2,20220114,1.749777036721078,20220114.0
2022-01-18,TSLA,1030.51,1026.61,1070.79,1016.06,1049.61,-1.82,22329805.0,23299059214.77,1043.41,20220118,-1.819723516353685,20220118.0
2022-01-19,TSLA,995.65,1041.71,1054.67,995.0,1030.51,-3.38,25147497.0,25533274692.48,1015.34,20220119,-3.382791045210625,20220119.0
2022-01-20,TSLA,996.27,1009.73,1041.66,994.0,995.65,0.06,23496247.0,23965753706.8,1019.98,20220120,0.0622708783206954,20220120.0
2022-01-21,TSLA,943.9,996.34,1004.55,940.5,996.27,-5.26,34472008.0,33223374301.99,963.78,20220121,-5.256607144649544,20220121.0
2022-01-24,TSLA,930.0,904.76,933.51,851.47,943.9,-1.47,50791715.0,45008106093.82,886.13,20220124,-1.4726136243246082,20220124.0
2022-01-25,TSLA,918.4,914.2,951.26,903.21,930.0,-1.25,28865301.0,26631002870.46,922.6,20220125,-1.2473118279569917,20220125.0
2022-01-26,TSLA,937.41,952.43,987.69,906.0,918.4,2.07,34955762.0,33176474563.75,949.1,20220126,2.0699041811846683,20220126.0
2022-01-27,TSLA,829.1,933.36,935.39,829.0,937.41,-11.55,49036524.0,42471568107.06,866.12,20220127,-11.554175867549946,20220127.0
2022-01-28,TSLA,846.35,831.56,857.5,792.01,829.1,2.08,44929649.0,37309488423.82,830.4,20220128,2.080569292003377,20220128.0
2022-01-31,TSLA,936.72,872.71,937.99,862.05,846.35,10.68,34812032.0,31829050595.22,914.31,20220131,10.677615643646249,20220131.0
2022-02-01,TSLA,931.25,935.21,943.7,905.0,936.72,-0.58,24379446.0,22592074474.14,926.69,20220201,-0.583952515159282,20220201.0
2022-02-02,TSLA,905.66,928.18,931.5,889.41,931.25,-2.75,22264344.0,20236832162.62,908.93,20220202,-2.747919463087252,20220202.0
2022-02-03,TSLA,891.14,882.0,937.0,880.52,905.66,-1.6,26285188.0,23934730215.48,910.58,20220203,-1.6032506680211098,20220203.0
2022-02-04,TSLA,923.32,897.22,936.5,881.17,891.14,3.61,24541821.0,22455179174.64,914.98,20220204,3.61110487689926,20220204.0
2022-02-07,TSLA,907.34,923.79,947.77,902.71,923.32,-1.73,20331489.0,18747712769.32,922.1,20220207,-1.7307109127929663,20220207.0
2022-02-08,TSLA,922.0,905.53,926.29,894.8,907.34,1.62,16909672.0,15470900890.21,914.91,20220208,1.615711861044368,20220208.0
2022-02-09,TSLA,932.0,935.0,946.27,920.0,922.0,1.08,17419848.0,16249345701.43,932.81,20220209,1.084598698481562,20220209.0
2022-02-10,TSLA,904.55,908.37,943.81,896.7,932.0,-2.95,22042278.0,20315823188.33,921.68,20220210,-2.9452789699570863,20220210.0
2022-02-11,TSLA,860.0,909.63,915.96,850.7,904.55,-4.93,26548622.0,23344826951.73,879.32,20220211,-4.925100878890051,20220211.0
2022-02-14,TSLA,875.76,861.57,898.88,853.15,860.0,1.83,22585473.0,19795433734.19,876.47,20220214,1.832558139534883,20220214.0
2022-02-15,TSLA,922.43,900.0,923.0,893.38,875.76,5.33,19216516.0,17579213493.23,914.8,20220215,5.329085594226724,20220215.0
2022-02-16,TSLA,923.39,914.05,926.43,901.21,922.43,0.1,17098133.0,15619895958.45,913.54,20220216,0.1040729377839008,20220216.0
2022-02-17,TSLA,876.35,913.26,918.5,874.1,923.39,-5.09,18392805.0,16378361909.08,890.48,20220217,-5.094272192681312,20220217.0
2022-02-18,TSLA,856.98,886.0,886.87,837.61,876.35,-2.21,22833946.0,19534184377.79,855.49,20220218,-2.210304102242256,20220218.0
2022-02-22,TSLA,821.53,834.13,856.73,801.1,856.98,-4.14,27762735.0,22860694145.14,823.43,20220222,-4.136619290998628,20220222.0
2022-02-23,TSLA,764.04,830.43,835.3,760.56,821.53,-7.0,31752336.0,25083810730.66,789.98,20220223,-6.997918517887358,20220223.0
2022-02-24,TSLA,800.77,700.39,802.48,700.0,764.04,4.81,45107426.0,34235930992.34,758.99,20220224,4.807339929846608,20220224.0
2022-02-25,TSLA,809.87,809.23,819.5,782.4,800.77,1.14,25355922.0,20318574570.79,801.33,20220225,1.1364062090238174,20220225.0
2022-02-28,TSLA,870.43,815.01,876.86,814.71,809.87,7.48,33002290.0,28269724651.44,856.6,20220228,7.477743341523942,20220228.0
2022-03-01,TSLA,864.37,869.68,889.88,853.78,870.43,-0.7,24922286.0,21625991431.34,867.74,20220301,-0.6962076215203917,20220301.0
2022-03-02,TSLA,879.89,872.13,886.48,844.27,864.37,1.8,24881145.0,21534588699.55,865.5,20220302,1.795527378321781,20220302.0
2022-03-03,TSLA,839.29,878.77,886.44,832.6,879.89,-4.61,20541168.0,17561836116.36,854.96,20220303,-4.614213140278902,20220303.0
2022-03-04,TSLA,838.29,849.1,855.65,825.16,839.29,-0.12,22393286.0,18806374906.89,839.82,20220304,-0.1191483277532199,20220304.0
2022-03-07,TSLA,804.58,856.3,866.14,804.57,838.29,-4.02,24164723.0,20100023273.62,831.79,20220307,-4.021281418124984,20220307.0
2022-03-08,TSLA,824.4,795.53,849.99,782.17,804.58,2.46,26799704.0,22023599039.59,821.79,20220308,2.4633970518779904,20220308.0
2022-03-09,TSLA,858.97,839.48,860.56,832.01,824.4,4.19,19727993.0,16782511318.09,850.7,20220309,4.193352741387682,20220309.0
2022-03-10,TSLA,838.3,851.45,854.45,810.36,858.97,-2.41,19549547.0,16218311033.54,829.6,20220310,-2.4063704203872165,20220310.0
2022-03-11,TSLA,795.35,840.2,843.8,793.77,838.3,-5.12,22345723.0,18060652410.5,808.24,20220311,-5.123464153644272,20220311.0
2022-03-14,TSLA,766.37,780.61,800.7,756.04,795.35,-3.64,23717422.0,18345252305.47,773.49,20220314,-3.643678883510407,20220314.0
2022-03-15,TSLA,801.89,775.27,805.57,756.57,766.37,4.63,22280383.0,17566248988.39,788.42,20220315,4.634836958649214,20220315.0
2022-03-16,TSLA,840.23,809.0,842.0,802.26,801.89,4.78,28009606.0,23188965703.23,827.89,20220316,4.781204404594151,20220316.0
2022-03-17,TSLA,871.6,830.99,875.0,825.72,840.23,3.73,22194325.0,19012842418.35,856.65,20220317,3.73350154124466,20220317.0
2022-03-18,TSLA,905.39,874.49,907.85,867.39,871.6,3.88,33471399.0,29993168365.82,896.08,20220318,3.8767783386874672,20220318.0
2022-03-21,TSLA,921.16,914.98,942.85,907.09,905.39,1.74,27327215.0,25214239757.36,922.68,20220321,1.741790830470845,20220321.0
2022-03-22,TSLA,993.98,930.0,997.86,921.75,921.16,7.91,35289520.0,33977656443.77,962.83,20220322,7.905249902297109,20220322.0
2022-03-23,TSLA,999.11,979.94,1040.7,976.4,993.98,0.52,40225383.0,40637970730.89,1010.26,20220323,0.5161069639228149,20220323.0
2022-03-24,TSLA,1013.92,1009.73,1024.49,988.8,999.11,1.48,22973625.0,23172273340.65,1008.65,20220324,1.4823192641450835,20220324.0
2022-03-25,TSLA,1010.64,1008.0,1021.8,997.32,1013.92,-0.32,20677184.0,20829326719.87,1007.36,20220325,-0.323496922834146,20220325.0
2022-03-28,TSLA,1091.84,1065.1,1097.88,1053.6,1010.64,8.03,34168692.0,36931562184.51,1080.86,20220328,8.034512783978462,20220328.0
2022-03-29,TSLA,1099.57,1107.99,1114.77,1073.11,1091.84,0.71,24538274.0,26886196663.24,1095.68,20220329,0.7079791910902714,20220329.0
2022-03-30,TSLA,1093.99,1091.17,1113.95,1084.0,1099.57,-0.51,19955004.0,21926209182.63,1098.78,20220330,-0.507471102339999,20220330.0
2022-03-31,TSLA,1077.6,1094.57,1103.14,1076.64,1093.99,-1.5,16330918.0,17796108365.86,1089.72,20220331,-1.498185541001298,20220331.0
2022-04-01,TSLA,1084.59,1081.15,1094.75,1066.64,1077.6,0.65,18087743.0,19555664635.81,1081.16,20220401,0.648663697104678,20220401.0
2022-04-04,TSLA,1145.45,1089.38,1149.91,1072.53,1084.59,5.61,27392567.0,30751903760.67,1122.64,20220404,5.611337002922776,20220404.0
2022-04-05,TSLA,1091.26,1136.3,1152.87,1087.3,1145.45,-4.73,26691672.0,29741814772.79,1114.27,20220405,-4.730891789253136,20220405.0
2022-04-06,TSLA,1045.76,1073.47,1079.0,1027.7,1091.26,-4.17,29782844.0,31173202463.02,1046.68,20220406,-4.169492146692813,20220406.0
2022-04-07,TSLA,1057.26,1052.39,1076.59,1021.54,1045.76,1.1,26482352.0,27834045673.14,1051.04,20220407,1.0996787025703794,20220407.0
2022-04-08,TSLA,1025.49,1043.21,1048.44,1022.44,1057.26,-3.0,18337895.0,18959289242.39,1033.89,20220408,-3.004937290732647,20220408.0
2022-04-11,TSLA,975.93,980.4,1008.47,974.64,1025.49,-4.83,19785735.0,19558918852.54,988.54,20220411,-4.8328116315127465,20220411.0
2022-04-12,TSLA,986.95,997.64,1021.19,976.6,975.93,1.13,21992032.0,21944466753.51,997.84,20220412,1.1291793468793967,20220412.0
2022-04-13,TSLA,1022.37,981.07,1026.24,973.1,986.95,3.59,18373739.0,18468146945.73,1005.14,20220413,3.5888342874512342,20220413.0
2022-04-14,TSLA,985.0,999.29,1012.71,982.19,1022.37,-3.66,19474137.0,19300533832.01,991.09,20220414,-3.655232450091454,20220414.0
2022-04-18,TSLA,1004.29,989.03,1014.92,973.41,985.0,1.96,17238407.0,17192798484.68,997.35,20220418,1.9583756345177628,20220418.0
2022-04-19,TSLA,1028.15,1005.06,1034.94,995.32,1004.29,2.38,16615946.0,16977485722.64,1021.76,20220419,2.3758077846040617,20220419.0
2022-04-20,TSLA,977.2,1030.0,1034.0,975.25,1028.15,-4.96,23570442.0,23430417782.32,994.06,20220420,-4.955502601760448,20220420.0
2022-04-21,TSLA,1008.78,1074.73,1092.22,996.42,977.2,3.23,35138778.0,36742603188.74,1045.64,20220421,3.2316823577568488,20220421.0
2022-04-22,TSLA,1005.05,1014.91,1034.85,994.0,1008.78,-0.37,23232188.0,23558614180.71,1014.05,20220422,-0.3697535637106225,20220422.0
2022-04-25,TSLA,998.02,978.97,1008.62,975.3,1005.05,-0.7,22780446.0,22628029553.36,993.31,20220425,-0.699467688174715,20220425.0
2022-04-26,TSLA,876.42,995.43,1000.0,875.0,998.02,-12.18,45377891.0,41363676090.37,911.54,20220426,-12.184124566641954,20220426.0
2022-04-27,TSLA,881.51,898.58,918.0,877.36,876.42,0.58,25652133.0,23021205091.77,897.44,20220427,0.5807717760890934,20220427.0
2022-04-28,TSLA,877.51,899.98,900.0,821.7,881.51,-0.45,41649508.0,35736589823.5,858.03,20220428,-0.4537668319134212,20220428.0
2022-04-29,TSLA,870.76,902.25,934.4,870.0,877.51,-0.77,29377665.0,26510610245.88,902.41,20220429,-0.7692220031680551,20220429.0
2022-05-02,TSLA,902.94,860.77,906.36,848.03,870.76,3.7,25260458.0,22151090630.94,876.91,20220502,3.695622215076493,20220502.0
2022-05-03,TSLA,909.25,903.18,924.08,888.59,902.94,0.7,21236524.0,19298566951.33,908.74,20220503,0.6988282720889477,20220503.0
2022-05-04,TSLA,952.62,903.94,955.5,885.28,909.25,4.77,27214567.0,24948349861.72,916.73,20220504,4.769865273577125,20220504.0
2022-05-05,TSLA,873.28,939.21,945.6,857.7,952.62,-8.33,30839731.0,27435058004.51,889.6,20220505,-8.328609519010731,20220505.0
2022-05-06,TSLA,865.65,887.0,888.0,843.1,873.28,-0.87,24301036.0,21089668430.21,867.85,20220506,-0.8737174789300105,20220506.0
2022-05-09,TSLA,787.11,836.45,845.63,781.15,865.65,-9.07,30270075.0,24513469540.89,809.83,20220509,-9.072950961705072,20220509.0
2022-05-10,TSLA,800.04,819.31,825.36,774.25,787.11,1.64,28133879.0,22509260224.5,800.08,20220510,1.64271829858596,20220510.0
2022-05-11,TSLA,734.0,795.0,809.77,727.2,800.04,-8.25,32408153.0,24807309752.88,765.47,20220511,-8.254587270636463,20220511.0
2022-05-12,TSLA,728.0,701.0,759.66,680.0,734.0,-0.82,46770954.0,33753008224.78,721.67,20220512,-0.8174386920980926,20220512.0
2022-05-13,TSLA,769.59,773.48,787.35,751.56,728.0,5.71,30716907.0,23636975091.97,769.51,20220513,5.712912087912092,20220513.0
2022-05-16,TSLA,724.37,767.16,769.76,719.09,769.59,-5.88,28699512.0,21246397397.07,740.31,20220516,-5.875855975259557,20220516.0
2022-05-17,TSLA,761.61,747.36,764.48,728.85,724.37,5.14,26745372.0,20064161436.89,750.19,20220517,5.141019092452753,20220517.0
2022-05-18,TSLA,709.81,744.52,760.5,700.81,761.61,-6.8,29270606.0,21213607384.93,724.74,20220518,-6.801381284384406,20220518.0
2022-05-19,TSLA,709.42,707.0,734.0,694.11,709.81,-0.05,30098891.0,21458863475.64,712.95,20220519,-0.0549442808638912,20220519.0
2022-05-20,TSLA,663.9,713.99,721.58,633.0,709.42,-6.42,48324434.0,32026723854.45,662.74,20220520,-6.41650926108652,20220520.0
2022-05-23,TSLA,674.9,655.02,679.96,638.06,663.9,1.66,29634547.0,19642459346.18,662.82,20220523,1.6568760355475225,20220523.0
2022-05-24,TSLA,628.16,653.53,653.92,620.57,674.9,-6.93,29697504.0,18890766715.9,636.11,20220524,-6.925470440065197,20220524.0
2022-05-25,TSLA,658.8,623.85,669.32,623.01,628.16,4.88,30713110.0,20051941779.51,652.88,20220525,4.877738155883849,20220525.0
2022-05-26,TSLA,707.73,661.42,718.67,653.66,658.8,7.43,35334450.0,24589016201.14,695.89,20220526,7.427140255009118,20220526.0
2022-05-27,TSLA,759.63,723.25,759.8,720.53,707.73,7.33,29764993.0,22272114095.49,748.27,20220527,7.333305073968884,20220527.0
2022-05-31,TSLA,758.26,773.84,778.8,734.23,759.63,-0.18,33971458.0,25804971904.73,759.61,20220531,-0.1803509603359536,20220531.0
2022-06-01,TSLA,740.37,755.16,771.98,730.92,758.26,-2.36,25749321.0,19236798612.79,747.08,20220601,-2.359349035950728,20220601.0
2022-06-02,TSLA,775.0,732.47,792.63,726.2,740.37,4.68,31157708.0,24032337441.18,771.31,20220602,4.677391034212622,20220602.0
2022-06-03,TSLA,703.55,729.68,743.39,700.25,775.0,-9.22,37464579.0,26750569218.09,714.02,20220603,-9.219354838709682,20220603.0
2022-06-06,TSLA,714.84,733.06,734.6,703.05,703.55,1.6,28068176.0,20093127541.76,715.87,20220606,1.604718925449517,20220606.0
2022-06-07,TSLA,716.66,702.0,719.99,690.28,714.84,0.25,24269536.0,17239440666.11,710.33,20220607,0.2546024285154631,20220607.0
2022-06-08,TSLA,725.6,720.26,749.89,717.53,716.66,1.25,25403540.0,18676098580.62,735.18,20220608,1.2474534646834,20220608.0
2022-06-09,TSLA,719.12,748.02,766.64,717.98,725.6,-0.89,32163770.0,23900900703.38,743.1,20220609,-0.8930540242557908,20220609.0
2022-06-10,TSLA,696.69,705.47,718.5,683.74,719.12,-3.12,32696965.0,22788834758.17,696.97,20220610,-3.1190899988875223,20220610.0
2022-06-13,TSLA,647.21,669.5,679.9,644.05,696.69,-7.1,34255754.0,22500594332.4,656.84,20220613,-7.102154473295156,20220613.0
2022-06-14,TSLA,662.67,654.86,678.99,635.21,647.21,2.39,32662934.0,21433623067.28,656.21,20220614,2.388714636671238,20220614.0
2022-06-15,TSLA,699.0,662.75,706.99,654.45,662.67,5.48,39710645.0,27149303485.76,683.68,20220615,5.4823667888994585,20220615.0
2022-06-16,TSLA,639.3,668.21,675.5,626.08,699.0,-8.54,35796899.0,23154013109.06,646.82,20220616,-8.540772532188848,20220616.0
2022-06-17,TSLA,650.28,640.3,662.91,639.59,639.3,1.72,30880590.0,20095936125.99,650.76,20220617,1.717503519474428,20220617.0
2022-06-21,TSLA,711.11,673.81,730.73,673.0,650.28,9.35,40930985.0,29213131635.05,713.72,20220621,9.354431937011755,20220621.0
2022-06-22,TSLA,708.26,703.51,740.5,701.48,711.11,-0.4,33842422.0,24355348428.38,719.67,20220622,-0.4007818762216847,20220622.0
2022-06-23,TSLA,705.21,713.72,717.95,685.91,708.26,-0.43,34734227.0,24372462800.56,701.68,20220623,-0.4306328184564926,20220623.0
2022-06-24,TSLA,737.12,712.41,738.2,708.26,705.21,4.52,31923567.0,23323298991.6,730.6,20220624,4.52489329419605,20220624.0
2022-06-27,TSLA,734.76,748.1,756.21,727.7,737.12,-0.32,29726106.0,21943817394.42,738.2,20220627,-0.3201649663555477,20220627.0
2022-06-28,TSLA,697.99,733.45,749.91,697.03,734.76,-5.0,30222168.0,21722965399.71,718.78,20220628,-5.00435516359083,20220628.0
2022-06-29,TSLA,685.47,691.5,693.52,666.82,697.99,-1.79,27632418.0,18746234699.21,678.41,20220629,-1.7937219730941676,20220629.0
2022-06-30,TSLA,673.42,673.53,688.37,656.59,685.47,-1.76,31533485.0,21275733461.27,674.7,20220630,-1.757917924927432,20220630.0
2022-07-01,TSLA,681.79,681.0,690.69,666.36,673.42,1.24,24820149.0,16796551098.24,676.73,20220701,1.2429093285022728,20220701.0
2022-07-05,TSLA,699.2,669.0,699.44,648.5,681.79,2.55,28259704.0,19052504792.37,674.19,20220705,2.553572214318204,20220705.0
2022-07-06,TSLA,695.2,692.34,703.69,681.56,699.2,-0.57,23951211.0,16554637538.48,691.18,20220706,-0.5720823798627002,20220706.0
2022-07-07,TSLA,733.63,701.76,736.08,696.63,695.2,5.53,27310231.0,19777661275.35,724.19,20220707,5.527905638665125,20220707.0
2022-07-08,TSLA,752.29,727.0,764.94,723.48,733.63,2.54,33951364.0,25478526107.75,750.44,20220708,2.5435164865122704,20220708.0
2022-07-11,TSLA,703.03,756.31,759.19,700.88,752.29,-6.55,33169739.0,23780257258.14,716.93,20220711,-6.548006752715042,20220711.0
2022-07-12,TSLA,699.21,710.54,719.32,685.1,703.03,-0.54,29310321.0,20495521286.61,699.26,20220712,-0.5433623031733975,20220712.0
2022-07-13,TSLA,711.12,676.5,726.18,675.1,699.21,1.7,32651500.0,23188527816.93,710.18,20220713,1.703350924614918,20220713.0
2022-07-14,TSLA,714.94,704.69,715.96,688.0,711.12,0.54,26185833.0,18369438573.99,701.5,20220714,0.5371807852401915,20220714.0
2022-07-15,TSLA,720.2,720.0,730.87,710.67,714.94,0.74,23227672.0,16701456177.43,719.03,20220715,0.7357260749153761,20220715.0
2022-07-18,TSLA,721.64,734.81,751.55,718.81,720.2,0.2,27512477.0,20329376439.96,738.91,20220718,0.1999444598722494,20220718.0
2022-07-19,TSLA,736.59,735.0,741.42,710.93,721.64,2.07,26963372.0,19663407889.93,729.26,20220719,2.0716700848068355,20220719.0
2022-07-20,TSLA,742.5,740.35,751.99,730.45,736.59,0.8,29621364.0,22009548763.31,743.03,20220720,0.8023459455056364,20220720.0
2022-07-21,TSLA,815.12,765.32,819.8,764.6,742.5,9.78,47344059.0,37781888503.18,798.03,20220721,9.78047138047138,20220721.0
2022-07-22,TSLA,816.73,828.66,842.36,812.14,815.12,0.2,34490950.0,28482375760.79,825.79,20220722,0.197516930022575,20220722.0
2022-07-25,TSLA,805.3,816.65,822.44,802.2,816.73,-1.4,21357836.0,17313258385.96,810.63,20220725,-1.3994833053763256,20220725.0
2022-07-26,TSLA,776.58,799.54,801.93,768.79,805.3,-3.57,22273586.0,17412071375.58,781.74,20220726,-3.566372780330301,20220726.0
2022-07-27,TSLA,824.46,791.43,827.78,785.37,776.58,6.17,29369997.0,23827801323.01,811.3,20220727,6.165494862087614,20220727.0
2022-07-28,TSLA,842.7,840.2,849.9,818.4,824.46,2.21,28240997.0,23644505883.96,837.24,20220728,2.2123571792445973,20220728.0
2022-07-29,TSLA,891.45,842.1,894.96,837.3,842.7,5.78,31770961.0,27619521963.92,869.33,20220729,5.784976860092559,20220729.0
2022-08-01,TSLA,891.83,903.82,935.63,885.0,891.45,0.04,39014297.0,35421905398.68,907.92,20220801,0.0426271804363672,20220801.0
2022-08-02,TSLA,901.76,882.01,923.5,878.0,891.83,1.11,31859157.0,28865259625.15,906.03,20220802,1.1134409024141316,20220802.0
2022-08-03,TSLA,922.19,915.0,928.65,903.45,901.76,2.27,26697036.0,24532275333.44,918.91,20220803,2.265569552874386,20220803.0
2022-08-04,TSLA,925.9,933.0,940.82,915.0,922.19,0.4,24085438.0,22326601298.59,926.98,20220804,0.4023032130038195,20220804.0
2022-08-05,TSLA,864.51,908.01,913.82,856.63,925.9,-6.63,37724301.0,33293206113.51,882.54,20220805,-6.630305648558159,20220805.0
2022-08-08,TSLA,871.27,885.0,915.6,867.26,864.51,0.78,33121758.0,29585824520.44,893.24,20220808,0.7819458421533575,20220808.0
2022-08-09,TSLA,850.0,870.88,877.19,838.06,871.27,-2.44,28748227.0,24494394973.15,852.03,20220809,-2.441263902119892,20220809.0
2022-08-10,TSLA,883.07,891.2,892.53,850.11,850.0,3.89,31639625.0,27600220020.74,872.33,20220810,3.890588235294124,20220810.0
2022-08-11,TSLA,859.89,889.54,894.71,857.5,883.07,-2.62,23385016.0,20420074720.59,873.21,20220811,-2.624933470732792,20220811.0
2022-08-12,TSLA,900.09,868.25,900.48,855.1,859.89,4.68,26552430.0,23399056775.09,881.24,20220812,4.675016571887107,20220812.0
2022-08-15,TSLA,927.96,905.36,939.4,903.69,900.09,3.1,29786391.0,27537438651.97,924.5,20220815,3.096357030963571,20220815.0
2022-08-16,TSLA,919.69,935.0,944.0,908.65,927.96,-0.89,29378774.0,27178600846.81,925.11,20220816,-0.8912022069916786,20220816.0
2022-08-17,TSLA,911.99,910.19,928.97,900.1,919.69,-0.84,22921989.0,20925979789.94,912.92,20220817,-0.8372386347573688,20220817.0
2022-08-18,TSLA,908.61,918.0,919.5,905.56,911.99,-0.37,15833512.0,14450534369.37,912.66,20220818,-0.3706180988826626,20220818.0
2022-08-19,TSLA,890.0,897.0,901.08,877.5,908.61,-2.05,20465129.0,18147982778.29,886.78,20220819,-2.0481834890657176,20220819.0
2022-08-22,TSLA,869.74,875.74,877.2,858.89,890.0,-2.28,18614450.0,16139596327.95,867.05,20220822,-2.2764044943820214,20220822.0
2022-08-23,TSLA,889.36,874.36,896.48,863.77,869.74,2.26,21328348.0,18863320127.51,884.42,20220823,2.255846574838458,20220823.0
2022-08-24,TSLA,891.29,892.69,910.94,889.5,889.36,0.22,19086571.0,17191828201.12,900.73,20220824,0.2170099847080991,20220824.0
2022-08-25,TSLA,296.07,302.36,302.96,291.6,891.29,-66.78,53230012.0,15710339276.59,295.14,20220825,-66.78185551279606,20220825.0
2022-08-26,TSLA,288.09,297.43,302.0,287.47,296.07,-2.7,57163946.0,16732749598.15,292.72,20220826,-2.6953085418988816,20220826.0
2022-08-29,TSLA,284.82,282.83,287.74,280.7,288.09,-1.14,41864743.0,11909221576.47,284.47,20220829,-1.1350619598042215,20220829.0
2022-08-30,TSLA,277.7,287.87,288.48,272.65,284.82,-2.5,50541758.0,14112169596.08,279.22,20220830,-2.499824450530161,20220830.0
2022-08-31,TSLA,275.61,280.62,281.25,271.81,277.7,-0.75,52107336.0,14400923730.03,276.37,20220831,-0.7526107310046724,20220831.0
2022-09-01,TSLA,277.16,272.57,277.58,266.15,275.61,0.56,54287024.0,14725236371.42,271.25,20220901,0.5623888828417007,20220901.0
2022-09-02,TSLA,270.21,281.06,282.35,269.08,277.16,-2.51,50890090.0,13967975519.71,274.47,20220902,-2.507576850916454,20220902.0
2022-09-06,TSLA,274.42,272.68,275.99,265.74,270.21,1.56,55859985.0,15198703120.71,272.09,20220906,1.5580474445801549,20220906.0
2022-09-07,TSLA,283.7,273.1,283.84,272.27,274.42,3.38,50028915.0,14002551495.35,279.89,20220907,3.381677720282768,20220907.0
2022-09-08,TSLA,289.26,281.3,289.5,279.76,283.7,1.96,53713125.0,15368720529.49,286.13,20220908,1.95981670778992,20220908.0
2022-09-09,TSLA,299.68,291.67,299.85,291.25,289.26,3.6,54470856.0,16198270803.0,297.38,20220909,3.602295512687553,20220909.0
2022-09-12,TSLA,304.42,300.72,305.49,300.4,299.68,1.58,48674606.0,14780895430.76,303.67,20220912,1.5816871329418076,20220912.0
2022-09-13,TSLA,292.13,292.9,297.4,290.4,304.42,-4.04,68229625.0,20042536266.19,293.75,20220913,-4.037185467446298,20220913.0
2022-09-14,TSLA,302.61,292.24,306.0,291.64,292.13,3.59,72628625.0,21839105066.4,300.7,20220914,3.587443946188347,20220914.0
2022-09-15,TSLA,303.75,301.82,309.12,300.72,302.61,0.38,64795524.0,19760515358.41,304.97,20220915,0.3767225141270898,20220915.0
2022-09-16,TSLA,303.35,299.6,303.71,295.6,303.75,-0.13,87087813.0,26164976924.72,300.44,20220916,-0.1316872427983464,20220916.0
2022-09-19,TSLA,309.07,300.09,309.84,297.8,303.35,1.89,60231157.0,18452850320.54,306.37,20220919,1.8856106807318185,20220919.0
2022-09-20,TSLA,308.73,306.91,313.33,305.58,309.07,-0.11,61642782.0,19069275980.17,309.35,20220920,-0.1100074416798702,20220920.0
2022-09-21,TSLA,300.8,308.29,313.8,300.63,308.73,-2.57,62555657.0,19250083428.34,307.73,20220921,-2.5685874388624383,20220921.0
2022-09-22,TSLA,288.59,299.86,301.29,285.82,300.8,-4.06,70545438.0,20556228124.28,291.39,20220922,-4.059175531914906,20220922.0
2022-09-23,TSLA,275.33,283.09,284.5,272.82,288.59,-4.59,63748364.0,17622173817.54,276.43,20220923,-4.594753802973074,20220923.0
2022-09-26,TSLA,276.01,271.83,284.09,270.31,275.33,0.25,58076915.0,16173017689.23,278.48,20220926,0.2469763556459546,20220926.0
2022-09-27,TSLA,282.94,283.84,288.67,277.51,276.01,2.51,61925184.0,17555578499.12,283.5,20220927,2.5107785949784454,20220927.0
2022-09-28,TSLA,287.81,283.08,289.0,277.57,282.94,1.72,54664809.0,15501717527.27,283.58,20220928,1.7212129780165422,20220928.0
2022-09-29,TSLA,268.21,282.76,283.65,265.78,287.81,-6.81,77620625.0,21048834304.67,271.18,20220929,-6.810048295750677,20220929.0
2022-09-30,TSLA,265.25,266.15,275.57,262.47,268.21,-1.1,67726625.0,18226663819.29,269.12,20220930,-1.1036128406845307,20220930.0
2022-10-03,TSLA,242.4,254.5,255.16,241.01,265.25,-8.61,98363563.0,24102525496.06,245.04,20221003,-8.614514608859563,20221003.0
2022-10-04,TSLA,249.44,250.52,257.5,242.01,242.4,2.9,109578570.0,27363326040.48,249.71,20221004,2.904290429042901,20221004.0
2022-10-05,TSLA,240.81,245.01,246.67,233.27,249.44,-3.46,86982688.0,20731645219.83,238.34,20221005,-3.4597498396407937,20221005.0
2022-10-06,TSLA,238.13,239.44,244.58,235.35,240.81,-1.11,69298438.0,16589657985.95,239.39,20221006,-1.1129105934138976,20221006.0
2022-10-07,TSLA,223.07,233.94,234.57,222.02,238.13,-6.32,83916813.0,18988907076.84,226.28,20221007,-6.324276655608283,20221007.0
2022-10-10,TSLA,222.96,223.93,226.99,218.36,223.07,-0.05,67925000.0,15181367236.75,223.5,20221010,-0.0493118751961201,20221010.0
2022-10-11,TSLA,216.5,220.95,225.75,215.0,222.96,-2.9,77013188.0,17001385174.97,220.76,20221011,-2.897380696088988,20221011.0
2022-10-12,TSLA,217.24,215.33,219.3,211.51,216.5,0.34,66860688.0,14410825074.15,215.54,20221012,0.3418013856812975,20221012.0
2022-10-13,TSLA,221.72,208.3,222.99,206.22,217.24,2.06,91483063.0,19713410796.68,215.49,20221013,2.0622353157797777,20221013.0
2022-10-14,TSLA,204.99,224.01,226.26,204.16,221.72,-7.55,94124500.0,19913770807.04,211.57,20221014,-7.5455529496662415,20221014.0
2022-10-17,TSLA,219.35,210.04,221.86,209.45,204.99,7.01,79428813.0,17290771724.56,217.69,20221017,7.005219766817886,20221017.0
2022-10-18,TSLA,220.19,229.5,229.82,217.25,219.35,0.38,75891875.0,16799387504.06,221.36,20221018,0.3829496238887638,20221018.0
2022-10-19,TSLA,222.04,219.8,222.93,217.78,220.19,0.84,66571500.0,14708034266.85,220.94,20221019,0.8401834779054427,20221019.0
2022-10-20,TSLA,207.28,208.28,215.55,202.0,222.04,-6.65,117798070.0,24568460231.09,208.56,20221020,-6.647450909745987,20221020.0
2022-10-21,TSLA,214.44,206.41,214.66,203.8,207.28,3.45,75713750.0,15924577753.88,210.33,20221021,3.454264762639906,20221021.0
2022-10-24,TSLA,211.25,205.82,213.5,198.59,214.44,-1.49,100446750.0,20642811592.5,205.51,20221024,-1.4875955978362234,20221024.0
2022-10-25,TSLA,222.41,210.1,224.35,210.0,211.25,5.29,96507875.0,21242358982.12,220.11,20221025,5.282840236686389,20221025.0
2022-10-26,TSLA,224.64,219.4,230.6,218.2,222.41,1.0,85327063.0,19341359270.08,226.67,20221026,1.0026527584191312,20221026.0
2022-10-27,TSLA,225.09,229.77,233.81,222.85,224.64,0.2,61638825.0,13943047392.42,226.21,20221027,0.2003205128205204,20221027.0
2022-10-28,TSLA,228.52,225.4,228.86,216.35,225.09,1.52,69152375.0,15497144050.83,224.1,20221028,1.523834910480255,20221028.0
2022-10-31,TSLA,227.54,226.19,229.85,221.94,228.52,-0.43,61554340.0,13948311930.94,226.6,20221031,-0.4288464904603615,20221031.0
2022-11-01,TSLA,227.82,234.05,237.4,227.28,227.54,0.12,62688821.0,14470787160.19,230.84,20221101,0.123055286982509,20221101.0
2022-11-02,TSLA,214.98,226.04,227.87,214.82,227.82,-5.64,63070293.0,14009268717.3,222.12,20221102,-5.636028443508034,20221102.0
2022-11-03,TSLA,215.31,211.36,221.2,210.14,214.98,0.15,56538848.0,12237432789.17,216.44,20221103,0.1535026514094392,20221103.0
2022-11-04,TSLA,207.47,222.6,223.8,203.08,215.31,-3.64,98622188.0,20807122828.3,210.98,20221104,-3.641261436997819,20221104.0
2022-11-07,TSLA,197.08,208.65,208.9,196.66,207.47,-5.01,93916500.0,18782587173.76,199.99,20221107,-5.007952957054025,20221107.0
2022-11-08,TSLA,191.3,194.02,195.2,186.75,197.08,-2.93,128803380.0,24644118139.79,191.33,20221108,-2.9328191597320887,20221108.0
2022-11-09,TSLA,177.59,190.78,195.89,177.12,191.3,-7.17,127062690.0,23450564274.34,184.56,20221109,-7.166753789858864,20221109.0
2022-11-10,TSLA,190.72,189.9,191.0,180.03,177.59,7.39,132703000.0,24911896270.1,187.73,20221110,7.39343431499521,20221110.0
2022-11-11,TSLA,195.97,186.0,196.52,182.59,190.72,2.75,114403570.0,21906430317.17,191.48,20221111,2.752726510067114,20221111.0
2022-11-14,TSLA,190.95,192.77,195.73,186.34,195.97,-2.56,92226625.0,17694545858.79,191.86,20221114,-2.561616573965408,20221114.0
2022-11-15,TSLA,194.42,195.88,200.82,192.06,190.95,1.82,91293813.0,17959666722.79,196.72,20221115,1.817229641267347,20221115.0
2022-11-16,TSLA,186.92,191.51,192.57,185.66,194.42,-3.86,66567625.0,12530683073.24,188.24,20221116,-3.857627816068306,20221116.0
2022-11-17,TSLA,183.17,183.96,186.16,180.9,186.92,-2.01,64335969.0,11808455359.75,183.54,20221117,-2.006205863471004,20221117.0
2022-11-18,TSLA,180.19,185.05,185.19,176.55,183.17,-1.63,76048875.0,13616163979.98,179.04,20221118,-1.6269039689905496,20221118.0
2022-11-21,TSLA,167.87,175.85,176.77,167.54,180.19,-6.84,92882688.0,15868227030.22,170.84,20221121,-6.837227371108271,20221121.0
2022-11-22,TSLA,169.91,168.63,170.92,166.19,167.87,1.22,78452313.0,13249058784.89,168.88,20221122,1.2152260677905475,20221122.0
2022-11-23,TSLA,183.2,173.57,183.62,172.5,169.91,7.82,109536690.0,19672723801.99,179.6,20221123,7.821788005414628,20221123.0
2022-11-25,TSLA,182.86,185.06,185.2,180.63,183.2,-0.19,50672739.0,9259546144.77,182.73,20221125,-0.1855895196506413,20221125.0
2022-11-28,TSLA,182.92,179.96,188.5,179.0,182.86,0.03,93038125.0,17206332210.69,184.94,20221128,0.0328119873126839,20221128.0
2022-11-29,TSLA,180.83,184.99,186.38,178.75,182.92,-1.14,83357125.0,15207782249.26,182.44,20221129,-1.1425759895035943,20221129.0
2022-11-30,TSLA,194.7,182.43,194.76,180.63,180.83,7.67,109186380.0,20433128234.56,187.14,20221130,7.670187468893422,20221130.0
2022-12-01,TSLA,194.7,197.08,198.92,191.8,194.7,0.0,80046188.0,15615074961.51,195.08,20221201,0.0,20221201.0
2022-12-02,TSLA,194.86,191.78,196.25,191.11,194.7,0.08,73645938.0,14250033134.64,193.49,20221202,0.0821777092963662,20221202.0
2022-12-05,TSLA,182.45,189.44,191.27,180.55,194.86,-6.37,93122688.0,17173780174.87,184.42,20221205,-6.368674946115172,20221205.0
2022-12-06,TSLA,179.82,181.22,183.65,175.33,182.45,-1.44,92150813.0,16446055151.72,178.47,20221206,-1.4414908194025735,20221206.0
2022-12-07,TSLA,174.04,175.03,179.38,172.22,179.82,-3.21,84213313.0,14665631402.44,174.15,20221207,-3.2143254365476595,20221207.0
2022-12-08,TSLA,173.44,172.2,175.2,169.06,174.04,-0.34,97624500.0,16820252277.3,172.3,20221208,-0.3447483337163838,20221208.0
2022-12-09,TSLA,179.05,173.84,182.5,173.36,173.44,3.23,104872320.0,18842672963.92,179.67,20221209,3.2345479704797127,20221209.0
2022-12-12,TSLA,167.82,176.1,177.37,167.52,179.05,-6.27,109794500.0,18712507203.45,170.43,20221212,-6.271991063948628,20221212.0
2022-12-13,TSLA,160.95,174.87,175.05,156.91,167.82,-4.09,175862750.0,28740106124.63,163.42,20221213,-4.093671791204865,20221213.0
2022-12-14,TSLA,156.8,159.25,161.62,155.31,160.95,-2.58,140682320.0,22245365120.36,158.12,20221214,-2.5784405094749783,20221214.0
2022-12-15,TSLA,157.67,153.44,160.93,153.28,156.8,0.55,122334440.0,19300326585.38,157.77,20221215,0.554846938775495,20221215.0
2022-12-16,TSLA,150.23,159.63,160.99,150.04,157.67,-4.72,139032190.0,21157906161.3,152.18,20221216,-4.71871630620917,20221216.0
2022-12-19,TSLA,149.87,154.0,155.25,145.82,150.23,-0.24,139390630.0,20954704920.4,150.33,20221219,-0.2396325634027725,20221219.0
2022-12-20,TSLA,137.8,146.05,148.47,137.66,149.87,-8.05,159563250.0,22770618793.81,142.71,20221220,-8.053646493627806,20221220.0
2022-12-21,TSLA,137.57,139.34,141.26,135.89,137.8,-0.17,145417440.0,20166955915.01,138.68,20221221,-0.1669085631349914,20221221.0
2022-12-22,TSLA,125.35,136.0,136.63,122.26,137.57,-8.88,210090250.0,26811236598.33,127.62,20221222,-8.882750599694699,20221222.0
2022-12-23,TSLA,123.15,126.37,128.62,121.02,125.35,-1.76,166989690.0,20679335250.84,123.84,20221223,-1.7550857598723484,20221223.0
2022-12-27,TSLA,109.1,117.5,119.67,108.76,123.15,-11.41,208643440.0,23664028086.07,113.42,20221227,-11.408850994721892,20221227.0
2022-12-28,TSLA,112.71,110.35,116.27,108.24,109.1,3.31,221070570.0,24759903840.0,112.0,20221228,3.3088909257561867,20221228.0
2022-12-29,TSLA,121.82,120.39,123.57,117.5,112.71,8.08,221923320.0,26766704241.17,120.61,20221229,8.082690089610505,20221229.0
2022-12-30,TSLA,123.18,119.95,124.48,119.75,121.82,1.12,157777320.0,19278305843.38,122.19,20221230,1.1164012477425822,20221230.0
2023-01-03,TSLA,108.1,118.47,118.8,104.64,123.18,-12.24,231402820.0,25251696204.84,109.12,20230103,-12.242247118038652,20230103.0
2023-01-04,TSLA,113.64,109.11,114.59,107.52,108.1,5.12,180389000.0,20180893102.7,111.87,20230104,5.12488436632748,20230104.0
2023-01-05,TSLA,110.34,110.51,111.75,107.16,113.64,-2.9,157986320.0,17304557602.24,109.53,20230105,-2.9039070749735982,20230105.0
2023-01-06,TSLA,113.06,103.0,114.39,101.81,110.34,2.47,220911070.0,24159276437.34,109.36,20230106,2.465107848468369,20230106.0
2023-01-09,TSLA,119.77,118.96,123.52,117.11,113.06,5.93,190283940.0,23060398421.08,121.19,20230109,5.934901822041389,20230109.0
2023-01-10,TSLA,118.85,121.07,122.76,114.92,119.77,-0.77,167642500.0,19741513743.0,117.76,20230110,-0.7681389329548315,20230110.0
2023-01-11,TSLA,123.22,122.09,125.95,120.51,118.85,3.68,183810750.0,22556078851.2,122.71,20230111,3.6769036600757294,20230111.0
2023-01-12,TSLA,123.56,122.56,124.13,117.0,123.22,0.28,169400940.0,20481573111.55,120.91,20230112,0.2759292322674918,20230112.0
2023-01-13,TSLA,122.4,116.55,122.63,115.6,123.56,-0.94,180714130.0,21616393538.29,119.62,20230113,-0.9388151505341508,20230113.0
2023-01-17,TSLA,131.49,125.7,131.7,125.02,122.4,7.43,186477000.0,24144316564.47,129.48,20230117,7.426470588235297,20230117.0
2023-01-18,TSLA,128.78,136.56,136.68,127.01,131.49,-2.06,195680320.0,25545791823.55,130.55,20230118,-2.060993231424449,20230118.0
2023-01-19,TSLA,127.17,127.26,129.99,124.31,128.78,-1.25,170291880.0,21664279238.7,127.22,20230119,-1.2501941295232175,20230119.0
2023-01-20,TSLA,133.42,128.68,133.51,127.35,127.17,4.91,138858130.0,18194471075.98,131.03,20230120,4.914681135487918,20230120.0
2023-01-23,TSLA,143.75,135.87,145.38,134.27,133.42,7.74,203119190.0,28686624763.3,141.23,20230123,7.742467396192485,20230123.0
2023-01-24,TSLA,143.89,143.0,146.5,141.1,143.75,0.1,158699070.0,22780204084.64,143.54,20230124,0.0973913043478165,20230124.0
2023-01-25,TSLA,144.43,141.91,146.41,138.07,143.89,0.38,192734380.0,27519038792.04,142.78,20230125,0.3752866773229693,20230125.0
2023-01-26,TSLA,160.27,159.97,161.42,154.76,144.43,10.97,234815070.0,37068094802.26,157.86,20230126,10.96725057121097,20230126.0
2023-01-27,TSLA,177.9,162.43,180.68,161.17,160.27,11.0,306590630.0,53096380118.39,173.18,20230127,11.000187184126782,20230127.0
2023-01-30,TSLA,166.66,178.05,179.77,166.5,177.9,-6.32,230878820.0,39747845993.29,172.16,20230130,-6.318156267566054,20230130.0
2023-01-31,TSLA,173.22,164.57,174.3,162.78,166.66,3.94,196813570.0,33644907813.85,170.95,20230131,3.9361574462978535,20230131.0
2023-02-01,TSLA,181.41,173.89,183.81,169.93,173.22,4.73,213806320.0,37571053578.17,175.72,20230201,4.7280914444059565,20230201.0
2023-02-02,TSLA,188.27,187.32,196.75,182.61,181.41,3.78,217448320.0,41477766908.86,190.75,20230202,3.781489443801342,20230202.0
2023-02-03,TSLA,189.98,183.95,199.0,183.69,188.27,0.91,232662000.0,45055252228.2,193.65,20230203,0.908270037711786,20230203.0
2023-02-06,TSLA,194.76,193.01,198.17,189.92,189.98,2.52,186188130.0,36232323672.76,194.6,20230206,2.516054321507528,20230206.0
2023-02-07,TSLA,196.81,196.43,197.5,189.55,194.76,1.05,186010320.0,36092698451.52,194.04,20230207,1.0525775313206056,20230207.0
2023-02-08,TSLA,201.29,196.1,203.0,194.31,196.81,2.28,180673630.0,36193770142.28,200.33,20230208,2.2763070982165488,20230208.0
2023-02-09,TSLA,207.32,207.78,214.0,204.77,201.29,3.0,215431440.0,45250878479.69,210.05,20230209,2.9956778776889075,20230209.0
2023-02-10,TSLA,196.89,202.23,206.2,192.89,207.32,-5.03,204754130.0,40538922116.68,197.99,20230210,-5.030870152421381,20230210.0
2023-02-13,TSLA,194.64,194.41,196.3,187.61,196.89,-1.14,172475440.0,33322030789.93,193.2,20230213,-1.1427700746609784,20230213.0
2023-02-14,TSLA,209.25,191.94,209.82,189.44,194.64,7.51,216455690.0,43712709266.4,201.95,20230214,7.506165228113448,20230214.0
2023-02-15,TSLA,214.24,211.76,214.66,206.11,209.25,2.38,182108570.0,38512484281.31,211.48,20230215,2.384707287933099,20230215.0
2023-02-16,TSLA,202.04,210.78,217.65,201.84,214.24,-5.69,229586570.0,48588487161.84,211.63,20230216,-5.694548170276334,20230216.0
2023-02-17,TSLA,208.31,199.99,208.44,197.5,202.04,3.1,213738570.0,43375164946.09,202.94,20230217,3.103345872104539,20230217.0
2023-02-21,TSLA,197.37,204.99,209.71,197.22,208.31,-5.25,180018570.0,36444743294.83,202.45,20230221,-5.251788200278431,20230221.0
2023-02-22,TSLA,200.86,197.93,201.99,191.78,197.37,1.77,191828440.0,37864384656.03,197.39,20230222,1.768252520646506,20230222.0
2023-02-23,TSLA,202.07,203.91,205.14,196.33,200.86,0.6,146359940.0,29352603054.95,200.55,20230223,0.6024096385542067,20230223.0
2023-02-24,TSLA,196.88,196.32,197.67,192.8,202.07,-2.57,142228130.0,27808173744.15,195.52,20230224,-2.568416885237788,20230224.0
2023-02-27,TSLA,207.63,202.03,209.42,201.26,196.88,5.46,161028320.0,33238853906.78,206.42,20230227,5.460178789110118,20230227.0
2023-02-28,TSLA,205.71,210.59,211.23,203.75,207.63,-0.92,153144940.0,31694723637.46,206.96,20230228,-0.9247218610027392,20230228.0
2023-03-01,TSLA,202.77,206.21,207.2,198.52,205.71,-1.43,156852820.0,31631223584.8,201.66,20230301,-1.429196441592532,20230301.0
2023-03-02,TSLA,190.9,186.74,193.75,186.01,202.77,-5.85,181979130.0,34595817651.22,190.11,20230302,-5.853923164176162,20230302.0
2023-03-03,TSLA,197.79,194.79,200.48,192.88,190.9,3.61,154193250.0,30465812263.43,197.58,20230303,3.6092194866422136,20230303.0
2023-03-06,TSLA,193.81,198.54,198.6,192.3,197.79,-2.01,128100130.0,24999394961.16,195.16,20230306,-2.0122351989483747,20230306.0
2023-03-07,TSLA,187.71,191.38,194.2,186.1,193.81,-3.15,148125820.0,28161001000.89,190.12,20230307,-3.14741241422011,20230307.0
2023-03-08,TSLA,182.0,185.04,186.5,180.0,187.71,-3.04,151897750.0,27602663181.9,181.72,20230308,-3.0419263757924497,20230308.0
2023-03-09,TSLA,172.92,180.25,185.18,172.51,182.0,-4.99,170023820.0,30439058451.72,179.03,20230309,-4.989010989010996,20230309.0
2023-03-10,TSLA,173.44,175.13,178.29,168.44,172.92,0.3,191488880.0,33370500948.06,174.27,20230310,0.3007170946102303,20230310.0
2023-03-13,TSLA,174.48,167.46,177.35,163.91,173.44,0.6,167790250.0,28809166449.38,171.7,20230313,0.5996309963099585,20230313.0
2023-03-14,TSLA,183.26,177.31,183.8,177.14,174.48,5.03,143717880.0,26054702133.11,181.29,20230314,5.032095369096746,20230314.0
2023-03-15,TSLA,180.45,180.8,182.34,176.03,183.26,-1.53,145995570.0,26182511193.94,179.34,20230315,-1.5333406089708623,20230315.0
2023-03-16,TSLA,184.13,180.37,185.81,178.84,180.45,2.04,121374440.0,22204277679.68,182.94,20230316,2.0393460792463327,20230316.0
2023-03-17,TSLA,180.13,184.51,186.22,177.33,184.13,-2.17,133197130.0,24029095244.83,180.4,20230317,-2.172378211046543,20230317.0
2023-03-20,TSLA,183.25,178.08,186.44,176.35,180.13,1.73,129684380.0,23726381102.87,182.95,20230320,1.7320823849442095,20230320.0
2023-03-21,TSLA,197.58,188.28,198.0,188.04,183.25,7.82,153391440.0,29728336345.99,193.81,20230321,7.819918144611194,20230321.0
2023-03-22,TSLA,191.15,199.3,200.66,190.95,197.58,-3.25,150376380.0,29585530205.62,196.74,20230322,-3.2543779734791,20230322.0
2023-03-23,TSLA,192.22,195.26,199.31,188.65,191.15,0.56,144193880.0,28070324997.25,194.67,20230323,0.5597698142819739,20230323.0
2023-03-24,TSLA,190.41,191.65,192.36,187.15,192.22,-0.94,116531570.0,22083945608.64,189.51,20230324,-0.9416293829986484,20230324.0
2023-03-27,TSLA,191.81,194.41,197.39,189.94,190.41,0.74,120851570.0,23412720886.5,193.73,20230327,0.7352555012867001,20230327.0
2023-03-28,TSLA,189.19,192.0,192.35,185.43,191.81,-1.37,98654625.0,18564925987.13,188.18,20230328,-1.36593503988322,20230328.0
2023-03-29,TSLA,193.88,193.13,195.29,189.44,189.19,2.48,123660000.0,23787634548.6,192.36,20230329,2.478989375759817,20230329.0
2023-03-30,TSLA,195.28,195.58,197.33,194.42,193.88,0.72,110252250.0,21598108171.22,195.9,20230330,0.7220961419434732,20230330.0
2023-03-31,TSLA,207.46,197.53,207.79,197.2,195.28,6.24,170222130.0,34676479493.12,203.71,20230331,6.2371978697255255,20230331.0
2023-04-03,TSLA,194.77,199.91,202.69,192.2,207.46,-6.12,169545880.0,33194609629.61,195.79,20230403,-6.116841800829074,20230403.0
2023-04-04,TSLA,192.58,197.32,198.74,190.32,194.77,-1.12,126463880.0,24400042178.3,192.94,20230404,-1.1244031421676837,20230404.0
2023-04-05,TSLA,185.52,190.51,190.68,183.76,192.58,-3.67,133882500.0,24930983290.5,186.22,20230405,-3.666008931353205,20230405.0
2023-04-06,TSLA,185.06,183.08,186.39,179.74,185.52,-0.25,123857940.0,22798135908.97,184.07,20230406,-0.247951703320401,20230406.0
2023-04-10,TSLA,184.51,179.94,185.1,176.11,185.06,-0.3,142154630.0,25736285480.11,181.04,20230410,-0.2972009078136882,20230410.0
2023-04-11,TSLA,186.79,186.69,189.19,185.65,184.51,1.24,115770880.0,21696749126.48,187.41,20230411,1.235705381822124,20230411.0
2023-04-12,TSLA,180.54,190.74,191.58,180.31,186.79,-3.35,150256250.0,27700447394.44,184.35,20230412,-3.346003533379732,20230412.0
2023-04-13,TSLA,185.9,182.96,186.5,180.94,180.54,2.97,112933000.0,20878726663.63,184.88,20230413,2.9688711642849306,20230413.0
2023-04-14,TSLA,185.0,183.95,186.28,182.01,185.9,-0.48,96438688.0,17744149603.74,183.99,20230414,-0.4841312533620256,20230414.0
2023-04-17,TSLA,187.04,186.32,189.69,182.69,185.0,1.1,116662190.0,21655875167.91,185.63,20230417,1.1027027027026983,20230417.0
2023-04-18,TSLA,184.31,187.15,187.69,183.58,187.04,-1.46,92067000.0,17039935287.3,185.08,20230418,-1.4595808383233475,20230418.0
2023-04-19,TSLA,180.59,179.1,183.5,177.65,184.31,-2.02,125732690.0,22789854751.72,181.26,20230419,-2.018338668547555,20230419.0
2023-04-20,TSLA,162.99,166.16,169.7,160.56,180.59,-9.75,210970820.0,34783457406.81,164.87,20230420,-9.745833102608117,20230420.0
2023-04-21,TSLA,165.08,164.8,166.0,161.32,162.99,1.28,123538940.0,20275150298.72,164.12,20230421,1.2822872568869277,20230421.0
2023-04-24,TSLA,162.55,164.65,165.65,158.61,165.08,-1.53,140006570.0,22600505959.69,161.42,20230424,-1.532590259268234,20230424.0
2023-04-25,TSLA,160.67,159.82,163.47,158.75,162.55,-1.16,121999320.0,19735989815.51,161.77,20230425,-1.156567210089218,20230425.0
2023-04-26,TSLA,153.75,160.29,160.67,153.14,160.67,-4.31,153364130.0,23890360230.04,155.78,20230426,-4.306964585796968,20230426.0
2023-04-27,TSLA,160.19,152.64,160.48,152.37,153.75,4.19,127015190.0,19974651378.41,157.26,20230427,4.18861788617886,20230427.0
2023-04-28,TSLA,164.31,160.9,165.0,157.32,160.19,2.57,122515820.0,19904570676.2,162.47,20230428,2.5719458143454674,20230428.0
2023-05-01,TSLA,161.83,163.17,163.28,158.83,164.31,-1.51,109015070.0,17585711509.51,161.31,20230501,-1.509342097255182,20230501.0
2023-05-02,TSLA,160.31,161.88,165.49,158.93,161.83,-0.94,128259750.0,20756865337.35,161.83,20230502,-0.9392572452573752,20230502.0
2023-05-03,TSLA,160.61,160.01,165.0,159.91,160.31,0.19,119728000.0,19554312198.4,163.32,20230503,0.1871374212463423,20230503.0
2023-05-04,TSLA,161.2,162.71,162.95,159.65,160.61,0.37,95108500.0,15347478889.93,161.37,20230504,0.3673494801070761,20230504.0
2023-05-05,TSLA,170.06,163.97,170.79,163.51,161.2,5.5,107607250.0,18095408407.67,168.16,20230505,5.496277915632764,20230505.0
2023-05-08,TSLA,171.79,173.72,173.8,169.19,170.06,1.02,112249440.0,19230575183.29,171.32,20230508,1.017288015994349,20230508.0
2023-05-09,TSLA,169.15,168.95,169.82,166.56,171.79,-1.54,88965063.0,14956708529.99,168.12,20230509,-1.536759997671568,20230509.0
2023-05-10,TSLA,168.54,172.55,174.43,166.68,169.15,-0.36,119840690.0,20401656295.87,170.24,20230510,-0.3606266627253997,20230510.0
2023-05-11,TSLA,172.08,168.7,173.57,166.79,168.54,2.1,103889940.0,17599507491.58,169.41,20230511,2.1003915984336183,20230511.0
2023-05-12,TSLA,167.98,176.07,177.38,167.23,172.08,-2.38,157849630.0,27020462888.96,171.18,20230512,-2.3826127382612867,20230512.0
2023-05-15,TSLA,166.35,167.66,169.76,164.55,167.98,-0.97,105592500.0,17622332325.0,166.89,20230515,-0.9703536135254172,20230515.0
2023-05-16,TSLA,166.52,165.65,169.52,164.35,166.35,0.1,98288813.0,16450835507.85,167.37,20230516,0.1021941689209593,20230516.0
2023-05-17,TSLA,173.86,168.41,174.5,167.19,166.52,4.41,125473570.0,21627578124.33,172.37,20230517,4.407878933461448,20230517.0
2023-05-18,TSLA,176.89,174.22,177.06,172.45,173.86,1.74,109520320.0,19137483243.72,174.74,20230518,1.7427815483722378,20230518.0
2023-05-19,TSLA,180.14,177.17,181.95,176.31,176.89,1.84,136196690.0,24459440980.08,179.59,20230519,1.8373000169596927,20230519.0
2023-05-22,TSLA,188.87,180.7,189.32,180.11,180.14,4.85,132001440.0,24511400194.18,185.69,20230522,4.846230709448218,20230522.0
2023-05-23,TSLA,185.77,186.2,192.96,185.26,188.87,-1.64,156952130.0,29637068239.65,188.83,20230523,-1.6413406046486974,20230523.0
2023-05-24,TSLA,182.9,182.23,184.22,178.22,185.77,-1.54,137605070.0,24960570317.55,181.39,20230524,-1.544921139042905,20230524.0
2023-05-25,TSLA,184.47,186.54,186.78,180.58,182.9,0.86,96870750.0,17833382941.66,184.09,20230525,0.8583925642427518,20230525.0
2023-05-26,TSLA,193.17,184.62,198.6,184.53,184.47,4.72,162061500.0,31308288443.55,193.19,20230526,4.716214018539594,20230526.0
2023-05-30,TSLA,201.16,200.1,204.48,197.53,193.17,4.14,128818750.0,25827115943.13,200.49,20230530,4.136253041362535,20230530.0
2023-05-31,TSLA,203.93,199.78,203.95,195.12,201.16,1.38,150711750.0,30035450155.72,199.29,20230531,1.3770133227281818,20230531.0
2023-06-01,TSLA,207.52,202.59,209.8,199.37,203.93,1.76,148029940.0,30357552288.67,205.08,20230601,1.7604079831314683,20230601.0
2023-06-02,TSLA,213.97,210.15,217.25,209.75,207.52,3.11,164398380.0,35273449575.49,214.56,20230602,3.108134155744019,20230602.0
2023-06-05,TSLA,217.61,217.8,221.29,214.52,213.97,1.7,151143070.0,32985631365.61,218.24,20230605,1.7011730616441627,20230605.0
2023-06-06,TSLA,221.31,216.14,221.91,212.53,217.61,1.7,146911570.0,32014265627.98,217.92,20230606,1.700289508754188,20230606.0
2023-06-07,TSLA,224.57,228.0,230.83,223.2,221.31,1.47,185710750.0,42084655900.5,226.61,20230607,1.473046857349415,20230607.0
2023-06-08,TSLA,234.86,224.22,235.23,223.01,224.57,4.58,164489750.0,37998563310.82,231.01,20230608,4.582090216858895,20230608.0
2023-06-09,TSLA,244.4,249.07,252.42,242.02,234.86,4.06,200242380.0,49483077954.27,247.12,20230609,4.061994379630415,20230609.0
2023-06-12,TSLA,249.83,247.94,250.97,244.59,244.4,2.22,150740500.0,37374855828.85,247.94,20230612,2.221767594108022,20230612.0
2023-06-13,TSLA,258.71,253.51,259.68,251.34,249.83,3.55,162384320.0,41559345410.08,255.93,20230613,3.5544170035624094,20230613.0
2023-06-14,TSLA,256.79,260.17,261.57,250.5,258.71,-0.74,170575570.0,43843211038.43,257.03,20230614,-0.7421437130377485,20230614.0
2023-06-15,TSLA,255.9,248.4,258.95,247.29,256.79,-0.35,160171250.0,40961444271.84,255.74,20230615,-0.3465867050897678,20230615.0
2023-06-16,TSLA,260.54,258.92,263.6,257.21,255.9,1.81,167915630.0,43763545040.45,260.63,20230616,1.813208284486133,20230616.0
2023-06-20,TSLA,274.45,261.5,274.75,261.12,260.54,5.34,165611190.0,44354243947.03,267.82,20230620,5.338911491517605,20230620.0
2023-06-21,TSLA,259.46,275.13,276.99,257.78,274.45,-5.46,211797130.0,56169778586.01,265.21,20230621,-5.461832756421938,20230621.0
2023-06-22,TSLA,264.61,250.77,265.0,248.25,259.46,1.98,166875940.0,43391655972.03,260.02,20230622,1.984891698142309,20230622.0
2023-06-23,TSLA,256.6,259.29,262.45,252.8,264.61,-3.03,177460820.0,45731601850.36,257.7,20230623,-3.027096481614448,20230623.0
2023-06-26,TSLA,241.05,250.07,258.37,240.7,256.6,-6.06,177649380.0,44158059453.96,248.57,20230626,-6.06001558846454,20230626.0
2023-06-27,TSLA,250.21,243.24,250.39,240.85,241.05,3.8,164968190.0,40593427220.24,246.07,20230627,3.8000414851690505,20230627.0
2023-06-28,TSLA,256.24,249.7,259.88,248.89,250.21,2.41,159770820.0,40887127891.81,255.91,20230628,2.4099756204787983,20230628.0
2023-06-29,TSLA,257.5,258.03,260.74,253.61,256.24,0.49,131283380.0,33713578548.17,256.8,20230629,0.4917265064002462,20230629.0
2023-06-30,TSLA,261.77,260.6,264.45,259.89,257.5,1.66,112620820.0,29599479172.26,262.82,20230630,1.658252427184459,20230630.0
2023-07-03,TSLA,279.82,276.49,284.25,275.11,261.77,6.9,119685880.0,33462430618.45,279.59,20230703,6.895366161133825,20230703.0
2023-07-05,TSLA,282.48,278.82,283.85,277.6,279.82,0.95,131530880.0,36905265768.22,280.58,20230705,0.9506111071403136,20230705.0
2023-07-06,TSLA,276.54,278.09,279.97,272.88,282.48,-2.1,120707440.0,33367680302.42,276.43,20230706,-2.102803738317756,20230706.0
2023-07-07,TSLA,274.43,278.43,280.78,273.77,276.54,-0.76,113879190.0,31606090748.57,277.54,20230707,-0.7629999276777368,20230707.0
2023-07-10,TSLA,269.61,276.47,277.52,265.1,274.43,-1.76,119425380.0,32230478561.26,269.88,20230710,-1.756367744051304,20230710.0
2023-07-11,TSLA,269.79,268.65,270.9,266.37,269.61,0.07,91972375.0,24693258285.3,268.49,20230711,0.0667631022588208,20230711.0
2023-07-12,TSLA,271.99,276.32,276.52,271.46,269.79,0.82,95672125.0,26161024995.05,273.44,20230712,0.8154490529671182,20230712.0
2023-07-13,TSLA,277.9,274.59,279.45,270.6,271.99,2.17,112681440.0,30956805242.67,274.73,20230713,2.1728740027206763,20230713.0
2023-07-14,TSLA,281.38,277.01,285.3,276.31,277.9,1.25,120062380.0,33704787768.97,280.73,20230714,1.2522490104354151,20230714.0
2023-07-17,TSLA,290.38,286.63,292.23,283.57,281.38,3.2,131569570.0,37906652223.53,288.11,20230717,3.1985215722510487,20230717.0
2023-07-18,TSLA,293.34,290.15,295.26,286.01,290.38,1.02,112434690.0,32611441224.26,290.05,20230718,1.0193539499965492,20230718.0
2023-07-19,TSLA,291.26,296.04,299.29,289.52,293.34,-0.71,142355380.0,42001267292.51,295.05,20230719,-0.7090747937546821,20230719.0
2023-07-20,TSLA,262.9,279.56,280.93,261.2,291.26,-9.74,175158250.0,47239016974.22,269.69,20230720,-9.73700473803475,20230720.0
2023-07-21,TSLA,260.02,268.0,268.0,255.8,262.9,-1.1,161796070.0,42366237829.03,261.85,20230721,-1.0954735640928093,20230721.0
2023-07-24,TSLA,269.06,255.85,269.85,254.12,260.02,3.48,137005070.0,36195896912.82,264.19,20230724,3.4766556418737107,20230724.0
2023-07-25,TSLA,265.28,272.38,272.9,265.0,269.06,-1.4,112757320.0,30277075755.15,268.52,20230725,-1.4048911023563628,20230725.0
2023-07-26,TSLA,264.35,263.25,268.04,261.75,265.28,-0.35,95856188.0,25387076204.71,264.85,20230726,-0.3505729794933466,20230726.0
2023-07-27,TSLA,255.71,268.31,269.13,255.3,264.35,-3.27,103697250.0,27262048503.9,262.9,20230727,-3.2683941743900187,20230727.0
2023-07-28,TSLA,266.44,259.86,267.25,258.23,255.71,4.2,111446000.0,29457823528.04,264.32,20230728,4.196159712173943,20230728.0
2023-07-31,TSLA,267.43,267.48,269.08,263.78,266.44,0.37,84582188.0,22551457749.96,266.62,20230731,0.3715658309563163,20230731.0
2023-08-01,TSLA,261.07,266.26,266.47,260.25,267.43,-2.38,83645750.0,21945206123.22,262.36,20230801,-2.378192424185773,20230801.0
2023-08-02,TSLA,254.11,255.57,259.52,250.49,261.07,-2.67,101752880.0,25917689745.85,254.71,20230802,-2.665951660474194,20230802.0
2023-08-03,TSLA,259.32,252.04,260.49,252.0,254.11,2.05,97829563.0,25124380970.99,256.82,20230803,2.050293180118838,20230803.0
2023-08-04,TSLA,253.86,260.97,264.77,253.11,259.32,-2.11,99539938.0,25702690159.68,258.21,20230804,-2.10550670985654,20230804.0
2023-08-07,TSLA,251.45,251.45,253.65,242.76,253.86,-0.95,111097940.0,27522782618.12,247.73,20230807,-0.9493421570944712,20230807.0
2023-08-08,TSLA,249.7,247.45,250.92,245.01,251.45,-0.7,96642188.0,24023190424.62,248.58,20230808,-0.6959634122091867,20230808.0
2023-08-09,TSLA,242.19,250.87,251.1,241.9,249.7,-3.01,101596320.0,24911540595.55,245.2,20230809,-3.007609130957145,20230809.0
2023-08-10,TSLA,245.34,245.4,251.8,243.0,242.19,1.3,109498630.0,27046042256.49,247.0,20230810,1.3006317354143464,20230810.0
2023-08-11,TSLA,242.65,241.77,243.79,238.02,245.34,-1.1,99038625.0,23913798055.85,241.46,20230811,-1.0964375968044338,20230811.0
2023-08-14,TSLA,239.76,235.7,240.66,233.75,242.65,-1.19,98595313.0,23455372410.21,237.9,20230814,-1.1910158664743518,20230814.0
2023-08-15,TSLA,232.96,238.73,240.5,232.61,239.76,-2.84,88197625.0,20741179698.14,235.17,20230815,-2.8361695028361624,20230815.0
2023-08-16,TSLA,225.6,228.02,233.97,225.38,232.96,-3.16,112484500.0,25793258272.5,229.31,20230816,-3.159340659340665,20230816.0
2023-08-17,TSLA,219.22,226.06,226.74,218.83,225.6,-2.83,120718440.0,26907936261.84,222.9,20230817,-2.828014184397161,20230817.0
2023-08-18,TSLA,215.49,214.12,217.58,212.36,219.22,-1.7,136276570.0,29345060690.32,215.33,20230818,-1.7014870905939192,20230818.0
2023-08-21,TSLA,231.28,221.55,232.13,220.58,215.49,7.33,135702690.0,30884006622.83,227.59,20230821,7.327486194254949,20230821.0
2023-08-22,TSLA,233.19,240.25,240.82,229.55,231.28,0.83,130597880.0,30604530521.57,234.34,20230822,0.8258388101003098,20230822.0
2023-08-23,TSLA,236.86,229.34,238.98,229.29,233.19,1.57,101077630.0,23761137212.9,235.08,20230823,1.5738239204082576,20230823.0
2023-08-24,TSLA,230.04,238.66,238.92,228.18,236.86,-2.88,99777438.0,23131483273.49,231.83,20230824,-2.8793380055729214,20230824.0
2023-08-25,TSLA,238.59,231.31,239.0,230.35,230.04,3.72,106612250.0,25062813922.67,235.08,20230825,3.7167449139280175,20230825.0
2023-08-28,TSLA,238.82,242.58,244.38,235.35,238.59,0.1,107673750.0,25679835128.36,238.5,20230828,0.0963996814619178,20230828.0
2023-08-29,TSLA,257.18,238.58,257.48,237.77,238.82,7.69,134047630.0,33600070626.25,250.66,20230829,7.687798341847422,20230829.0
2023-08-30,TSLA,256.9,254.2,260.51,250.59,257.18,-0.11,121988440.0,31214586229.74,255.88,20230830,-0.1088731627653898,20230830.0
2023-08-31,TSLA,258.08,255.98,261.18,255.05,256.9,0.46,108861690.0,28092907595.33,258.06,20230831,0.4593226936551214,20230831.0
2023-09-01,TSLA,245.01,257.26,259.08,242.01,258.08,-5.06,132541630.0,32887157027.01,248.13,20230901,-5.064321140731554,20230901.0
2023-09-05,TSLA,256.49,245.0,258.0,244.86,245.01,4.69,129469570.0,32862187650.36,253.82,20230905,4.685523039875931,20230905.0
2023-09-06,TSLA,251.92,255.13,255.39,245.06,256.49,-1.78,116959750.0,29174790919.25,249.44,20230906,-1.7817458770322512,20230906.0
2023-09-07,TSLA,251.49,245.07,252.81,243.26,251.92,-0.17,115312880.0,28627000177.53,248.26,20230907,-0.1706891076532146,20230907.0
2023-09-08,TSLA,248.5,251.22,256.52,246.67,251.49,-1.19,118559630.0,29806390118.04,251.4,20230908,-1.188914072130108,20230908.0
2023-09-11,TSLA,273.58,264.27,274.85,260.61,248.5,10.09,174667880.0,46970095065.21,268.91,20230911,10.092555331991946,20230911.0
2023-09-12,TSLA,267.48,270.76,278.39,266.6,273.58,-2.23,135999880.0,36942694603.48,271.64,20230912,-2.229695153154458,20230912.0
2023-09-13,TSLA,271.3,270.07,274.98,268.1,267.48,1.43,111673750.0,30336763824.9,271.66,20230913,1.4281441603110483,20230913.0
2023-09-14,TSLA,276.04,271.32,276.71,270.42,271.3,1.75,107709820.0,29567687654.36,274.51,20230914,1.7471433837080756,20230914.0
2023-09-15,TSLA,274.39,277.55,278.98,271.0,276.04,-0.6,133692320.0,36667045266.33,274.26,20230915,-0.5977394580495703,20230915.0
2023-09-18,TSLA,265.28,271.16,271.44,263.76,274.39,-3.32,101543320.0,27083011849.85,266.71,20230918,-3.3200918400816413,20230918.0
2023-09-19,TSLA,266.5,264.35,267.85,261.2,265.28,0.46,103704070.0,27474439561.82,264.93,20230919,0.4598914354644253,20230919.0
2023-09-20,TSLA,262.59,267.04,273.93,262.46,266.5,-1.47,122514630.0,32875976437.04,268.34,20230920,-1.4671669793621107,20230920.0
2023-09-21,TSLA,255.7,257.85,260.86,254.21,262.59,-2.62,119951500.0,30889942666.9,257.52,20230921,-2.623862294832243,20230921.0
2023-09-22,TSLA,244.88,257.4,257.79,244.48,255.7,-4.23,127524070.0,32062037917.37,251.42,20230922,-4.231521314039888,20230922.0
2023-09-25,TSLA,246.99,243.38,247.1,238.31,244.88,0.86,104636570.0,25553286296.04,244.21,20230925,0.8616465207448601,20230925.0
2023-09-26,TSLA,244.12,242.98,249.55,241.66,246.99,-1.16,101993630.0,25049829315.9,245.6,20230926,-1.1619903639823492,20230926.0
2023-09-27,TSLA,240.5,244.26,245.33,234.58,244.12,-1.48,136597190.0,32840327607.39,240.42,20230927,-1.4828772734720648,20230927.0
2023-09-28,TSLA,246.38,240.02,247.55,238.65,240.5,2.44,117058880.0,28566159427.71,244.03,20230928,2.4449064449064437,20230928.0
2023-09-29,TSLA,250.22,250.0,254.77,246.35,246.38,1.56,128522750.0,32267204365.05,251.06,20230929,1.558568065589741,20230929.0
2023-10-02,TSLA,251.6,244.81,254.28,242.62,250.22,0.55,123810380.0,30898874914.22,249.57,20231002,0.5515146670929564,20231002.0
2023-10-03,TSLA,246.53,248.61,250.02,244.45,251.6,-2.02,101985320.0,25225835355.62,247.35,20231003,-2.0151033386327475,20231003.0
2023-10-04,TSLA,261.16,248.14,261.86,247.6,246.53,5.93,129721570.0,33186370893.49,255.83,20231004,5.9343690423072335,20231004.0
2023-10-05,TSLA,260.05,260.0,263.6,256.25,261.16,-0.42,119159190.0,30939352420.95,259.65,20231005,-0.4250268034921173,20231005.0
2023-10-06,TSLA,260.53,253.98,261.65,250.65,260.05,0.18,118121820.0,30282645300.01,256.37,20231006,0.1845798884829692,20231006.0
2023-10-09,TSLA,259.67,255.31,261.36,252.05,260.53,-0.33,101377940.0,25983122429.49,256.3,20231009,-0.3300963420719137,20231009.0
2023-10-10,TSLA,263.62,257.75,268.94,257.65,259.67,1.52,122656000.0,32507973507.2,265.03,20231010,1.521161474178761,20231010.0
2023-10-11,TSLA,262.99,266.2,268.6,260.9,263.62,-0.24,103706250.0,27383894578.13,264.05,20231011,-0.2389803505045123,20231011.0
2023-10-12,TSLA,258.87,262.92,265.41,256.63,262.99,-1.57,111508130.0,29186436787.99,261.74,20231012,-1.5665994904749247,20231012.0
2023-10-13,TSLA,251.12,258.9,259.6,250.22,258.87,-2.99,102296820.0,25986338428.42,254.03,20231013,-2.993780662108394,20231013.0
2023-10-16,TSLA,253.92,250.05,255.4,248.48,251.12,1.12,88917188.0,22495053580.67,252.99,20231016,1.1150047785919013,20231016.0
2023-10-17,TSLA,254.85,250.1,257.18,247.08,253.92,0.37,93562938.0,23692812737.26,253.23,20231017,0.3662570888468836,20231017.0
2023-10-18,TSLA,242.68,252.7,254.63,242.08,254.85,-4.78,125147880.0,30886410431.96,246.8,20231018,-4.775358053757108,20231018.0
2023-10-19,TSLA,220.11,225.95,230.61,216.78,242.68,-9.3,170772690.0,37871405597.85,221.76,20231019,-9.300313169606063,20231019.0
2023-10-20,TSLA,211.99,217.01,218.86,210.42,220.11,-3.69,138010130.0,29525184740.64,213.93,20231020,-3.689064558629778,20231020.0
2023-10-23,TSLA,212.08,210.0,216.98,202.51,211.99,0.04,150683380.0,31884015542.82,211.6,20231023,0.0424548327751325,20231023.0
2023-10-24,TSLA,216.52,216.5,222.05,214.11,212.08,2.09,118231130.0,25735040202.25,217.67,20231024,2.0935496039230466,20231024.0
2023-10-25,TSLA,212.42,215.88,220.1,212.2,216.52,-1.89,107065070.0,23135392264.75,216.09,20231025,-1.8935895067430364,20231025.0
2023-10-26,TSLA,205.76,211.32,214.8,204.88,212.42,-3.14,115112630.0,23985328037.32,208.36,20231026,-3.135297994539119,20231026.0
2023-10-27,TSLA,207.3,210.6,212.41,205.77,205.76,0.75,94881188.0,19796646768.28,208.65,20231027,0.7484447900466663,20231027.0
2023-10-30,TSLA,197.36,209.28,210.88,194.67,207.3,-4.79,136448190.0,27284562127.33,199.96,20231030,-4.794983116256631,20231030.0
2023-10-31,TSLA,200.84,196.12,202.8,194.07,197.36,1.76,118068250.0,23506775800.78,199.09,20231031,1.763275233076606,20231031.0
2023-11-01,TSLA,205.66,204.04,205.99,197.85,200.84,2.4,121661630.0,24557583724.56,201.85,20231101,2.3999203345946984,20231101.0
2023-11-02,TSLA,218.51,212.97,219.2,211.45,205.66,6.25,125987630.0,27272883692.58,216.47,20231102,6.2481766021589005,20231102.0
2023-11-03,TSLA,219.96,221.15,226.37,218.4,218.51,0.66,119534820.0,26441832541.75,221.21,20231103,0.6635851906091333,20231103.0
2023-11-06,TSLA,219.27,223.98,226.32,215.0,219.96,-0.31,117335820.0,25750871064.66,219.46,20231106,-0.3136933987997807,20231106.0
2023-11-07,TSLA,222.18,219.98,223.12,215.72,219.27,1.33,116900130.0,25613952414.26,219.11,20231107,1.3271309344643574,20231107.0
2023-11-08,TSLA,222.11,223.15,224.15,217.64,222.18,-0.03,106584820.0,23475924796.96,220.26,20231108,-0.031505986137363,20231108.0
2023-11-09,TSLA,209.98,219.75,220.8,206.68,222.11,-5.46,142110440.0,30095141420.18,211.77,20231109,-5.461257935257315,20231109.0
2023-11-10,TSLA,214.65,210.03,215.38,205.69,209.98,2.22,131310130.0,27811907039.52,211.8,20231110,2.2240213353652805,20231110.0
2023-11-13,TSLA,223.71,215.6,225.4,211.61,214.65,4.22,140447570.0,31067453320.7,221.2,20231113,4.22082459818309,20231113.0
2023-11-14,TSLA,237.41,235.03,238.13,230.72,223.71,6.12,149771630.0,35150188410.8,234.69,20231114,6.12399982119708,20231114.0
2023-11-15,TSLA,242.84,239.29,246.7,236.45,237.41,2.29,150354000.0,36503832712.14,242.79,20231115,2.2871825112674307,20231115.0
2023-11-16,TSLA,233.59,239.49,240.88,230.96,242.84,-3.81,136816820.0,32218228135.78,235.48,20231116,-3.809092406522813,20231116.0
2023-11-17,TSLA,234.3,232.0,237.39,226.54,233.59,0.3,142766250.0,33302426412.75,233.27,20231117,0.3039513677811584,20231117.0
2023-11-20,TSLA,235.6,234.04,237.1,231.02,234.3,0.55,116562380.0,27298630811.91,234.2,20231120,0.5548442168160405,20231120.0
2023-11-21,TSLA,241.2,235.04,243.62,233.34,235.6,2.38,122288000.0,29468473088.0,240.98,20231121,2.3769100169779267,20231121.0
2023-11-22,TSLA,234.21,242.04,244.01,231.4,241.2,-2.9,118117070.0,27711811955.62,234.61,20231122,-2.8980099502487486,20231122.0
2023-11-24,TSLA,235.45,233.75,238.75,232.33,234.21,0.53,65125204.0,15400645428.91,236.48,20231124,0.5294393919986254,20231124.0
2023-11-27,TSLA,236.08,236.89,238.33,232.1,235.45,0.27,112031750.0,26395195646.05,235.6,20231127,0.267572733064355,20231127.0
2023-11-28,TSLA,246.72,236.68,247.0,234.01,236.08,4.51,148549940.0,35812094210.83,241.08,20231128,4.506946797695691,20231128.0
2023-11-29,TSLA,244.14,249.21,252.75,242.76,246.72,-1.05,135401320.0,33587096293.79,248.06,20231129,-1.0457198443579818,20231129.0
2023-11-30,TSLA,240.08,245.14,245.22,236.91,244.14,-1.66,132353190.0,31865990643.24,240.76,20231130,-1.662980257229448,20231130.0
2023-12-01,TSLA,238.83,233.14,240.19,231.9,240.08,-0.52,121331690.0,28695235881.06,236.5,20231201,-0.5206597800733088,20231201.0
2023-12-04,TSLA,235.58,235.75,239.37,233.29,238.83,-1.36,104099820.0,24612571323.17,236.43,20231204,-1.3608005694427,20231204.0
2023-12-05,TSLA,238.72,233.87,246.66,233.7,235.58,1.33,137971130.0,33268274924.14,241.12,20231205,1.332880550131584,20231205.0
2023-12-06,TSLA,239.37,242.92,246.57,239.17,238.72,0.27,126436190.0,30775820364.28,243.41,20231206,0.2722855227882061,20231206.0
2023-12-07,TSLA,242.64,241.55,244.08,236.98,239.37,1.37,107142250.0,25807353757.5,240.87,20231207,1.3660859756861683,20231207.0
2023-12-08,TSLA,243.84,240.27,245.27,239.27,242.64,0.49,103126820.0,25064086710.35,243.04,20231208,0.4945598417408577,20231208.0
2023-12-11,TSLA,239.74,242.74,243.44,237.45,243.84,-1.68,97913875.0,23511784644.9,240.13,20231211,-1.681430446194223,20231211.0
2023-12-12,TSLA,237.01,238.55,238.99,233.87,239.74,-1.14,95328313.0,22474498211.74,235.76,20231212,-1.1387336280971128,20231212.0
2023-12-13,TSLA,239.29,234.19,240.3,228.2,237.01,0.96,146286380.0,34198727515.93,233.78,20231213,0.9619847263828536,20231213.0
2023-12-14,TSLA,251.05,241.22,253.88,240.79,239.29,4.91,160829250.0,40020573657.82,248.84,20231214,4.914538844080413,20231214.0
2023-12-15,TSLA,253.5,251.21,254.13,248.3,251.05,0.98,135932750.0,34255761209.63,252.01,20231215,0.9759012148974264,20231215.0
2023-12-18,TSLA,252.08,253.78,258.74,251.36,253.5,-0.56,116416500.0,29685766281.47,255.0,20231218,-0.5601577909270168,20231218.0
2023-12-19,TSLA,257.22,253.48,258.34,253.01,252.08,2.04,106737380.0,27348092464.9,256.22,20231219,2.0390352269120973,20231219.0
2023-12-20,TSLA,247.14,256.41,259.84,247.0,257.22,-3.92,125097000.0,31846269793.17,254.57,20231220,-3.918824352694207,20231220.0
2023-12-21,TSLA,254.5,251.9,254.8,248.55,247.14,2.98,109594250.0,27621587894.69,252.04,20231221,2.978069110625562,20231221.0
2023-12-22,TSLA,252.54,256.76,258.22,251.37,254.5,-0.77,93370125.0,23826197834.51,255.18,20231222,-0.7701375245579599,20231222.0
2023-12-26,TSLA,256.61,254.49,257.97,252.91,252.54,1.61,86892375.0,22278751371.8,256.39,20231226,1.6116258810485555,20231226.0
2023-12-27,TSLA,261.44,258.35,263.34,257.52,256.61,1.88,106494380.0,27877192529.23,261.77,20231227,1.8822337399165987,20231227.0
2023-12-28,TSLA,253.18,263.66,265.13,252.71,261.44,-3.16,113619940.0,29369728501.94,258.49,20231228,-3.1594247246022,20231228.0
2023-12-29,TSLA,248.48,255.1,255.19,247.43,253.18,-1.86,100891570.0,25256076746.29,250.33,20231229,-1.8563867604076216,20231229.0
2024-01-02,TSLA,248.42,250.08,251.25,244.41,248.48,-0.02,104654190.0,25989423858.68,248.34,20240102,-0.0241468126207349,20240102.0
2024-01-03,TSLA,238.45,244.98,245.68,236.32,248.42,-4.01,121082630.0,29030940884.48,239.76,20240103,-4.013364463408744,20240103.0
2024-01-04,TSLA,237.93,239.25,242.7,237.73,238.45,-0.22,102629320.0,24667932040.54,240.36,20240104,-0.2180750681484511,20240104.0
2024-01-05,TSLA,237.49,236.86,240.12,234.9,237.93,-0.18,92488938.0,22005912441.02,237.93,20240105,-0.1849283402681451,20240105.0
2024-01-08,TSLA,240.45,236.14,241.25,235.3,237.49,1.25,85166563.0,20321407082.66,238.61,20240108,1.2463682681375972,20240108.0
2024-01-09,TSLA,234.96,238.11,238.96,232.04,240.45,-2.28,96705688.0,22691757595.55,234.65,20240109,-2.283218964441664,20240109.0
2024-01-10,TSLA,233.94,235.1,235.5,231.29,234.96,-0.43,91628500.0,21392534299.84,233.47,20240110,-0.4341164453524047,20240110.0
2024-01-11,TSLA,227.22,230.57,230.93,225.37,233.94,-2.87,105873630.0,24082207511.07,227.46,20240111,-2.872531418312388,20240111.0
2024-01-12,TSLA,218.89,220.08,225.34,217.15,227.22,-3.67,123043820.0,27118058143.17,220.39,20240112,-3.666050523721509,20240112.0
2024-01-16,TSLA,219.91,215.1,223.49,212.18,218.89,0.47,115355070.0,25320149477.33,219.5,20240116,0.4659874822970489,20240116.0
2024-01-17,TSLA,215.55,214.86,215.67,212.01,219.91,-1.98,103164380.0,22060505956.19,213.84,20240117,-1.9826292574234845,20240117.0
2024-01-18,TSLA,211.88,216.88,217.45,208.74,215.55,-1.7,108595440.0,23042650308.67,212.19,20240118,-1.7026212015773676,20240118.0
2024-01-19,TSLA,212.19,209.99,213.19,207.56,211.88,0.15,102260320.0,21513087424.83,210.38,20240119,0.1463092316405523,20240119.0
2024-01-22,TSLA,208.8,212.26,217.8,206.27,212.19,-1.6,117952500.0,24848911632.0,210.67,20240122,-1.5976247702530686,20240122.0
2024-01-23,TSLA,209.14,211.3,215.65,207.75,208.8,0.16,106605940.0,22447406198.0,210.56,20240123,0.1628352490421336,20240123.0
2024-01-24,TSLA,207.83,211.88,212.73,206.77,209.14,-0.63,123369940.0,25902185100.68,209.96,20240124,-0.6263746772496768,20240124.0
2024-01-25,TSLA,182.63,189.7,193.0,180.06,207.83,-12.13,198076820.0,36623750364.49,184.9,20240125,-12.125294712024258,20240125.0
2024-01-26,TSLA,183.25,185.5,186.78,182.1,182.63,0.34,107343250.0,19747241044.81,183.96,20240126,0.3394842030334581,20240126.0
2024-01-29,TSLA,190.93,185.63,191.48,183.67,183.25,4.19,125013130.0,23507418959.95,188.04,20240129,4.190995907230563,20240129.0
2024-01-30,TSLA,191.59,195.33,196.36,190.61,190.93,0.35,109982320.0,21230163285.22,193.03,20240130,0.3456764259152551,20240130.0
2024-01-31,TSLA,187.29,187.0,193.97,185.85,191.59,-2.24,103221440.0,19598573267.86,189.87,20240131,-2.2443760112740807,20240131.0
2024-02-01,TSLA,188.86,188.5,189.88,184.28,187.29,0.84,91843250.0,17193405404.35,187.2,20240201,0.8382721981953236,20240201.0
2024-02-02,TSLA,187.91,185.04,188.69,182.0,188.86,-0.5,110612690.0,20463227082.17,185.0,20240202,-0.5030181086519205,20240202.0
2024-02-05,TSLA,181.06,184.26,184.68,175.01,187.91,-3.65,134294440.0,24159086296.02,179.9,20240205,-3.645362141450691,20240205.0
2024-02-06,TSLA,185.1,177.21,186.49,177.11,181.06,2.23,122675940.0,22509906371.35,183.49,20240206,2.23130453993151,20240206.0
2024-02-07,TSLA,187.58,188.18,189.79,182.68,185.1,1.34,111535190.0,20870821665.41,187.12,20240207,1.3398163155051424,20240207.0
2024-02-08,TSLA,189.56,189.0,191.62,185.58,187.58,1.06,83034063.0,15715451067.44,189.27,20240208,1.0555496321569409,20240208.0
2024-02-09,TSLA,193.57,190.18,194.12,189.48,189.56,2.12,84476375.0,16263493086.65,192.52,20240209,2.1154251951888536,20240209.0
2024-02-12,TSLA,188.13,192.11,194.73,187.28,193.57,-2.81,95498625.0,18195554523.35,190.53,20240212,-2.8103528439324266,20240212.0
2024-02-13,TSLA,184.02,183.99,187.26,182.11,188.13,-2.18,86759500.0,15980623590.35,184.19,20240213,-2.184659543932379,20240213.0
2024-02-14,TSLA,188.71,185.3,188.89,183.35,184.02,2.55,81203000.0,15112397999.2,186.11,20240214,2.548636017824148,20240214.0
2024-02-15,TSLA,200.45,189.16,200.88,188.86,188.71,6.22,120831750.0,23675918093.1,195.94,20240215,6.221185946690679,20240215.0
2024-02-16,TSLA,199.95,202.06,203.17,197.4,200.45,-0.25,111346690.0,22295461046.94,200.23,20240216,-0.2494387627837366,20240216.0
2024-02-20,TSLA,193.76,196.13,198.6,189.13,199.95,-3.1,104545750.0,20118931539.51,192.44,20240220,-3.09577394348587,20240220.0
2024-02-21,TSLA,194.77,193.36,199.44,191.95,193.76,0.52,103844000.0,20236474887.2,194.87,20240221,0.5212634186622725,20240221.0
2024-02-22,TSLA,197.41,194.0,198.32,191.36,194.77,1.36,92739438.0,18097824034.78,195.15,20240222,1.355444883708983,20240222.0
2024-02-23,TSLA,191.97,195.31,197.57,191.5,197.41,-2.76,78841938.0,15294042964.22,193.98,20240223,-2.755686135454129,20240223.0
2024-02-26,TSLA,199.4,192.29,201.78,192.0,191.97,3.87,111747130.0,22229153681.45,198.92,20240226,3.870396416106687,20240226.0
2024-02-27,TSLA,199.73,204.04,205.6,198.26,199.4,0.17,108645440.0,21884278232.95,201.43,20240227,0.1654964894683972,20240227.0
2024-02-28,TSLA,202.04,200.42,205.3,198.44,199.73,1.16,99806188.0,20218687661.95,202.58,20240228,1.1565613578330758,20240228.0
2024-02-29,TSLA,201.88,204.18,205.28,198.45,202.04,-0.08,85907000.0,17302176651.3,201.41,20240229,-0.0791922391605605,20240229.0
2024-03-01,TSLA,202.64,200.52,204.52,198.5,201.88,0.38,82243125.0,16578618483.38,201.58,20240301,0.3764612641172929,20240301.0
2024-03-04,TSLA,188.14,198.73,199.75,186.72,202.64,-7.16,134334880.0,25576729778.06,190.4,20240304,-7.155546782471378,20240304.0
2024-03-05,TSLA,180.74,183.05,184.59,177.57,188.14,-3.93,119660750.0,21613999385.08,180.63,20240305,-3.933241203359189,20240305.0
2024-03-06,TSLA,176.54,179.99,181.58,173.7,180.74,-2.32,107920940.0,19133400581.45,177.29,20240306,-2.323780015491876,20240306.0
2024-03-07,TSLA,178.65,174.35,180.04,173.7,176.54,1.2,102129000.0,18167513339.1,177.89,20240307,1.195196556021306,20240307.0
2024-03-08,TSLA,175.34,181.5,182.73,174.7,178.65,-1.85,85544625.0,15146848673.06,177.06,20240308,-1.8527847746991335,20240308.0
2024-03-11,TSLA,177.77,175.45,182.87,174.8,175.34,1.39,85391500.0,15284507230.86,178.99,20240311,1.3858788639215278,20240311.0
2024-03-12,TSLA,177.54,177.77,179.43,172.41,177.77,-0.13,87391688.0,15418691171.13,176.43,20240312,-0.1293806604039029,20240312.0
2024-03-13,TSLA,169.48,173.05,176.05,169.15,177.54,-4.54,106524500.0,18286080889.6,171.66,20240313,-4.539822011940973,20240313.0
2024-03-14,TSLA,162.5,167.77,171.17,160.51,169.48,-4.12,126325690.0,20729578323.95,164.1,20240314,-4.118480056643846,20240314.0
2024-03-15,TSLA,163.57,163.16,165.18,160.76,162.5,0.66,97146813.0,15821748667.94,162.86,20240315,0.6584615384615342,20240315.0
2024-03-18,TSLA,173.8,170.02,174.72,165.9,163.57,6.25,108214380.0,18585473478.98,171.75,20240318,6.254203093476811,20240318.0
2024-03-19,TSLA,171.32,172.36,172.82,167.42,173.8,-1.43,77271438.0,13198140107.42,170.8,20240319,-1.4269275028768802,20240319.0
2024-03-20,TSLA,175.66,173.0,176.25,170.82,171.32,2.53,83846750.0,14538187982.5,173.39,20240320,2.533271071678732,20240320.0
2024-03-21,TSLA,172.82,176.39,178.18,171.8,175.66,-1.62,73178000.0,12754713915.58,174.3,20240321,-1.616759649322557,20240321.0
2024-03-22,TSLA,170.83,166.69,171.2,166.3,172.82,-1.15,75580625.0,12799579599.56,169.35,20240322,-1.1514870964008683,20240322.0
2024-03-25,TSLA,172.63,168.76,175.24,168.73,170.83,1.05,74228625.0,12773157869.92,172.08,20240325,1.0536790961774762,20240325.0
2024-03-26,TSLA,177.67,178.58,184.25,177.38,172.63,2.92,113186250.0,20471691434.63,180.87,20240326,2.9195388982216257,20240326.0
2024-03-27,TSLA,179.83,181.41,181.91,176.0,177.67,1.22,81804063.0,14652646417.73,179.12,20240327,1.2157370405808663,20240327.0
2024-03-28,TSLA,175.79,177.45,179.57,175.3,179.83,-2.25,77654813.0,13728508969.98,176.79,20240328,-2.246566201412457,20240328.0
2024-04-01,TSLA,175.22,176.17,176.75,170.21,175.79,-0.32,81562125.0,14118274153.72,173.1,20240401,-0.3242505261960254,20240401.0
2024-04-02,TSLA,166.63,164.75,167.69,163.43,175.22,-4.9,116650630.0,19337606542.43,165.77,20240402,-4.902408400867483,20240402.0
2024-04-03,TSLA,168.38,164.02,168.82,163.28,166.63,1.05,82950125.0,13845495689.19,166.91,20240403,1.050231050831183,20240403.0
2024-04-04,TSLA,171.11,170.07,177.19,168.01,168.38,1.62,123161940.0,21295156356.8,172.9,20240404,1.621332699845598,20240404.0
2024-04-05,TSLA,164.9,169.08,170.86,160.51,171.11,-3.63,143157630.0,23789233481.01,166.18,20240405,-3.629244345742509,20240405.0
2024-04-08,TSLA,172.98,169.34,174.5,167.79,164.9,4.9,104423320.0,18024133341.25,172.61,20240408,4.899939357186164,20240408.0
2024-04-09,TSLA,176.88,172.91,179.22,171.92,172.98,2.25,103232690.0,18162120468.25,175.93,20240409,2.25459590704128,20240409.0
2024-04-10,TSLA,171.76,173.04,174.93,170.01,176.88,-2.89,84532438.0,14524837724.14,171.83,20240410,-2.894617819990957,20240410.0
2024-04-11,TSLA,174.6,172.55,175.88,168.51,171.76,1.65,94516000.0,16300957133.2,172.47,20240411,1.6534699580810457,20240411.0
2024-04-12,TSLA,171.05,172.34,173.81,170.36,174.6,-2.03,64722668.0,11120863047.79,171.82,20240412,-2.033218785796096,20240412.0
2024-04-15,TSLA,161.48,170.24,170.69,161.38,171.05,-5.59,100245320.0,16490476436.84,164.5,20240415,-5.59485530546625,20240415.0
2024-04-16,TSLA,157.11,156.74,158.19,153.75,161.48,-2.71,96999938.0,15165116776.83,156.34,20240416,-2.7062174882338224,20240416.0
2024-04-17,TSLA,155.45,157.64,158.33,153.78,157.11,-1.06,82439688.0,12856065389.13,155.95,20240417,-1.056584558589539,20240417.0
2024-04-18,TSLA,149.93,151.25,152.2,148.7,155.45,-3.55,96098813.0,14458701629.0,150.46,20240418,-3.550981022836914,20240418.0
2024-04-19,TSLA,147.05,148.97,150.94,146.22,149.93,-1.92,87074500.0,12950347447.15,148.73,20240419,-1.9208964183285504,20240419.0
2024-04-22,TSLA,142.05,140.56,144.44,138.8,147.05,-3.4,107097570.0,15175918444.63,141.7,20240422,-3.4002040122407338,20240422.0
2024-04-23,TSLA,144.68,143.33,147.26,141.11,142.05,1.85,124545130.0,18045407403.72,144.89,20240423,1.851460753255892,20240423.0
2024-04-24,TSLA,162.13,162.84,167.97,157.51,144.68,12.06,181178000.0,29342175691.6,161.95,20240424,12.06110035941387,20240424.0
2024-04-25,TSLA,170.18,158.96,170.88,158.36,162.13,4.97,126427500.0,20935168917.52,165.59,20240425,4.9651514216986445,20240425.0
2024-04-26,TSLA,168.29,168.85,172.12,166.37,170.18,-1.11,109815750.0,18576201656.93,169.16,20240426,-1.1105887883417644,20240426.0
2024-04-29,TSLA,194.05,188.42,198.87,184.54,168.29,15.31,243869690.0,46802839282.3,191.92,20240429,15.306910689880576,20240429.0
2024-04-30,TSLA,183.28,186.98,190.95,182.84,194.05,-5.55,127031820.0,23592096817.08,185.72,20240430,-5.550115949497557,20240430.0
2024-05-01,TSLA,179.99,182.0,185.86,179.01,183.28,-1.8,92829750.0,16869357285.4,181.72,20240501,-1.7950676560453909,20240501.0
2024-05-02,TSLA,180.01,182.86,184.6,176.02,179.99,0.01,89148063.0,16017428604.95,179.67,20240502,0.011111728429347,20240502.0
2024-05-03,TSLA,181.19,182.1,184.78,178.42,180.01,0.66,75491563.0,13683351587.22,181.26,20240503,0.6555191378256802,20240503.0
2024-05-06,TSLA,184.76,183.8,187.56,182.2,181.19,1.97,84390250.0,15571217188.5,184.51,20240506,1.9703074121088324,20240506.0
2024-05-07,TSLA,177.81,182.4,183.26,177.4,184.76,-3.76,75045875.0,13445834341.18,179.17,20240507,-3.761636717904302,20240507.0
2024-05-08,TSLA,174.72,171.59,176.06,170.15,177.81,-1.74,79969500.0,13904721603.05,173.88,20240508,-1.7378100219335266,20240508.0
2024-05-09,TSLA,171.97,175.01,175.62,171.37,174.72,-1.57,65950313.0,11410189617.23,173.01,20240509,-1.5739468864468864,20240509.0
2024-05-10,TSLA,168.47,173.05,173.06,167.75,171.97,-2.04,72627188.0,12303787170.79,169.41,20240510,-2.0352387044251903,20240510.0
2024-05-13,TSLA,171.89,170.0,175.4,169.0,168.47,2.03,67018875.0,11567826428.81,172.61,20240513,2.0300350210719937,20240513.0
2024-05-14,TSLA,177.55,174.5,179.49,174.07,171.89,3.29,86407438.0,15292543910.63,176.98,20240514,3.2928035371458635,20240514.0
2024-05-15,TSLA,173.99,179.9,180.0,173.11,177.55,-2.01,79663000.0,13913087982.53,174.65,20240515,-2.005068994649396,20240515.0
2024-05-16,TSLA,174.84,174.1,175.79,171.43,173.99,0.49,59812219.0,10421382575.59,174.24,20240516,0.4885338237829728,20240516.0
2024-05-17,TSLA,177.46,173.55,179.63,172.75,174.84,1.5,77445875.0,13700880819.42,176.91,20240517,1.498512926103869,20240517.0
2024-05-20,TSLA,174.95,177.56,177.75,173.52,177.46,-1.41,61727426.0,10785787463.55,174.73,20240520,-1.4144032458018816,20240520.0
2024-05-21,TSLA,186.6,175.51,186.88,174.71,174.95,6.66,115266500.0,20981431921.76,182.03,20240521,6.659045441554734,20240521.0
2024-05-22,TSLA,180.11,182.85,183.8,178.12,186.6,-3.48,88313500.0,15957958898.58,180.7,20240522,-3.4780278670953813,20240522.0
2024-05-23,TSLA,173.74,181.8,181.9,173.26,180.11,-3.54,71975500.0,12682838842.75,176.21,20240523,-3.536727555382824,20240523.0
2024-05-24,TSLA,179.24,174.84,180.08,173.73,173.74,3.17,65584500.0,11678959837.5,178.07,20240524,3.1656498215724644,20240524.0
2024-05-28,TSLA,176.75,176.4,178.25,173.16,179.24,-1.39,59736622.0,10494273482.85,175.68,20240528,-1.3891988395447494,20240528.0
2024-05-29,TSLA,176.19,174.19,178.15,173.93,176.75,-0.32,54782649.0,9655234260.01,176.25,20240529,-0.3168316831683181,20240529.0
2024-05-30,TSLA,178.79,178.57,182.67,175.38,176.19,1.48,77784750.0,13913965731.4,178.88,20240530,1.4756796639990888,20240530.0
2024-05-31,TSLA,178.08,178.5,180.32,173.82,178.79,-0.4,67314625.0,11904713270.72,176.85,20240531,-0.3971139325465516,20240531.0
2024-06-03,TSLA,176.29,178.13,182.64,174.49,178.08,-1.01,68568938.0,12229620479.57,178.36,20240603,-1.00516621743038,20240603.0
2024-06-04,TSLA,174.77,174.78,177.76,174.0,176.29,-0.86,60056340.0,10547509420.11,175.63,20240604,-0.8622156673662612,20240604.0
2024-06-05,TSLA,175.0,175.35,176.15,172.13,174.77,0.13,57953758.0,10108353003.66,174.42,20240605,0.131601533443949,20240605.0
2024-06-06,TSLA,177.94,174.6,179.73,172.73,175.0,1.68,69887000.0,12323769448.37,176.34,20240606,1.6799999999999988,20240606.0
2024-06-07,TSLA,177.48,176.13,179.35,175.58,177.94,-0.26,56244934.0,9996665222.02,177.73,20240607,-0.2585141058783904,20240607.0
2024-06-10,TSLA,173.79,176.06,178.57,173.17,177.48,-2.08,50869684.0,8923743098.14,175.42,20240610,-2.0791075050709926,20240610.0
2024-06-11,TSLA,170.66,173.92,174.75,167.41,173.79,-1.8,64761930.0,10971674751.92,169.42,20240611,-1.8010242246389294,20240611.0
2024-06-12,TSLA,177.29,171.12,180.55,169.8,170.66,3.88,90389438.0,16009163514.28,177.11,20240612,3.884917379585137,20240612.0
2024-06-13,TSLA,182.47,188.39,191.08,181.23,177.29,2.92,118984130.0,22055588444.75,185.37,20240613,2.9217665971008,20240613.0
2024-06-14,TSLA,178.01,185.8,186.0,176.92,182.47,-2.44,82038188.0,14734313703.56,179.6,20240614,-2.444237408889137,20240614.0
2024-06-17,TSLA,187.44,177.92,188.81,177.0,178.01,5.3,109786070.0,20338199923.57,185.25,20240617,5.297455199146119,20240617.0
2024-06-18,TSLA,184.86,186.56,187.2,182.37,187.44,-1.38,68982250.0,12711786897.45,184.28,20240618,-1.3764404609474947,20240618.0
2024-06-20,TSLA,181.57,184.68,185.21,179.66,184.86,-1.78,55893141.0,10169690492.11,181.95,20240620,-1.7797251974467274,20240620.0
2024-06-21,TSLA,183.01,182.3,183.95,180.69,181.57,0.79,63029481.0,11491610611.3,182.32,20240621,0.7930825576912474,20240621.0
2024-06-24,TSLA,182.58,184.97,188.8,182.55,183.01,-0.23,61992071.0,11472395860.94,185.06,20240624,-0.2349598382601926,20240624.0
2024-06-25,TSLA,187.35,184.4,187.97,182.01,182.58,2.61,63678266.0,11837210177.18,185.89,20240625,2.612553401248757,20240625.0
2024-06-26,TSLA,196.37,186.54,197.76,186.36,187.35,4.81,95737063.0,18572980648.29,194.0,20240626,4.814518281291705,20240626.0
2024-06-27,TSLA,197.42,195.17,198.72,194.05,196.37,0.53,72746500.0,14274521920.2,196.22,20240627,0.5347048938228767,20240627.0
2024-06-28,TSLA,197.88,199.55,203.2,195.26,197.42,0.23,95438063.0,19027162130.9,199.37,20240628,0.233005774490937,20240628.0
2024-07-01,TSLA,209.86,201.02,213.23,200.85,197.88,6.05,135691380.0,28386216052.72,209.2,20240701,6.054174247018404,20240701.0
2024-07-02,TSLA,231.26,218.89,231.3,218.06,209.86,10.2,205047940.0,46578917653.61,227.16,20240702,10.197274373391776,20240702.0
2024-07-03,TSLA,246.39,234.56,248.35,234.25,231.26,6.54,166561500.0,40412017249.8,242.63,20240703,6.542419787252442,20240703.0
2024-07-05,TSLA,251.52,249.81,252.37,242.46,246.39,2.08,154501130.0,38308138030.45,247.95,20240705,2.082065018872529,20240705.0
2024-07-08,TSLA,252.94,247.71,259.44,244.57,251.52,0.56,157219570.0,39730817609.28,252.71,20240708,0.5645674300254403,20240708.0
2024-07-09,TSLA,262.33,251.0,265.61,250.3,252.94,3.71,160742500.0,41836572639.3,260.27,20240709,3.712342848106265,20240709.0
2024-07-10,TSLA,263.26,262.8,267.59,257.86,262.33,0.35,128519440.0,33856306619.32,263.43,20240710,0.3545153051500045,20240710.0
2024-07-11,TSLA,241.03,263.3,271.0,239.65,263.26,-8.44,221707250.0,56088342592.55,252.98,20240711,-8.44412368001215,20240711.0
2024-07-12,TSLA,248.23,235.8,251.84,233.09,241.03,2.99,155955750.0,38540956167.68,247.13,20240712,2.9871800190847564,20240712.0
2024-07-15,TSLA,252.64,255.97,265.6,251.73,248.23,1.78,146912940.0,38123837411.79,259.5,20240715,1.7765781734681532,20240715.0
2024-07-16,TSLA,256.56,255.31,258.62,245.8,252.64,1.55,126332500.0,31957650329.5,252.96,20240716,1.5516149461684674,20240716.0
2024-07-17,TSLA,248.5,252.73,258.47,246.18,256.56,-3.14,115584820.0,28982269456.97,250.74,20240717,-3.1415653258497045,20240717.0
2024-07-18,TSLA,249.23,251.09,257.14,247.2,248.5,0.29,110869070.0,27975028109.53,252.32,20240718,0.2937625754527121,20240718.0
2024-07-19,TSLA,239.2,247.79,249.44,236.83,249.23,-4.02,87403875.0,21111383380.91,241.54,20240719,-4.024395137022029,20240719.0
2024-07-22,TSLA,251.51,244.21,253.21,243.75,239.2,5.15,101225440.0,25264959807.29,249.59,20240722,5.146321070234115,20240722.0
2024-07-23,TSLA,246.38,253.6,255.76,245.63,251.51,-2.04,111928190.0,27850654997.76,248.83,20240723,-2.0396803308019544,20240723.0
2024-07-24,TSLA,215.99,225.42,225.99,214.71,246.38,-12.33,167942940.0,36788137806.55,219.05,20240724,-12.33460508158129,20240724.0
2024-07-25,TSLA,220.25,216.8,226.0,216.23,215.99,1.97,100636440.0,22381243353.04,222.4,20240725,1.9723135330339323,20240725.0
2024-07-26,TSLA,219.8,221.19,222.28,215.33,220.25,-0.2,94604125.0,20722779096.15,219.05,20240726,-0.2043132803632184,20240726.0
2024-07-29,TSLA,232.1,224.9,234.27,224.7,219.8,5.6,129201820.0,29840673282.31,230.96,20240729,5.595996360327563,20240729.0
2024-07-30,TSLA,222.62,232.25,232.41,220.0,232.1,-4.08,100560320.0,22665563043.27,225.39,20240730,-4.084446359327871,20240730.0
2024-07-31,TSLA,232.07,227.9,234.68,226.79,222.62,4.24,67497000.0,15629039020.17,231.55,20240731,4.244901626089296,20240731.0
2024-08-01,TSLA,216.86,227.69,231.87,214.33,232.07,-6.55,83861875.0,18613344424.75,221.95,20240801,-6.554056965570725,20240801.0
2024-08-02,TSLA,207.67,214.88,216.13,205.78,216.86,-4.24,82880125.0,17384314247.86,209.75,20240802,-4.237757078299376,20240802.0
2024-08-05,TSLA,198.88,185.22,203.88,182.0,207.67,-4.23,100308820.0,19770327757.46,197.09,20240805,-4.232676843068326,20240805.0
2024-08-06,TSLA,200.64,200.75,202.9,192.67,198.88,0.88,73783938.0,14666121896.99,198.77,20240806,0.8849557522123849,20240806.0
2024-08-07,TSLA,191.76,200.77,203.49,191.48,200.64,-4.43,71159750.0,14001556077.43,196.76,20240807,-4.425837320574161,20240807.0
2024-08-08,TSLA,198.84,195.7,200.7,192.04,191.76,3.69,65033875.0,12843683698.61,197.49,20240808,3.69211514392992,20240808.0
2024-08-09,TSLA,200.0,197.05,200.88,195.11,198.84,0.58,58648274.0,11631794876.49,198.33,20240809,0.5833836250251442,20240809.0
2024-08-12,TSLA,197.49,199.02,199.26,194.67,200.0,-1.25,64044903.0,12625390121.51,197.13,20240812,-1.2549999999999957,20240812.0
2024-08-13,TSLA,207.83,198.47,208.49,197.06,197.49,5.24,76247375.0,15645724983.14,205.2,20240813,5.235708137120868,20240813.0
2024-08-14,TSLA,201.38,207.39,208.44,198.75,207.83,-3.1,70250000.0,14171245177.5,201.73,20240814,-3.103498051291929,20240814.0
2024-08-15,TSLA,214.14,205.02,215.88,204.82,201.38,6.34,89848500.0,19146158289.3,213.09,20240815,6.336279670275097,20240815.0
2024-08-16,TSLA,216.12,211.15,219.8,210.8,214.14,0.92,88765125.0,19211472397.45,216.43,20240816,0.9246287475483412,20240816.0
2024-08-19,TSLA,222.72,217.07,222.98,214.09,216.12,3.05,76435250.0,16823505534.35,220.1,20240819,3.0538589672404197,20240819.0
2024-08-20,TSLA,221.1,224.88,228.22,219.56,222.72,-0.73,74001188.0,16486465670.36,222.79,20240820,-0.7273706896551745,20240820.0
2024-08-21,TSLA,223.27,222.67,224.66,218.86,221.1,0.98,70145938.0,15568610355.35,221.95,20240821,0.98145635459069,20240821.0
2024-08-22,TSLA,210.66,223.82,224.8,210.32,223.27,-5.65,79514500.0,17247880611.19,216.91,20240822,-5.647870291575228,20240822.0
2024-08-23,TSLA,220.32,214.46,221.48,214.21,210.66,4.59,81525188.0,17809087640.89,218.45,20240823,4.5855881515237815,20240823.0
2024-08-26,TSLA,213.21,218.75,219.09,211.01,220.32,-3.23,59301188.0,12680183266.24,213.83,20240826,-3.2271241830065294,20240826.0
2024-08-27,TSLA,209.21,213.25,215.66,206.94,213.21,-1.88,62821391.0,13185726874.4,209.89,20240827,-1.8760846114159748,20240827.0
2024-08-28,TSLA,205.75,209.72,211.84,202.59,209.21,-1.65,64116352.0,13204551751.6,205.95,20240828,-1.6538406385928053,20240828.0
2024-08-29,TSLA,206.28,209.8,214.89,205.97,205.75,0.26,62308817.0,13115495669.29,210.49,20240829,0.2575941676792229,20240829.0
2024-08-30,TSLA,214.11,208.63,214.57,207.03,206.28,3.8,63370610.0,13341985492.5,210.54,20240830,3.7958115183246135,20240830.0
2024-09-03,TSLA,210.6,215.26,219.9,209.64,214.11,-1.64,76714250.0,16442640830.85,214.34,20240903,-1.639344262295091,20240903.0
2024-09-04,TSLA,219.41,210.59,222.22,210.57,210.6,4.18,80651750.0,17637215036.3,218.68,20240904,4.183285849952518,20240904.0
2024-09-05,TSLA,230.17,223.49,235.0,222.25,219.41,4.9,119355000.0,27412037269.05,229.67,20240905,4.904060890570161,20240905.0
2024-09-06,TSLA,210.73,232.6,233.6,210.51,230.17,-8.45,112177000.0,24510394057.5,218.5,20240906,-8.445931268193075,20240906.0
2024-09-09,TSLA,216.27,216.2,219.87,213.67,210.73,2.63,67443500.0,14634012028.3,216.98,20240909,2.628956484601158,20240909.0
2024-09-10,TSLA,226.17,220.07,226.4,218.64,216.27,4.58,78891125.0,17585163894.14,222.9,20240910,4.577611319184342,20240910.0
2024-09-11,TSLA,228.13,224.55,228.47,216.8,226.17,0.87,83548625.0,18602310227.81,222.65,20240911,0.8666047663262184,20240911.0
2024-09-12,TSLA,229.81,224.66,231.45,223.83,228.13,0.74,72020063.0,16492551935.16,229.0,20240912,0.736422215403501,20240912.0
2024-09-13,TSLA,230.29,228.0,232.67,226.32,229.81,0.21,59515114.0,13665925943.31,229.62,20240913,0.2088681954658151,20240913.0
2024-09-16,TSLA,226.78,229.3,229.96,223.53,230.29,-1.52,54322997.0,12335536326.8,227.08,20240916,-1.5241651830300886,20240916.0
2024-09-17,TSLA,227.87,229.45,234.57,226.55,226.78,0.48,66761625.0,15400725206.74,230.68,20240917,0.4806420319252154,20240917.0
2024-09-18,TSLA,227.2,230.09,235.68,226.88,227.87,-0.29,78010188.0,17951486814.14,230.12,20240918,-0.2940272962654215,20240918.0
2024-09-19,TSLA,243.92,234.0,244.24,232.13,227.2,7.36,102694570.0,24720340103.09,240.72,20240919,7.359154929577465,20240919.0
2024-09-20,TSLA,238.25,241.52,243.99,235.92,243.92,-2.32,99879063.0,23882313474.57,239.11,20240920,-2.324532633650372,20240920.0
2024-09-23,TSLA,250.0,242.61,250.0,241.92,238.25,4.93,86927188.0,21561924758.48,248.05,20240923,4.931794333683106,20240923.0
2024-09-24,TSLA,254.27,254.08,257.19,249.05,250.0,1.71,88491000.0,22414425185.1,253.3,20240924,1.708000000000004,20240924.0
2024-09-25,TSLA,257.02,252.54,257.05,252.28,254.27,1.08,65034317.0,16607364795.5,255.36,20240925,1.0815275101270192,20240925.0
2024-09-26,TSLA,254.22,260.6,261.75,251.53,257.02,-1.09,67142188.0,17171910006.63,255.75,20240926,-1.0894093844836912,20240926.0
2024-09-27,TSLA,260.46,257.38,260.7,254.12,254.22,2.45,70988063.0,18329062495.91,258.2,20240927,2.45456691054991,20240927.0
2024-09-30,TSLA,261.63,259.04,264.86,255.77,260.46,0.45,80873375.0,21032882590.86,260.07,20240930,0.4492052522460324,20240930.0
2024-10-01,TSLA,258.02,262.67,263.98,248.53,261.63,-1.38,87397625.0,22297975434.29,255.13,20241001,-1.3798111837327576,20241001.0
2024-10-02,TSLA,249.02,247.55,251.16,241.5,258.02,-3.49,93983938.0,23229229888.77,247.16,20241002,-3.4881016975428154,20241002.0
2024-10-03,TSLA,240.66,244.48,249.79,237.81,249.02,-3.36,80729250.0,19613834074.64,242.96,20241003,-3.357160067464466,20241003.0
2024-10-04,TSLA,250.08,246.69,250.96,244.58,240.66,3.91,86726313.0,21526329477.1,248.21,20241004,3.914235851408633,20241004.0
2024-10-07,TSLA,240.83,249.0,249.83,240.7,250.08,-3.7,68113250.0,16638814372.33,244.28,20241007,-3.698816378758797,20241007.0
2024-10-08,TSLA,244.5,243.56,246.21,240.56,240.83,1.52,56303161.0,13747509602.51,244.17,20241008,1.5238965245193652,20241008.0
2024-10-09,TSLA,241.05,243.82,247.43,239.51,244.5,-1.41,66289500.0,16142196581.6,243.51,20241009,-1.4110429447852717,20241009.0
2024-10-10,TSLA,238.77,241.81,242.79,232.34,241.05,-0.95,83087063.0,19849092224.09,238.9,20241010,-0.945861854387057,20241010.0
2024-10-11,TSLA,217.8,220.13,223.34,214.38,238.77,-8.78,142628880.0,31275118816.66,219.28,20241011,-8.782510365623821,20241011.0
2024-10-14,TSLA,219.16,220.13,221.91,213.74,217.8,0.62,86291938.0,18846702898.41,218.41,20241014,0.6244260789715267,20241014.0
2024-10-15,TSLA,219.57,220.01,224.26,217.12,219.16,0.19,62988786.0,13894116806.91,220.58,20241015,0.1870779339295476,20241015.0
2024-10-16,TSLA,221.33,221.4,222.82,218.93,219.57,0.8,49632825.0,10962486929.88,220.87,20241016,0.8015666985471691,20241016.0
2024-10-17,TSLA,220.89,221.59,222.08,217.9,221.33,-0.2,50791786.0,11177174905.76,220.06,20241017,-0.1987981746713171,20241017.0
2024-10-18,TSLA,220.7,220.71,222.28,219.23,220.89,-0.09,49611868.0,10966142807.29,221.04,20241018,-0.0860156639051101,20241018.0
2024-10-21,TSLA,218.85,218.9,220.48,215.73,220.7,-0.84,47328989.0,10332836481.09,218.32,20241021,-0.838241957408244,20241021.0
2024-10-22,TSLA,217.97,217.31,218.22,215.26,218.85,-0.4,43268743.0,9383584122.55,216.87,20241022,-0.4021018962759861,20241022.0
2024-10-23,TSLA,213.65,217.13,218.72,212.11,217.97,-1.98,80938875.0,17396047523.16,214.93,20241023,-1.9819241179978864,20241023.0
2024-10-24,TSLA,260.48,244.68,262.12,242.65,213.65,21.92,204491880.0,51867015750.3,253.64,20241024,21.91902644512053,20241024.0
2024-10-25,TSLA,269.19,256.01,269.49,255.32,260.48,3.34,161611940.0,43001520757.59,266.08,20241025,3.343826781326773,20241025.0
2024-10-28,TSLA,262.51,270.0,273.54,262.24,269.19,-2.48,107653630.0,28894460364.62,268.4,20241028,-2.4815186299639684,20241028.0
2024-10-29,TSLA,259.52,264.51,264.98,255.51,262.51,-1.14,80521750.0,20894470540.53,259.49,20241029,-1.1390042284103497,20241029.0
2024-10-30,TSLA,257.55,258.03,263.35,255.82,259.52,-0.76,53993575.0,14064166505.51,260.48,20241030,-0.759093711467313,20241030.0
2024-10-31,TSLA,249.85,257.99,259.75,249.25,257.55,-2.99,66575313.0,16818362090.56,252.62,20241031,-2.9897107357794668,20241031.0
2024-11-01,TSLA,248.98,252.04,254.0,246.63,249.85,-0.35,57544758.0,14386131955.24,250.0,20241101,-0.3482089253552149,20241101.0
2024-11-04,TSLA,242.84,244.56,248.9,238.88,248.98,-2.47,68802375.0,16802152316.14,244.21,20241104,-2.466061531046665,20241104.0
2024-11-05,TSLA,251.44,247.34,255.28,246.21,242.84,3.54,69282500.0,17476157977.08,252.24,20241105,3.5414264536320186,20241105.0
2024-11-06,TSLA,288.53,284.67,289.59,275.62,251.44,14.75,165228690.0,47133985384.87,285.27,20241106,14.751034043907085,20241106.0
2024-11-07,TSLA,296.91,288.89,299.75,285.52,288.53,2.9,117309250.0,34678974562.11,295.62,20241107,2.904377361106316,20241107.0
2024-11-08,TSLA,321.22,299.14,328.71,297.66,296.91,8.19,204782750.0,64846188201.74,316.66,20241108,8.187666296184029,20241108.0
2024-11-11,TSLA,350.0,346.3,358.64,336.0,321.22,8.96,210521630.0,72928938853.28,346.42,20241111,8.959591557188212,20241111.0
2024-11-12,TSLA,328.49,342.74,345.84,323.31,350.0,-6.15,155726000.0,52077306504.76,334.42,20241112,-6.145714285714283,20241112.0
2024-11-13,TSLA,330.24,335.85,344.6,322.5,328.49,0.53,125405630.0,41557944741.51,331.39,20241113,0.5327407227008432,20241113.0
2024-11-14,TSLA,311.18,327.69,329.98,310.37,330.24,-5.77,120726130.0,38340096919.14,317.58,20241114,-5.77156007751938,20241114.0
2024-11-15,TSLA,320.72,310.57,324.68,309.22,311.18,3.07,114440320.0,36429210286.39,318.32,20241115,3.065749726846205,20241115.0
2024-11-18,TSLA,338.74,340.73,348.55,330.01,320.72,5.62,126547440.0,43074759250.24,340.38,20241118,5.6186081317036605,20241118.0
2024-11-19,TSLA,346.0,335.76,347.38,332.75,338.74,2.14,88852438.0,30464889617.05,342.87,20241119,2.143236700714409,20241119.0
2024-11-20,TSLA,342.03,345.0,346.6,334.3,346.0,-1.15,66340625.0,22529688225.28,339.61,20241120,-1.1473988439306435,20241120.0
2024-11-21,TSLA,339.64,343.81,347.99,335.28,342.03,-0.7,58011719.0,19833167736.21,341.88,20241121,-0.6987691138204212,20241121.0
2024-11-22,TSLA,352.56,341.08,361.53,337.7,339.64,3.8,89140750.0,31218740645.28,350.22,20241122,3.804027794134971,20241122.0
2024-11-25,TSLA,338.59,360.14,361.93,338.2,352.56,-3.96,95890875.0,33517419322.87,349.54,20241125,-3.962446108463815,20241125.0
2024-11-26,TSLA,338.23,341.0,346.96,335.66,338.59,-0.11,62295856.0,21274247875.83,341.5,20241126,-0.1063232818452868,20241126.0
2024-11-27,TSLA,332.89,341.8,342.55,326.59,338.23,-1.58,57896438.0,19278199604.86,332.98,20241127,-1.5788073204624165,20241127.0
2024-11-29,TSLA,345.16,336.08,345.45,334.65,332.89,3.69,37167622.0,12645167613.49,340.22,20241129,3.685902249992502,20241129.0
2024-12-02,TSLA,357.09,352.38,360.0,351.15,345.16,3.46,77986500.0,27760529201.29,355.97,20241202,3.456368061188999,20241202.0
2024-12-03,TSLA,351.42,351.8,355.69,348.2,357.09,-1.59,58267196.0,20450534216.63,350.98,20241203,-1.5878349995799266,20241203.0
2024-12-04,TSLA,357.93,353.0,358.1,348.6,351.42,1.85,50810875.0,17933795380.02,352.95,20241204,1.8524842069318737,20241204.0
2024-12-05,TSLA,369.49,359.87,375.43,359.5,357.93,3.23,81403563.0,30146605598.35,370.34,20241205,3.2296817813538965,20241205.0
2024-12-06,TSLA,389.22,377.42,389.49,370.8,369.49,5.34,81455813.0,30816408789.42,378.32,20241206,5.33979268721752,20241206.0
2024-12-09,TSLA,389.79,397.61,404.8,378.01,389.22,0.15,96359188.0,37471515422.88,388.87,20241209,0.1464467396331106,20241209.0
2024-12-10,TSLA,400.99,392.68,409.73,390.85,389.79,2.87,97563563.0,39356369586.42,403.39,20241210,2.873342055978857,20241210.0
2024-12-11,TSLA,424.77,409.7,424.88,402.38,400.99,5.93,104287570.0,43240947038.23,414.63,20241211,5.930322451931462,20241211.0
2024-12-12,TSLA,418.1,424.84,429.3,415.0,424.77,-1.57,87752250.0,37005548545.89,421.7,20241212,-1.5702615533111943,20241212.0
2024-12-13,TSLA,436.23,420.0,436.3,415.71,418.1,4.34,89000188.0,38116090934.72,428.27,20241213,4.336283185840706,20241213.0
2024-12-16,TSLA,463.02,441.09,463.19,436.15,436.23,6.14,114083820.0,51671197414.24,452.92,20241216,6.141255759576362,20241216.0
2024-12-17,TSLA,479.86,475.9,483.99,457.51,463.02,3.64,131223000.0,62158407434.13,473.69,20241217,3.636991922595143,20241217.0
2024-12-18,TSLA,440.13,466.5,488.54,427.01,479.86,-8.28,149340820.0,69061488390.15,462.44,20241218,-8.279498186971203,20241218.0
2024-12-19,TSLA,436.17,451.88,456.36,420.02,440.13,-0.9,118566130.0,51904813296.23,437.77,20241219,-0.8997341694499306,20241219.0
2024-12-20,TSLA,421.06,425.5,447.08,417.64,436.17,-3.46,132216190.0,57159519480.3,432.32,20241220,-3.464245592314926,20241220.0
2024-12-23,TSLA,430.6,431.0,434.51,415.41,421.06,2.27,72698063.0,31157793677.68,428.59,20241223,2.2657103500688787,20241223.0
2024-12-24,TSLA,462.28,435.9,462.78,435.14,430.6,7.36,59551750.0,26883268442.77,451.43,20241224,7.357176033441696,20241224.0
2024-12-26,TSLA,454.13,465.16,465.33,451.02,462.28,-1.76,76651188.0,34992783482.5,456.52,20241226,-1.7630007787488051,20241226.0
2024-12-27,TSLA,431.66,449.52,450.0,426.5,454.13,-4.95,82666813.0,35929204960.38,434.63,20241227,-4.947922401074576,20241227.0
2024-12-30,TSLA,417.41,419.4,427.0,415.75,431.66,-3.3,64941012.0,27328925412.23,420.83,20241230,-3.301209285085484,20241230.0
2024-12-31,TSLA,403.84,423.79,427.93,402.54,417.41,-3.25,76825125.0,31738829960.86,413.13,20241231,-3.251000215615354,20241231.0
